actual_player,predicted_player,top_3_predictions,top_3_correct,top_5_predictions,top_5_correct,top_7_predictions,top_7_correct,top_10_predictions,top_10_correct
Troy Murphy,Troy Murphy,"['Roy Hibbert', 'Tyler Hansbrough', 'Troy Murphy']",True,"['Mike Dunleavy', 'Stephen Jackson', 'Roy Hibbert', 'Tyler Hansbrough', 'Troy Murphy']",True,"['Solomon Hill', 'Shawne Williams', 'Mike Dunleavy', 'Stephen Jackson', 'Roy Hibbert', 'Tyler Hansbrough', 'Troy Murphy']",True,"['Sarunas Jasikevicius', 'T.J. Ford', 'Danny Granger', 'Solomon Hill', 'Shawne Williams', 'Mike Dunleavy', 'Stephen Jackson', 'Roy Hibbert', 'Tyler Hansbrough', 'Troy Murphy']",True
Chuck Hayes,Shane Battier,"['Luis Scola', 'Chuck Hayes', 'Shane Battier']",True,"['Kyle Lowry', 'Rafer Alston', 'Luis Scola', 'Chuck Hayes', 'Shane Battier']",True,"['James Harden', 'Luther Head', 'Kyle Lowry', 'Rafer Alston', 'Luis Scola', 'Chuck Hayes', 'Shane Battier']",True,"['Carl Landry', 'Kevin Martin', 'Juwan Howard', 'James Harden', 'Luther Head', 'Kyle Lowry', 'Rafer Alston', 'Luis Scola', 'Chuck Hayes', 'Shane Battier']",True
Brent Barry,Manu Ginobili,"['Bruce Bowen', 'George Hill', 'Manu Ginobili']",False,"['Matt Bonner', 'Brent Barry', 'Bruce Bowen', 'George Hill', 'Manu Ginobili']",True,"['Gary Neal', 'Fabricio Oberto', 'Matt Bonner', 'Brent Barry', 'Bruce Bowen', 'George Hill', 'Manu Ginobili']",True,"['Michael Finley', 'Danny Green', 'Ime Udoka', 'Gary Neal', 'Fabricio Oberto', 'Matt Bonner', 'Brent Barry', 'Bruce Bowen', 'George Hill', 'Manu Ginobili']",True
Craig Smith,Kevin Garnett,"['Al Jefferson', 'Craig Smith', 'Kevin Garnett']",True,"['Al Horford', 'Corey Brewer', 'Al Jefferson', 'Craig Smith', 'Kevin Garnett']",True,"['Andre Iguodala', 'Kevin Love', 'Al Horford', 'Corey Brewer', 'Al Jefferson', 'Craig Smith', 'Kevin Garnett']",True,"['Dwight Howard', 'Anthony Tolliver', 'Joe Johnson', 'Andre Iguodala', 'Kevin Love', 'Al Horford', 'Corey Brewer', 'Al Jefferson', 'Craig Smith', 'Kevin Garnett']",True
Stromile Swift,Rudy Gay,"['Tarence Kinsey', 'Stromile Swift', 'Rudy Gay']",True,"['Mike Miller', 'Zach Randolph', 'Tarence Kinsey', 'Stromile Swift', 'Rudy Gay']",True,"['Mike Conley', 'Pau Gasol', 'Mike Miller', 'Zach Randolph', 'Tarence Kinsey', 'Stromile Swift', 'Rudy Gay']",True,"['Tony Allen', 'O.J. Mayo', 'Hakim Warrick', 'Mike Conley', 'Pau Gasol', 'Mike Miller', 'Zach Randolph', 'Tarence Kinsey', 'Stromile Swift', 'Rudy Gay']",True
Charlie Bell,Michael Redd,"['Charlie Bell', 'Ersan Ilyasova', 'Michael Redd']",True,"['Andrew Bogut', 'Mo Williams', 'Charlie Bell', 'Ersan Ilyasova', 'Michael Redd']",True,"['Charlie Villanueva', 'Brandon Jennings', 'Andrew Bogut', 'Mo Williams', 'Charlie Bell', 'Ersan Ilyasova', 'Michael Redd']",True,"['Joe Johnson', 'John Salmons', 'Luc Mbah a Moute', 'Charlie Villanueva', 'Brandon Jennings', 'Andrew Bogut', 'Mo Williams', 'Charlie Bell', 'Ersan Ilyasova', 'Michael Redd']",True
Dwyane Wade,Dwyane Wade,"['Dorell Wright', 'James Posey', 'Dwyane Wade']",True,"['Mario Chalmers', 'LeBron James', 'Dorell Wright', 'James Posey', 'Dwyane Wade']",True,"['Gary Payton', 'Antoine Walker', 'Mario Chalmers', 'LeBron James', 'Dorell Wright', 'James Posey', 'Dwyane Wade']",True,"['Udonis Haslem', 'Daequan Cook', 'Joel Anthony', 'Gary Payton', 'Antoine Walker', 'Mario Chalmers', 'LeBron James', 'Dorell Wright', 'James Posey', 'Dwyane Wade']",True
Anderson Varejao,Anderson Varejao,"['Daniel Gibson', 'Alonzo Gee', 'Anderson Varejao']",True,"['Drew Gooden', 'Ben Wallace', 'Daniel Gibson', 'Alonzo Gee', 'Anderson Varejao']",True,"['Damon Jones', 'LeBron James', 'Drew Gooden', 'Ben Wallace', 'Daniel Gibson', 'Alonzo Gee', 'Anderson Varejao']",True,"['Kyrie Irving', 'Antawn Jamison', 'Dion Waiters', 'Damon Jones', 'LeBron James', 'Drew Gooden', 'Ben Wallace', 'Daniel Gibson', 'Alonzo Gee', 'Anderson Varejao']",True
Mickael Pietrus,Monta Ellis,"['Stephen Curry', 'Klay Thompson', 'Monta Ellis']",False,"['Matt Barnes', 'Mickael Pietrus', 'Stephen Curry', 'Klay Thompson', 'Monta Ellis']",True,"['David Lee', 'Kelenna Azubuike', 'Matt Barnes', 'Mickael Pietrus', 'Stephen Curry', 'Klay Thompson', 'Monta Ellis']",True,"['Harrison Barnes', 'Mike Dunleavy', 'Marreese Speights', 'David Lee', 'Kelenna Azubuike', 'Matt Barnes', 'Mickael Pietrus', 'Stephen Curry', 'Klay Thompson', 'Monta Ellis']",True
Yakhouba Diawara,Ty Lawson,"['Yakhouba Diawara', 'Nene Hilario', 'Ty Lawson']",True,"['Marcus Camby', 'Wilson Chandler', 'Yakhouba Diawara', 'Nene Hilario', 'Ty Lawson']",True,"['J.R. Smith', 'Carmelo Anthony', 'Marcus Camby', 'Wilson Chandler', 'Yakhouba Diawara', 'Nene Hilario', 'Ty Lawson']",True,"['Linas Kleiza', 'Kenyon Martin', 'Steve Blake', 'J.R. Smith', 'Carmelo Anthony', 'Marcus Camby', 'Wilson Chandler', 'Yakhouba Diawara', 'Nene Hilario', 'Ty Lawson']",True
Damon Stoudamire,Mike Conley,"['Marc Gasol', 'Hakim Warrick', 'Mike Conley']",False,"['Dahntay Jones', 'Greivis Vasquez', 'Marc Gasol', 'Hakim Warrick', 'Mike Conley']",False,"['Rudy Gay', 'Jerryd Bayless', 'Dahntay Jones', 'Greivis Vasquez', 'Marc Gasol', 'Hakim Warrick', 'Mike Conley']",False,"['Chucky Atkins', 'Mike Miller', 'Damon Stoudamire', 'Rudy Gay', 'Jerryd Bayless', 'Dahntay Jones', 'Greivis Vasquez', 'Marc Gasol', 'Hakim Warrick', 'Mike Conley']",True
Carlos Boozer,Deron Williams,"['Mehmet Okur', 'Carlos Boozer', 'Deron Williams']",True,"['Paul Millsap', 'Kyle Korver', 'Mehmet Okur', 'Carlos Boozer', 'Deron Williams']",True,"['Matt Harpring', 'Derrick Favors', 'Paul Millsap', 'Kyle Korver', 'Mehmet Okur', 'Carlos Boozer', 'Deron Williams']",True,"['C.J. Miles', 'Gordon Hayward', 'Derek Fisher', 'Matt Harpring', 'Derrick Favors', 'Paul Millsap', 'Kyle Korver', 'Mehmet Okur', 'Carlos Boozer', 'Deron Williams']",True
Paul Millsap,Paul Millsap,"['Mehmet Okur', 'Ronnie Brewer', 'Paul Millsap']",True,"['Ronnie Price', 'Trey Burke', 'Mehmet Okur', 'Ronnie Brewer', 'Paul Millsap']",True,"['Matt Harpring', 'Randy Foye', 'Ronnie Price', 'Trey Burke', 'Mehmet Okur', 'Ronnie Brewer', 'Paul Millsap']",True,"['Carlos Boozer', 'Deron Williams', 'Gordon Hayward', 'Matt Harpring', 'Randy Foye', 'Ronnie Price', 'Trey Burke', 'Mehmet Okur', 'Ronnie Brewer', 'Paul Millsap']",True
Ime Udoka,Brandon Roy,"['LaMarcus Aldridge', 'Damian Lillard', 'Brandon Roy']",False,"['Nicolas Batum', 'Andre Miller', 'LaMarcus Aldridge', 'Damian Lillard', 'Brandon Roy']",False,"['Jarrett Jack', 'CJ McCollum', 'Nicolas Batum', 'Andre Miller', 'LaMarcus Aldridge', 'Damian Lillard', 'Brandon Roy']",False,"['Gerald Wallace', 'Allen Crabbe', 'Joel Przybilla', 'Jarrett Jack', 'CJ McCollum', 'Nicolas Batum', 'Andre Miller', 'LaMarcus Aldridge', 'Damian Lillard', 'Brandon Roy']",False
Michael Doleac,Udonis Haslem,"['Michael Doleac', ""Shaquille O'Neal"", 'Udonis Haslem']",True,"['Mario Chalmers', 'James Posey', 'Michael Doleac', ""Shaquille O'Neal"", 'Udonis Haslem']",True,"['Dwyane Wade', 'Shane Battier', 'Mario Chalmers', 'James Posey', 'Michael Doleac', ""Shaquille O'Neal"", 'Udonis Haslem']",True,"['Michael Beasley', 'Jason Williams', 'Ricky Davis', 'Dwyane Wade', 'Shane Battier', 'Mario Chalmers', 'James Posey', 'Michael Doleac', ""Shaquille O'Neal"", 'Udonis Haslem']",True
Dwight Howard,Dwight Howard,"['Jameer Nelson', 'Hedo Turkoglu', 'Dwight Howard']",True,"['Darko Milicic', 'J.J. Redick', 'Jameer Nelson', 'Hedo Turkoglu', 'Dwight Howard']",True,"['Glen Davis', 'Grant Hill', 'Darko Milicic', 'J.J. Redick', 'Jameer Nelson', 'Hedo Turkoglu', 'Dwight Howard']",True,"['Rashard Lewis', 'Courtney Lee', 'Carlos Arroyo', 'Glen Davis', 'Grant Hill', 'Darko Milicic', 'J.J. Redick', 'Jameer Nelson', 'Hedo Turkoglu', 'Dwight Howard']",True
Antoine Walker,Dwyane Wade,"['Dorell Wright', 'Antoine Walker', 'Dwyane Wade']",True,"['LeBron James', 'James Posey', 'Dorell Wright', 'Antoine Walker', 'Dwyane Wade']",True,"['Gary Payton', 'Joel Anthony', 'LeBron James', 'James Posey', 'Dorell Wright', 'Antoine Walker', 'Dwyane Wade']",True,"['Eddie Jones', 'Chris Quinn', 'Mario Chalmers', 'Gary Payton', 'Joel Anthony', 'LeBron James', 'James Posey', 'Dorell Wright', 'Antoine Walker', 'Dwyane Wade']",True
Quentin Richardson,Wilson Chandler,"['Tyson Chandler', 'Stephon Marbury', 'Wilson Chandler']",False,"['Zach Randolph', 'Toney Douglas', 'Tyson Chandler', 'Stephon Marbury', 'Wilson Chandler']",False,"['Steve Francis', 'Renaldo Balkman', 'Zach Randolph', 'Toney Douglas', 'Tyson Chandler', 'Stephon Marbury', 'Wilson Chandler']",False,"['Nate Robinson', 'Quentin Richardson', 'Tim Hardaway', 'Steve Francis', 'Renaldo Balkman', 'Zach Randolph', 'Toney Douglas', 'Tyson Chandler', 'Stephon Marbury', 'Wilson Chandler']",True
Renaldo Balkman,Nate Robinson,"['Jamal Crawford', 'Renaldo Balkman', 'Nate Robinson']",True,"['Jared Jeffries', 'Quentin Richardson', 'Jamal Crawford', 'Renaldo Balkman', 'Nate Robinson']",True,"['Stephon Marbury', 'David Lee', 'Jared Jeffries', 'Quentin Richardson', 'Jamal Crawford', 'Renaldo Balkman', 'Nate Robinson']",True,"['Raymond Felton', 'Carmelo Anthony', 'Eddy Curry', 'Stephon Marbury', 'David Lee', 'Jared Jeffries', 'Quentin Richardson', 'Jamal Crawford', 'Renaldo Balkman', 'Nate Robinson']",True
J.R. Smith,Carmelo Anthony,"['J.R. Smith', 'Earl Boykins', 'Carmelo Anthony']",True,"['Chris Andersen', 'Chauncey Billups', 'J.R. Smith', 'Earl Boykins', 'Carmelo Anthony']",True,"['Anthony Carter', 'Arron Afflalo', 'Chris Andersen', 'Chauncey Billups', 'J.R. Smith', 'Earl Boykins', 'Carmelo Anthony']",True,"['Danilo Gallinari', 'Andre Miller', 'Kenneth Faried', 'Anthony Carter', 'Arron Afflalo', 'Chris Andersen', 'Chauncey Billups', 'J.R. Smith', 'Earl Boykins', 'Carmelo Anthony']",True
Allen Iverson,Allen Iverson,"['Carmelo Anthony', 'Arron Afflalo', 'Allen Iverson']",True,"['Al Harrington', 'Andre Miller', 'Carmelo Anthony', 'Arron Afflalo', 'Allen Iverson']",True,"['Andre Iguodala', 'Anthony Carter', 'Al Harrington', 'Andre Miller', 'Carmelo Anthony', 'Arron Afflalo', 'Allen Iverson']",True,"['J.R. Smith', 'Ty Lawson', 'Danilo Gallinari', 'Andre Iguodala', 'Anthony Carter', 'Al Harrington', 'Andre Miller', 'Carmelo Anthony', 'Arron Afflalo', 'Allen Iverson']",True
Maurice Evans,Kobe Bryant,"['Jordan Farmar', 'Derek Fisher', 'Kobe Bryant']",False,"['Kwame Brown', 'Lamar Odom', 'Jordan Farmar', 'Derek Fisher', 'Kobe Bryant']",False,"['Pau Gasol', 'Luke Walton', 'Kwame Brown', 'Lamar Odom', 'Jordan Farmar', 'Derek Fisher', 'Kobe Bryant']",False,"['Josh Powell', 'Metta World Peace', 'Andrew Bynum', 'Pau Gasol', 'Luke Walton', 'Kwame Brown', 'Lamar Odom', 'Jordan Farmar', 'Derek Fisher', 'Kobe Bryant']",False
Stephon Marbury,Wilson Chandler,"['Tyson Chandler', 'Stephon Marbury', 'Wilson Chandler']",True,"['Toney Douglas', 'Tim Hardaway', 'Tyson Chandler', 'Stephon Marbury', 'Wilson Chandler']",True,"['Zach Randolph', 'Renaldo Balkman', 'Toney Douglas', 'Tim Hardaway', 'Tyson Chandler', 'Stephon Marbury', 'Wilson Chandler']",True,"['Jamal Crawford', 'Nate Robinson', 'Steve Francis', 'Zach Randolph', 'Renaldo Balkman', 'Toney Douglas', 'Tim Hardaway', 'Tyson Chandler', 'Stephon Marbury', 'Wilson Chandler']",True
Matt Barnes,Monta Ellis,"['Klay Thompson', 'Stephen Curry', 'Monta Ellis']",False,"['Mickael Pietrus', 'Matt Barnes', 'Klay Thompson', 'Stephen Curry', 'Monta Ellis']",True,"['Ronny Turiaf', 'Kelenna Azubuike', 'Mickael Pietrus', 'Matt Barnes', 'Klay Thompson', 'Stephen Curry', 'Monta Ellis']",True,"['Jarrett Jack', 'Mike Dunleavy', 'David Lee', 'Ronny Turiaf', 'Kelenna Azubuike', 'Mickael Pietrus', 'Matt Barnes', 'Klay Thompson', 'Stephen Curry', 'Monta Ellis']",True
Martell Webster,Nicolas Batum,"['Martell Webster', 'LaMarcus Aldridge', 'Nicolas Batum']",True,"['Sergio Rodriguez', 'Rudy Fernandez', 'Martell Webster', 'LaMarcus Aldridge', 'Nicolas Batum']",True,"['Joel Przybilla', 'Steve Blake', 'Sergio Rodriguez', 'Rudy Fernandez', 'Martell Webster', 'LaMarcus Aldridge', 'Nicolas Batum']",True,"['Jarrett Jack', 'Robin Lopez', 'Travis Outlaw', 'Joel Przybilla', 'Steve Blake', 'Sergio Rodriguez', 'Rudy Fernandez', 'Martell Webster', 'LaMarcus Aldridge', 'Nicolas Batum']",True
Chris Webber,Rasheed Wallace,"['Chris Webber', 'Richard Hamilton', 'Rasheed Wallace']",True,"['Tayshaun Prince', 'Jason Maxiell', 'Chris Webber', 'Richard Hamilton', 'Rasheed Wallace']",True,"['Rodney Stuckey', 'Greg Monroe', 'Tayshaun Prince', 'Jason Maxiell', 'Chris Webber', 'Richard Hamilton', 'Rasheed Wallace']",True,"['Lindsey Hunter', 'Chauncey Billups', 'Jonas Jerebko', 'Rodney Stuckey', 'Greg Monroe', 'Tayshaun Prince', 'Jason Maxiell', 'Chris Webber', 'Richard Hamilton', 'Rasheed Wallace']",True
Damon Jones,Anderson Varejao,"['Alonzo Gee', 'Daniel Gibson', 'Anderson Varejao']",False,"['LeBron James', 'Drew Gooden', 'Alonzo Gee', 'Daniel Gibson', 'Anderson Varejao']",False,"['Ben Wallace', 'Damon Jones', 'LeBron James', 'Drew Gooden', 'Alonzo Gee', 'Daniel Gibson', 'Anderson Varejao']",True,"['David Wesley', 'Antawn Jamison', 'Dion Waiters', 'Ben Wallace', 'Damon Jones', 'LeBron James', 'Drew Gooden', 'Alonzo Gee', 'Daniel Gibson', 'Anderson Varejao']",True
Antawn Jamison,Antawn Jamison,"['Brendan Haywood', 'Caron Butler', 'Antawn Jamison']",True,"['John Wall', 'Andray Blatche', 'Brendan Haywood', 'Caron Butler', 'Antawn Jamison']",True,"['DeShawn Stevenson', 'Antonio Daniels', 'John Wall', 'Andray Blatche', 'Brendan Haywood', 'Caron Butler', 'Antawn Jamison']",True,"['JaVale McGee', 'Gilbert Arenas', 'Nick Young', 'DeShawn Stevenson', 'Antonio Daniels', 'John Wall', 'Andray Blatche', 'Brendan Haywood', 'Caron Butler', 'Antawn Jamison']",True
Luther Head,Shane Battier,"['Rafer Alston', 'Luis Scola', 'Shane Battier']",False,"['Kyle Lowry', 'Luther Head', 'Rafer Alston', 'Luis Scola', 'Shane Battier']",True,"['Chuck Hayes', 'Tracy McGrady', 'Kyle Lowry', 'Luther Head', 'Rafer Alston', 'Luis Scola', 'Shane Battier']",True,"['Josh Smith', 'Jeremy Lin', 'James Harden', 'Chuck Hayes', 'Tracy McGrady', 'Kyle Lowry', 'Luther Head', 'Rafer Alston', 'Luis Scola', 'Shane Battier']",True
Antonio McDyess,Antonio McDyess,"['Jason Maxiell', 'Chauncey Billups', 'Antonio McDyess']",True,"['Allen Iverson', 'Carlos Delfino', 'Jason Maxiell', 'Chauncey Billups', 'Antonio McDyess']",True,"['Tayshaun Prince', 'Ben Gordon', 'Allen Iverson', 'Carlos Delfino', 'Jason Maxiell', 'Chauncey Billups', 'Antonio McDyess']",True,"['Richard Hamilton', 'Austin Daye', 'Amir Johnson', 'Tayshaun Prince', 'Ben Gordon', 'Allen Iverson', 'Carlos Delfino', 'Jason Maxiell', 'Chauncey Billups', 'Antonio McDyess']",True
Ronnie Price,Metta World Peace,"['Mike Bibby', 'Kevin Martin', 'Metta World Peace']",False,"['Francisco Garcia', 'John Salmons', 'Mike Bibby', 'Kevin Martin', 'Metta World Peace']",False,"['Ronnie Price', 'Kenny Thomas', 'Francisco Garcia', 'John Salmons', 'Mike Bibby', 'Kevin Martin', 'Metta World Peace']",True,"['Jason Thompson', 'Brad Miller', 'Shareef Abdur-Rahim', 'Ronnie Price', 'Kenny Thomas', 'Francisco Garcia', 'John Salmons', 'Mike Bibby', 'Kevin Martin', 'Metta World Peace']",True
Matt Harpring,Deron Williams,"['Paul Millsap', 'Mehmet Okur', 'Deron Williams']",False,"['Kyle Korver', 'Matt Harpring', 'Paul Millsap', 'Mehmet Okur', 'Deron Williams']",True,"['Jarron Collins', 'Gordon Hayward', 'Kyle Korver', 'Matt Harpring', 'Paul Millsap', 'Mehmet Okur', 'Deron Williams']",True,"['Derek Fisher', 'Andrei Kirilenko', 'Carlos Boozer', 'Jarron Collins', 'Gordon Hayward', 'Kyle Korver', 'Matt Harpring', 'Paul Millsap', 'Mehmet Okur', 'Deron Williams']",True
Antawn Jamison,Antawn Jamison,"['John Wall', 'Andray Blatche', 'Antawn Jamison']",True,"['Caron Butler', 'Bradley Beal', 'John Wall', 'Andray Blatche', 'Antawn Jamison']",True,"['Antonio Daniels', 'Al Thornton', 'Caron Butler', 'Bradley Beal', 'John Wall', 'Andray Blatche', 'Antawn Jamison']",True,"['DeShawn Stevenson', 'Brendan Haywood', 'JaVale McGee', 'Antonio Daniels', 'Al Thornton', 'Caron Butler', 'Bradley Beal', 'John Wall', 'Andray Blatche', 'Antawn Jamison']",True
Mike Miller,Rudy Gay,"['Stromile Swift', 'Zach Randolph', 'Rudy Gay']",False,"['Mike Conley', 'Mike Miller', 'Stromile Swift', 'Zach Randolph', 'Rudy Gay']",True,"['O.J. Mayo', 'Pau Gasol', 'Mike Conley', 'Mike Miller', 'Stromile Swift', 'Zach Randolph', 'Rudy Gay']",True,"['Hakim Warrick', 'Kyle Lowry', 'Marc Gasol', 'O.J. Mayo', 'Pau Gasol', 'Mike Conley', 'Mike Miller', 'Stromile Swift', 'Zach Randolph', 'Rudy Gay']",True
Luol Deng,Luol Deng,"['Joakim Noah', 'Kirk Hinrich', 'Luol Deng']",True,"['Ronnie Brewer', 'Chris Duhon', 'Joakim Noah', 'Kirk Hinrich', 'Luol Deng']",True,"['Ben Wallace', 'P.J. Brown', 'Ronnie Brewer', 'Chris Duhon', 'Joakim Noah', 'Kirk Hinrich', 'Luol Deng']",True,"['Ben Gordon', 'Kyle Korver', 'Taj Gibson', 'Ben Wallace', 'P.J. Brown', 'Ronnie Brewer', 'Chris Duhon', 'Joakim Noah', 'Kirk Hinrich', 'Luol Deng']",True
Trenton Hassell,Ricky Rubio,"['Trenton Hassell', 'Sebastian Telfair', 'Ricky Rubio']",True,"['Wesley Johnson', 'Ryan Gomes', 'Trenton Hassell', 'Sebastian Telfair', 'Ricky Rubio']",True,"['Wayne Ellington', 'Ricky Davis', 'Wesley Johnson', 'Ryan Gomes', 'Trenton Hassell', 'Sebastian Telfair', 'Ricky Rubio']",True,"['Zaza Pachulia', 'Nikola Pekovic', 'Rashad McCants', 'Wayne Ellington', 'Ricky Davis', 'Wesley Johnson', 'Ryan Gomes', 'Trenton Hassell', 'Sebastian Telfair', 'Ricky Rubio']",True
Juwan Howard,Luis Scola,"['Chuck Hayes', 'James Harden', 'Luis Scola']",False,"['Dwight Howard', 'Shane Battier', 'Chuck Hayes', 'James Harden', 'Luis Scola']",False,"['Rafer Alston', 'Kyle Lowry', 'Dwight Howard', 'Shane Battier', 'Chuck Hayes', 'James Harden', 'Luis Scola']",False,"['Luther Head', 'Kevin Martin', 'Chandler Parsons', 'Rafer Alston', 'Kyle Lowry', 'Dwight Howard', 'Shane Battier', 'Chuck Hayes', 'James Harden', 'Luis Scola']",False
Antoine Walker,Antoine Walker,"['Dwyane Wade', 'Alonzo Mourning', 'Antoine Walker']",True,"['Chris Bosh', 'Chris Quinn', 'Dwyane Wade', 'Alonzo Mourning', 'Antoine Walker']",True,"['Chris Andersen', 'Dorell Wright', 'Chris Bosh', 'Chris Quinn', 'Dwyane Wade', 'Alonzo Mourning', 'Antoine Walker']",True,"['LeBron James', 'Daequan Cook', 'Eddie Jones', 'Chris Andersen', 'Dorell Wright', 'Chris Bosh', 'Chris Quinn', 'Dwyane Wade', 'Alonzo Mourning', 'Antoine Walker']",True
Charlie Bell,Ersan Ilyasova,"['Charlie Bell', 'Brandon Jennings', 'Ersan Ilyasova']",True,"['Ekpe Udoh', 'Charlie Villanueva', 'Charlie Bell', 'Brandon Jennings', 'Ersan Ilyasova']",True,"['Joe Johnson', 'Carlos Delfino', 'Ekpe Udoh', 'Charlie Villanueva', 'Charlie Bell', 'Brandon Jennings', 'Ersan Ilyasova']",True,"['Giannis Antetokounmpo', 'Luc Mbah a Moute', 'Mo Williams', 'Joe Johnson', 'Carlos Delfino', 'Ekpe Udoh', 'Charlie Villanueva', 'Charlie Bell', 'Brandon Jennings', 'Ersan Ilyasova']",True
LaMarcus Aldridge,LaMarcus Aldridge,"['Nicolas Batum', 'Martell Webster', 'LaMarcus Aldridge']",True,"['Joel Przybilla', 'Jarrett Jack', 'Nicolas Batum', 'Martell Webster', 'LaMarcus Aldridge']",True,"['Jamaal Magloire', 'Rudy Fernandez', 'Joel Przybilla', 'Jarrett Jack', 'Nicolas Batum', 'Martell Webster', 'LaMarcus Aldridge']",True,"['Meyers Leonard', 'Juan Dixon', 'Brandon Roy', 'Jamaal Magloire', 'Rudy Fernandez', 'Joel Przybilla', 'Jarrett Jack', 'Nicolas Batum', 'Martell Webster', 'LaMarcus Aldridge']",True
Zydrunas Ilgauskas,Zydrunas Ilgauskas,"['Tristan Thompson', 'LeBron James', 'Zydrunas Ilgauskas']",True,"['Mo Williams', 'Sasha Pavlovic', 'Tristan Thompson', 'LeBron James', 'Zydrunas Ilgauskas']",True,"['Anderson Varejao', 'Wally Szczerbiak', 'Mo Williams', 'Sasha Pavlovic', 'Tristan Thompson', 'LeBron James', 'Zydrunas Ilgauskas']",True,"['Tyler Zeller', 'Kyrie Irving', 'Daniel Gibson', 'Anderson Varejao', 'Wally Szczerbiak', 'Mo Williams', 'Sasha Pavlovic', 'Tristan Thompson', 'LeBron James', 'Zydrunas Ilgauskas']",True
P.J. Brown,Tyrus Thomas,"['Taj Gibson', 'Luol Deng', 'Tyrus Thomas']",False,"['Thabo Sefolosha', 'P.J. Brown', 'Taj Gibson', 'Luol Deng', 'Tyrus Thomas']",True,"['Mike Sweetney', 'Kirk Hinrich', 'Thabo Sefolosha', 'P.J. Brown', 'Taj Gibson', 'Luol Deng', 'Tyrus Thomas']",True,"['Joakim Noah', 'Ronnie Brewer', 'Tony Snell', 'Mike Sweetney', 'Kirk Hinrich', 'Thabo Sefolosha', 'P.J. Brown', 'Taj Gibson', 'Luol Deng', 'Tyrus Thomas']",True
Smush Parker,Lamar Odom,"['Pau Gasol', 'Luke Walton', 'Lamar Odom']",False,"['Sasha Vujacic', 'Maurice Evans', 'Pau Gasol', 'Luke Walton', 'Lamar Odom']",False,"['Metta World Peace', 'Kobe Bryant', 'Sasha Vujacic', 'Maurice Evans', 'Pau Gasol', 'Luke Walton', 'Lamar Odom']",False,"['Derek Fisher', 'Smush Parker', 'Ronny Turiaf', 'Metta World Peace', 'Kobe Bryant', 'Sasha Vujacic', 'Maurice Evans', 'Pau Gasol', 'Luke Walton', 'Lamar Odom']",True
Udonis Haslem,Udonis Haslem,"['Mario Chalmers', 'Shane Battier', 'Udonis Haslem']",True,"['Michael Beasley', 'James Posey', 'Mario Chalmers', 'Shane Battier', 'Udonis Haslem']",True,"['Dwyane Wade', 'Jason Williams', 'Michael Beasley', 'James Posey', 'Mario Chalmers', 'Shane Battier', 'Udonis Haslem']",True,"['Shawne Williams', ""Shaquille O'Neal"", 'Ray Allen', 'Dwyane Wade', 'Jason Williams', 'Michael Beasley', 'James Posey', 'Mario Chalmers', 'Shane Battier', 'Udonis Haslem']",True
Carlos Arroyo,Dwight Howard,"['J.J. Redick', 'Jameer Nelson', 'Dwight Howard']",False,"[""E'Twaun Moore"", 'Hedo Turkoglu', 'J.J. Redick', 'Jameer Nelson', 'Dwight Howard']",False,"['Glen Davis', 'Darko Milicic', ""E'Twaun Moore"", 'Hedo Turkoglu', 'J.J. Redick', 'Jameer Nelson', 'Dwight Howard']",False,"['Carlos Arroyo', 'Grant Hill', 'Arron Afflalo', 'Glen Davis', 'Darko Milicic', ""E'Twaun Moore"", 'Hedo Turkoglu', 'J.J. Redick', 'Jameer Nelson', 'Dwight Howard']",True
Deron Williams,Deron Williams,"['Mehmet Okur', 'Paul Millsap', 'Deron Williams']",True,"['Gordon Hayward', 'Derek Fisher', 'Mehmet Okur', 'Paul Millsap', 'Deron Williams']",True,"['Carlos Boozer', 'Kyle Korver', 'Gordon Hayward', 'Derek Fisher', 'Mehmet Okur', 'Paul Millsap', 'Deron Williams']",True,"['Andrei Kirilenko', 'Derrick Favors', 'Matt Harpring', 'Carlos Boozer', 'Kyle Korver', 'Gordon Hayward', 'Derek Fisher', 'Mehmet Okur', 'Paul Millsap', 'Deron Williams']",True
Baron Davis,Baron Davis,"['Monta Ellis', 'David Lee', 'Baron Davis']",True,"['Kelenna Azubuike', 'Andris Biedrins', 'Monta Ellis', 'David Lee', 'Baron Davis']",True,"['Dorell Wright', 'Stephen Curry', 'Kelenna Azubuike', 'Andris Biedrins', 'Monta Ellis', 'David Lee', 'Baron Davis']",True,"['Harrison Barnes', 'C.J. Watson', 'Matt Barnes', 'Dorell Wright', 'Stephen Curry', 'Kelenna Azubuike', 'Andris Biedrins', 'Monta Ellis', 'David Lee', 'Baron Davis']",True
Allen Iverson,Carmelo Anthony,"['Arron Afflalo', 'Allen Iverson', 'Carmelo Anthony']",True,"['Al Harrington', 'Andre Miller', 'Arron Afflalo', 'Allen Iverson', 'Carmelo Anthony']",True,"['J.R. Smith', 'Anthony Carter', 'Al Harrington', 'Andre Miller', 'Arron Afflalo', 'Allen Iverson', 'Carmelo Anthony']",True,"['Ty Lawson', 'Danilo Gallinari', 'Andre Iguodala', 'J.R. Smith', 'Anthony Carter', 'Al Harrington', 'Andre Miller', 'Arron Afflalo', 'Allen Iverson', 'Carmelo Anthony']",True
Kobe Bryant,Kobe Bryant,"['Jordan Farmar', 'Lamar Odom', 'Kobe Bryant']",True,"['Pau Gasol', 'Derek Fisher', 'Jordan Farmar', 'Lamar Odom', 'Kobe Bryant']",True,"['Luke Walton', 'Kwame Brown', 'Pau Gasol', 'Derek Fisher', 'Jordan Farmar', 'Lamar Odom', 'Kobe Bryant']",True,"['Metta World Peace', 'Smush Parker', 'Andrew Bynum', 'Luke Walton', 'Kwame Brown', 'Pau Gasol', 'Derek Fisher', 'Jordan Farmar', 'Lamar Odom', 'Kobe Bryant']",True
Stephon Marbury,Wilson Chandler,"['Tyson Chandler', 'Stephon Marbury', 'Wilson Chandler']",True,"['Toney Douglas', 'Tim Hardaway', 'Tyson Chandler', 'Stephon Marbury', 'Wilson Chandler']",True,"['Renaldo Balkman', 'Zach Randolph', 'Toney Douglas', 'Tim Hardaway', 'Tyson Chandler', 'Stephon Marbury', 'Wilson Chandler']",True,"['Raymond Felton', 'Jamal Crawford', 'Nate Robinson', 'Renaldo Balkman', 'Zach Randolph', 'Toney Douglas', 'Tim Hardaway', 'Tyson Chandler', 'Stephon Marbury', 'Wilson Chandler']",True
Eddy Curry,Jamal Crawford,"['Eddy Curry', 'Carmelo Anthony', 'Jamal Crawford']",True,"['J.R. Smith', 'David Lee', 'Eddy Curry', 'Carmelo Anthony', 'Jamal Crawford']",True,"['Danilo Gallinari', 'Jared Jeffries', 'J.R. Smith', 'David Lee', 'Eddy Curry', 'Carmelo Anthony', 'Jamal Crawford']",True,"['Nate Robinson', 'Raymond Felton', 'Iman Shumpert', 'Danilo Gallinari', 'Jared Jeffries', 'J.R. Smith', 'David Lee', 'Eddy Curry', 'Carmelo Anthony', 'Jamal Crawford']",True
Brian Skinner,Andrew Bogut,"['Charlie Bell', 'Brandon Jennings', 'Andrew Bogut']",False,"['Ersan Ilyasova', 'Brandon Knight', 'Charlie Bell', 'Brandon Jennings', 'Andrew Bogut']",False,"['Charlie Villanueva', 'Beno Udrih', 'Ersan Ilyasova', 'Brandon Knight', 'Charlie Bell', 'Brandon Jennings', 'Andrew Bogut']",False,"['Carlos Delfino', 'Al Horford', 'Dan Gadzuric', 'Charlie Villanueva', 'Beno Udrih', 'Ersan Ilyasova', 'Brandon Knight', 'Charlie Bell', 'Brandon Jennings', 'Andrew Bogut']",False
Anthony Parker,Anthony Parker,"['Chris Bosh', 'DeMar DeRozan', 'Anthony Parker']",True,"['Andrea Bargnani', 'Jose Calderon', 'Chris Bosh', 'DeMar DeRozan', 'Anthony Parker']",True,"['Jonas Valanciunas', 'Carlos Delfino', 'Andrea Bargnani', 'Jose Calderon', 'Chris Bosh', 'DeMar DeRozan', 'Anthony Parker']",True,"['Joey Graham', 'Amir Johnson', 'Kyle Lowry', 'Jonas Valanciunas', 'Carlos Delfino', 'Andrea Bargnani', 'Jose Calderon', 'Chris Bosh', 'DeMar DeRozan', 'Anthony Parker']",True
Charlie Bell,Ersan Ilyasova,"['Michael Redd', 'Charlie Bell', 'Ersan Ilyasova']",True,"['Mo Williams', 'Mike Dunleavy', 'Michael Redd', 'Charlie Bell', 'Ersan Ilyasova']",True,"['Luke Ridnour', 'Andrew Bogut', 'Mo Williams', 'Mike Dunleavy', 'Michael Redd', 'Charlie Bell', 'Ersan Ilyasova']",True,"['Charlie Villanueva', 'Luc Mbah a Moute', 'Carlos Delfino', 'Luke Ridnour', 'Andrew Bogut', 'Mo Williams', 'Mike Dunleavy', 'Michael Redd', 'Charlie Bell', 'Ersan Ilyasova']",True
Mickael Pietrus,Monta Ellis,"['Klay Thompson', 'Harrison Barnes', 'Monta Ellis']",False,"['David Lee', 'Stephen Curry', 'Klay Thompson', 'Harrison Barnes', 'Monta Ellis']",False,"['Kelenna Azubuike', 'Draymond Green', 'David Lee', 'Stephen Curry', 'Klay Thompson', 'Harrison Barnes', 'Monta Ellis']",False,"['Andris Biedrins', 'Matt Barnes', 'Baron Davis', 'Kelenna Azubuike', 'Draymond Green', 'David Lee', 'Stephen Curry', 'Klay Thompson', 'Harrison Barnes', 'Monta Ellis']",False
Jared Jeffries,Nate Robinson,"['Jared Jeffries', 'Jamal Crawford', 'Nate Robinson']",True,"['Quentin Richardson', 'Renaldo Balkman', 'Jared Jeffries', 'Jamal Crawford', 'Nate Robinson']",True,"['Carmelo Anthony', 'David Lee', 'Quentin Richardson', 'Renaldo Balkman', 'Jared Jeffries', 'Jamal Crawford', 'Nate Robinson']",True,"['J.R. Smith', 'Stephon Marbury', 'Eddy Curry', 'Carmelo Anthony', 'David Lee', 'Quentin Richardson', 'Renaldo Balkman', 'Jared Jeffries', 'Jamal Crawford', 'Nate Robinson']",True
Jamal Sampson,J.R. Smith,"['Eduardo Najera', 'Linas Kleiza', 'J.R. Smith']",False,"['Nene Hilario', 'Carmelo Anthony', 'Eduardo Najera', 'Linas Kleiza', 'J.R. Smith']",False,"['Chauncey Billups', 'Chris Andersen', 'Nene Hilario', 'Carmelo Anthony', 'Eduardo Najera', 'Linas Kleiza', 'J.R. Smith']",False,"['Kenyon Martin', 'Marcus Camby', 'Ty Lawson', 'Chauncey Billups', 'Chris Andersen', 'Nene Hilario', 'Carmelo Anthony', 'Eduardo Najera', 'Linas Kleiza', 'J.R. Smith']",False
Sebastian Telfair,Rajon Rondo,"['Gerald Green', 'Paul Pierce', 'Rajon Rondo']",False,"['Jeff Green', 'Ryan Gomes', 'Gerald Green', 'Paul Pierce', 'Rajon Rondo']",False,"['Kevin Garnett', 'Kendrick Perkins', 'Jeff Green', 'Ryan Gomes', 'Gerald Green', 'Paul Pierce', 'Rajon Rondo']",False,"['Ray Allen', 'Jared Sullinger', 'Leon Powe', 'Kevin Garnett', 'Kendrick Perkins', 'Jeff Green', 'Ryan Gomes', 'Gerald Green', 'Paul Pierce', 'Rajon Rondo']",False
Marcus Camby,Carmelo Anthony,"['Chauncey Billups', 'J.R. Smith', 'Carmelo Anthony']",False,"['Chris Andersen', 'Andre Miller', 'Chauncey Billups', 'J.R. Smith', 'Carmelo Anthony']",False,"['Nene Hilario', 'Arron Afflalo', 'Chris Andersen', 'Andre Miller', 'Chauncey Billups', 'J.R. Smith', 'Carmelo Anthony']",False,"['J.J. Hickson', 'Ty Lawson', 'Danilo Gallinari', 'Nene Hilario', 'Arron Afflalo', 'Chris Andersen', 'Andre Miller', 'Chauncey Billups', 'J.R. Smith', 'Carmelo Anthony']",False
Francisco Garcia,John Salmons,"['Francisco Garcia', 'Kevin Martin', 'John Salmons']",True,"['Kenny Thomas', 'Corliss Williamson', 'Francisco Garcia', 'Kevin Martin', 'John Salmons']",True,"['Brad Miller', 'Metta World Peace', 'Kenny Thomas', 'Corliss Williamson', 'Francisco Garcia', 'Kevin Martin', 'John Salmons']",True,"['Marcus Thornton', 'Mike Bibby', 'Jason Thompson', 'Brad Miller', 'Metta World Peace', 'Kenny Thomas', 'Corliss Williamson', 'Francisco Garcia', 'Kevin Martin', 'John Salmons']",True
Gilbert Arenas,Gilbert Arenas,"['Nick Young', 'Jarvis Hayes', 'Gilbert Arenas']",True,"['Caron Butler', 'Roger Mason', 'Nick Young', 'Jarvis Hayes', 'Gilbert Arenas']",True,"['Trevor Booker', 'DeShawn Stevenson', 'Caron Butler', 'Roger Mason', 'Nick Young', 'Jarvis Hayes', 'Gilbert Arenas']",True,"['Randy Foye', 'Trevor Ariza', 'Antawn Jamison', 'Trevor Booker', 'DeShawn Stevenson', 'Caron Butler', 'Roger Mason', 'Nick Young', 'Jarvis Hayes', 'Gilbert Arenas']",True
Manu Ginobili,Tim Duncan,"['Matt Bonner', 'Manu Ginobili', 'Tim Duncan']",True,"['Michael Finley', 'Richard Jefferson', 'Matt Bonner', 'Manu Ginobili', 'Tim Duncan']",True,"['Patty Mills', 'Tiago Splitter', 'Michael Finley', 'Richard Jefferson', 'Matt Bonner', 'Manu Ginobili', 'Tim Duncan']",True,"['Roger Mason', 'Tony Parker', 'Marco Belinelli', 'Patty Mills', 'Tiago Splitter', 'Michael Finley', 'Richard Jefferson', 'Matt Bonner', 'Manu Ginobili', 'Tim Duncan']",True
Steve Nash,Steve Nash,"['P.J. Tucker', 'Shawn Marion', 'Steve Nash']",True,"[""Amar'e Stoudemire"", 'Raja Bell', 'P.J. Tucker', 'Shawn Marion', 'Steve Nash']",True,"['Marcus Banks', 'Leandro Barbosa', ""Amar'e Stoudemire"", 'Raja Bell', 'P.J. Tucker', 'Shawn Marion', 'Steve Nash']",True,"['Jared Dudley', 'Boris Diaw', 'Markieff Morris', 'Marcus Banks', 'Leandro Barbosa', ""Amar'e Stoudemire"", 'Raja Bell', 'P.J. Tucker', 'Shawn Marion', 'Steve Nash']",True
Caron Butler,Caron Butler,"['Brendan Haywood', 'Antawn Jamison', 'Caron Butler']",True,"['Antonio Daniels', 'John Wall', 'Brendan Haywood', 'Antawn Jamison', 'Caron Butler']",True,"['Andray Blatche', 'DeShawn Stevenson', 'Antonio Daniels', 'John Wall', 'Brendan Haywood', 'Antawn Jamison', 'Caron Butler']",True,"['JaVale McGee', 'Kevin Seraphin', 'Nick Young', 'Andray Blatche', 'DeShawn Stevenson', 'Antonio Daniels', 'John Wall', 'Brendan Haywood', 'Antawn Jamison', 'Caron Butler']",True
Ben Gordon,Ben Gordon,"['Carlos Boozer', 'Andres Nocioni', 'Ben Gordon']",True,"['Ben Wallace', 'Adrian Griffin', 'Carlos Boozer', 'Andres Nocioni', 'Ben Gordon']",True,"['Luol Deng', 'Derrick Rose', 'Ben Wallace', 'Adrian Griffin', 'Carlos Boozer', 'Andres Nocioni', 'Ben Gordon']",True,"['Kirk Hinrich', 'Joakim Noah', 'C.J. Watson', 'Luol Deng', 'Derrick Rose', 'Ben Wallace', 'Adrian Griffin', 'Carlos Boozer', 'Andres Nocioni', 'Ben Gordon']",True
Carlos Delfino,Antonio McDyess,"['Ben Gordon', 'Chauncey Billups', 'Antonio McDyess']",False,"['Austin Daye', 'Andre Drummond', 'Ben Gordon', 'Chauncey Billups', 'Antonio McDyess']",False,"['Amir Johnson', 'Jason Maxiell', 'Austin Daye', 'Andre Drummond', 'Ben Gordon', 'Chauncey Billups', 'Antonio McDyess']",False,"['Greg Monroe', 'Richard Hamilton', 'Brandon Knight', 'Amir Johnson', 'Jason Maxiell', 'Austin Daye', 'Andre Drummond', 'Ben Gordon', 'Chauncey Billups', 'Antonio McDyess']",False
David Noel,Ramon Sessions,"['Monta Ellis', 'Ersan Ilyasova', 'Ramon Sessions']",False,"['Michael Redd', 'Luc Mbah a Moute', 'Monta Ellis', 'Ersan Ilyasova', 'Ramon Sessions']",False,"['John Salmons', 'Charlie Villanueva', 'Michael Redd', 'Luc Mbah a Moute', 'Monta Ellis', 'Ersan Ilyasova', 'Ramon Sessions']",False,"['Luke Ridnour', 'Mike Dunleavy', 'Mo Williams', 'John Salmons', 'Charlie Villanueva', 'Michael Redd', 'Luc Mbah a Moute', 'Monta Ellis', 'Ersan Ilyasova', 'Ramon Sessions']",False
Jake Tsakalidis,Aaron Brooks,"['Chandler Parsons', 'Chuck Hayes', 'Aaron Brooks']",False,"['Luther Head', 'Luis Scola', 'Chandler Parsons', 'Chuck Hayes', 'Aaron Brooks']",False,"['Shane Battier', 'Dwight Howard', 'Luther Head', 'Luis Scola', 'Chandler Parsons', 'Chuck Hayes', 'Aaron Brooks']",False,"['Chase Budinger', 'Carl Landry', 'Donatas Motiejunas', 'Shane Battier', 'Dwight Howard', 'Luther Head', 'Luis Scola', 'Chandler Parsons', 'Chuck Hayes', 'Aaron Brooks']",False
Amar'e Stoudemire,Amar'e Stoudemire,"['Boris Diaw', 'Channing Frye', ""Amar'e Stoudemire""]",True,"['Leandro Barbosa', 'Goran Dragic', 'Boris Diaw', 'Channing Frye', ""Amar'e Stoudemire""]",True,"['Steve Nash', 'Grant Hill', 'Leandro Barbosa', 'Goran Dragic', 'Boris Diaw', 'Channing Frye', ""Amar'e Stoudemire""]",True,"['Eric Bledsoe', 'Raja Bell', 'Jared Dudley', 'Steve Nash', 'Grant Hill', 'Leandro Barbosa', 'Goran Dragic', 'Boris Diaw', 'Channing Frye', ""Amar'e Stoudemire""]",True
Sam Cassell,Eric Gordon,"['Elton Brand', 'DeAndre Jordan', 'Eric Gordon']",False,"['Sam Cassell', 'Shaun Livingston', 'Elton Brand', 'DeAndre Jordan', 'Eric Gordon']",True,"['Chris Kaman', 'Quinton Ross', 'Sam Cassell', 'Shaun Livingston', 'Elton Brand', 'DeAndre Jordan', 'Eric Gordon']",True,"['Jamal Crawford', 'Cuttino Mobley', 'Blake Griffin', 'Chris Kaman', 'Quinton Ross', 'Sam Cassell', 'Shaun Livingston', 'Elton Brand', 'DeAndre Jordan', 'Eric Gordon']",True
Shaun Livingston,Tim Thomas,"['Sam Cassell', 'Quinton Ross', 'Tim Thomas']",False,"['Rasual Butler', 'Shaun Livingston', 'Sam Cassell', 'Quinton Ross', 'Tim Thomas']",True,"['Chris Kaman', 'Steve Novak', 'Rasual Butler', 'Shaun Livingston', 'Sam Cassell', 'Quinton Ross', 'Tim Thomas']",True,"['Cuttino Mobley', 'Zach Randolph', 'DeAndre Jordan', 'Chris Kaman', 'Steve Novak', 'Rasual Butler', 'Shaun Livingston', 'Sam Cassell', 'Quinton Ross', 'Tim Thomas']",True
Gordan Giricek,Deron Williams,"['Mehmet Okur', 'Carlos Boozer', 'Deron Williams']",False,"['Derrick Favors', 'Paul Millsap', 'Mehmet Okur', 'Carlos Boozer', 'Deron Williams']",False,"['Gordan Giricek', 'Kyle Korver', 'Derrick Favors', 'Paul Millsap', 'Mehmet Okur', 'Carlos Boozer', 'Deron Williams']",True,"['Andrei Kirilenko', 'Earl Watson', 'Gordon Hayward', 'Gordan Giricek', 'Kyle Korver', 'Derrick Favors', 'Paul Millsap', 'Mehmet Okur', 'Carlos Boozer', 'Deron Williams']",True
Mike Sweetney,Luol Deng,"['Joakim Noah', 'Kirk Hinrich', 'Luol Deng']",False,"['Taj Gibson', 'Mike Dunleavy', 'Joakim Noah', 'Kirk Hinrich', 'Luol Deng']",False,"['Ronnie Brewer', 'P.J. Brown', 'Taj Gibson', 'Mike Dunleavy', 'Joakim Noah', 'Kirk Hinrich', 'Luol Deng']",False,"['Tyrus Thomas', 'Ben Gordon', 'Chris Duhon', 'Ronnie Brewer', 'P.J. Brown', 'Taj Gibson', 'Mike Dunleavy', 'Joakim Noah', 'Kirk Hinrich', 'Luol Deng']",False
Stephen Jackson,Stephen Jackson,"['Monta Ellis', 'Stephen Curry', 'Stephen Jackson']",True,"['Vladimir Radmanovic', 'Troy Murphy', 'Monta Ellis', 'Stephen Curry', 'Stephen Jackson']",True,"['Mike Dunleavy', 'Klay Thompson', 'Vladimir Radmanovic', 'Troy Murphy', 'Monta Ellis', 'Stephen Curry', 'Stephen Jackson']",True,"['David Lee', 'Shaun Livingston', 'Nate Robinson', 'Mike Dunleavy', 'Klay Thompson', 'Vladimir Radmanovic', 'Troy Murphy', 'Monta Ellis', 'Stephen Curry', 'Stephen Jackson']",True
Shammond Williams,Smush Parker,"['Sasha Vujacic', 'Vladimir Radmanovic', 'Smush Parker']",False,"['Ronny Turiaf', 'Kobe Bryant', 'Sasha Vujacic', 'Vladimir Radmanovic', 'Smush Parker']",False,"['Pau Gasol', 'Trevor Ariza', 'Ronny Turiaf', 'Kobe Bryant', 'Sasha Vujacic', 'Vladimir Radmanovic', 'Smush Parker']",False,"['Luke Walton', 'Maurice Evans', 'Lamar Odom', 'Pau Gasol', 'Trevor Ariza', 'Ronny Turiaf', 'Kobe Bryant', 'Sasha Vujacic', 'Vladimir Radmanovic', 'Smush Parker']",False
Earl Boykins,J.R. Smith,"['Eduardo Najera', 'Chris Andersen', 'J.R. Smith']",False,"['Carmelo Anthony', 'Nene Hilario', 'Eduardo Najera', 'Chris Andersen', 'J.R. Smith']",False,"['Ty Lawson', 'Chauncey Billups', 'Carmelo Anthony', 'Nene Hilario', 'Eduardo Najera', 'Chris Andersen', 'J.R. Smith']",False,"['Marcus Camby', 'Linas Kleiza', 'Kenneth Faried', 'Ty Lawson', 'Chauncey Billups', 'Carmelo Anthony', 'Nene Hilario', 'Eduardo Najera', 'Chris Andersen', 'J.R. Smith']",False
Nate Robinson,Nate Robinson,"['Jared Jeffries', 'Jamal Crawford', 'Nate Robinson']",True,"['Quentin Richardson', 'Renaldo Balkman', 'Jared Jeffries', 'Jamal Crawford', 'Nate Robinson']",True,"['Eddy Curry', 'David Lee', 'Quentin Richardson', 'Renaldo Balkman', 'Jared Jeffries', 'Jamal Crawford', 'Nate Robinson']",True,"['Raymond Felton', 'Stephon Marbury', 'Carmelo Anthony', 'Eddy Curry', 'David Lee', 'Quentin Richardson', 'Renaldo Balkman', 'Jared Jeffries', 'Jamal Crawford', 'Nate Robinson']",True
Steve Francis,Wilson Chandler,"['Tim Hardaway', 'Stephon Marbury', 'Wilson Chandler']",False,"['Zach Randolph', 'Tyson Chandler', 'Tim Hardaway', 'Stephon Marbury', 'Wilson Chandler']",False,"['Renaldo Balkman', 'Toney Douglas', 'Zach Randolph', 'Tyson Chandler', 'Tim Hardaway', 'Stephon Marbury', 'Wilson Chandler']",False,"['Steve Francis', 'Jamal Crawford', 'David Lee', 'Renaldo Balkman', 'Toney Douglas', 'Zach Randolph', 'Tyson Chandler', 'Tim Hardaway', 'Stephon Marbury', 'Wilson Chandler']",True
Josh Smith,Joe Johnson,"['Jamal Crawford', 'Josh Smith', 'Joe Johnson']",True,"['Carmelo Anthony', 'Dwight Howard', 'Jamal Crawford', 'Josh Smith', 'Joe Johnson']",True,"['Deron Williams', 'Marvin Williams', 'Carmelo Anthony', 'Dwight Howard', 'Jamal Crawford', 'Josh Smith', 'Joe Johnson']",True,"['David West', 'J.R. Smith', 'Chris Paul', 'Deron Williams', 'Marvin Williams', 'Carmelo Anthony', 'Dwight Howard', 'Jamal Crawford', 'Josh Smith', 'Joe Johnson']",True
Charlie Villanueva,Ersan Ilyasova,"['Andrew Bogut', 'Charlie Villanueva', 'Ersan Ilyasova']",True,"['Charlie Bell', 'Brandon Jennings', 'Andrew Bogut', 'Charlie Villanueva', 'Ersan Ilyasova']",True,"['J.J. Redick', 'Michael Redd', 'Charlie Bell', 'Brandon Jennings', 'Andrew Bogut', 'Charlie Villanueva', 'Ersan Ilyasova']",True,"['Joe Johnson', 'Giannis Antetokounmpo', 'Carlos Delfino', 'J.J. Redick', 'Michael Redd', 'Charlie Bell', 'Brandon Jennings', 'Andrew Bogut', 'Charlie Villanueva', 'Ersan Ilyasova']",True
Rajon Rondo,Rajon Rondo,"['Ryan Gomes', 'Paul Pierce', 'Rajon Rondo']",True,"['Leon Powe', 'Sebastian Telfair', 'Ryan Gomes', 'Paul Pierce', 'Rajon Rondo']",True,"['Kevin Garnett', 'Ray Allen', 'Leon Powe', 'Sebastian Telfair', 'Ryan Gomes', 'Paul Pierce', 'Rajon Rondo']",True,"['Delonte West', 'Kendrick Perkins', 'Jeff Green', 'Kevin Garnett', 'Ray Allen', 'Leon Powe', 'Sebastian Telfair', 'Ryan Gomes', 'Paul Pierce', 'Rajon Rondo']",True
Lorenzen Wright,Joe Johnson,"['Jamal Crawford', 'Josh Smith', 'Joe Johnson']",False,"['Carmelo Anthony', 'Dwight Howard', 'Jamal Crawford', 'Josh Smith', 'Joe Johnson']",False,"['Deron Williams', 'Marvin Williams', 'Carmelo Anthony', 'Dwight Howard', 'Jamal Crawford', 'Josh Smith', 'Joe Johnson']",False,"['David West', 'J.R. Smith', 'Chris Paul', 'Deron Williams', 'Marvin Williams', 'Carmelo Anthony', 'Dwight Howard', 'Jamal Crawford', 'Josh Smith', 'Joe Johnson']",False
Danny Granger,Danny Granger,"['Brandon Rush', 'Al Harrington', 'Danny Granger']",True,"['Jeff Foster', 'A.J. Price', 'Brandon Rush', 'Al Harrington', 'Danny Granger']",True,"['Darrell Armstrong', 'Jamaal Tinsley', 'Jeff Foster', 'A.J. Price', 'Brandon Rush', 'Al Harrington', 'Danny Granger']",True,"[""Jermaine O'Neal"", 'C.J. Watson', 'David West', 'Darrell Armstrong', 'Jamaal Tinsley', 'Jeff Foster', 'A.J. Price', 'Brandon Rush', 'Al Harrington', 'Danny Granger']",True
Ben Gordon,Ben Wallace,"['Kirk Hinrich', 'Ben Gordon', 'Ben Wallace']",True,"['Joakim Noah', 'Luol Deng', 'Kirk Hinrich', 'Ben Gordon', 'Ben Wallace']",True,"['Derrick Rose', 'Chris Duhon', 'Joakim Noah', 'Luol Deng', 'Kirk Hinrich', 'Ben Gordon', 'Ben Wallace']",True,"['Carlos Boozer', 'Jimmy Butler', 'Andres Nocioni', 'Derrick Rose', 'Chris Duhon', 'Joakim Noah', 'Luol Deng', 'Kirk Hinrich', 'Ben Gordon', 'Ben Wallace']",True
Eric Snow,LeBron James,"['Kyrie Irving', 'Daniel Gibson', 'LeBron James']",False,"['Eric Snow', 'Larry Hughes', 'Kyrie Irving', 'Daniel Gibson', 'LeBron James']",True,"['Drew Gooden', 'Anderson Varejao', 'Eric Snow', 'Larry Hughes', 'Kyrie Irving', 'Daniel Gibson', 'LeBron James']",True,"['Delonte West', 'Mo Williams', 'Zydrunas Ilgauskas', 'Drew Gooden', 'Anderson Varejao', 'Eric Snow', 'Larry Hughes', 'Kyrie Irving', 'Daniel Gibson', 'LeBron James']",True
Gerald Green,Delonte West,"['Gerald Green', 'Paul Pierce', 'Delonte West']",True,"['Kevin Garnett', 'Rajon Rondo', 'Gerald Green', 'Paul Pierce', 'Delonte West']",True,"['Brandon Bass', 'Kendrick Perkins', 'Kevin Garnett', 'Rajon Rondo', 'Gerald Green', 'Paul Pierce', 'Delonte West']",True,"['Glen Davis', 'Leon Powe', 'Brian Scalabrine', 'Brandon Bass', 'Kendrick Perkins', 'Kevin Garnett', 'Rajon Rondo', 'Gerald Green', 'Paul Pierce', 'Delonte West']",True
David Lee,David Lee,"['Eddy Curry', 'Channing Frye', 'David Lee']",True,"['Carmelo Anthony', ""Amar'e Stoudemire"", 'Eddy Curry', 'Channing Frye', 'David Lee']",True,"['Jamal Crawford', 'Al Harrington', 'Carmelo Anthony', ""Amar'e Stoudemire"", 'Eddy Curry', 'Channing Frye', 'David Lee']",True,"['Nate Robinson', 'Chris Duhon', 'Jared Jeffries', 'Jamal Crawford', 'Al Harrington', 'Carmelo Anthony', ""Amar'e Stoudemire"", 'Eddy Curry', 'Channing Frye', 'David Lee']",True
Juan Dixon,LaMarcus Aldridge,"['Joel Przybilla', 'Jarrett Jack', 'LaMarcus Aldridge']",False,"['Jamaal Magloire', 'Brandon Roy', 'Joel Przybilla', 'Jarrett Jack', 'LaMarcus Aldridge']",False,"['Nicolas Batum', 'Ime Udoka', 'Jamaal Magloire', 'Brandon Roy', 'Joel Przybilla', 'Jarrett Jack', 'LaMarcus Aldridge']",False,"['Damian Lillard', 'Martell Webster', 'Juan Dixon', 'Nicolas Batum', 'Ime Udoka', 'Jamaal Magloire', 'Brandon Roy', 'Joel Przybilla', 'Jarrett Jack', 'LaMarcus Aldridge']",True
Shaquille O'Neal,Udonis Haslem,"['Shane Battier', ""Shaquille O'Neal"", 'Udonis Haslem']",True,"['Mario Chalmers', 'Ray Allen', 'Shane Battier', ""Shaquille O'Neal"", 'Udonis Haslem']",True,"['Michael Beasley', 'Quentin Richardson', 'Mario Chalmers', 'Ray Allen', 'Shane Battier', ""Shaquille O'Neal"", 'Udonis Haslem']",True,"['Norris Cole', 'Tyler Johnson', 'Dwyane Wade', 'Michael Beasley', 'Quentin Richardson', 'Mario Chalmers', 'Ray Allen', 'Shane Battier', ""Shaquille O'Neal"", 'Udonis Haslem']",True
Jordan Farmar,Kobe Bryant,"['Jordan Farmar', 'Lamar Odom', 'Kobe Bryant']",True,"['Luke Walton', 'Derek Fisher', 'Jordan Farmar', 'Lamar Odom', 'Kobe Bryant']",True,"['Kwame Brown', 'Pau Gasol', 'Luke Walton', 'Derek Fisher', 'Jordan Farmar', 'Lamar Odom', 'Kobe Bryant']",True,"['Smush Parker', 'Metta World Peace', 'Andrew Bynum', 'Kwame Brown', 'Pau Gasol', 'Luke Walton', 'Derek Fisher', 'Jordan Farmar', 'Lamar Odom', 'Kobe Bryant']",True
Luol Deng,Luol Deng,"['Taj Gibson', 'Kirk Hinrich', 'Luol Deng']",True,"['Kyle Korver', 'Joakim Noah', 'Taj Gibson', 'Kirk Hinrich', 'Luol Deng']",True,"['Chris Duhon', 'Mike Dunleavy', 'Kyle Korver', 'Joakim Noah', 'Taj Gibson', 'Kirk Hinrich', 'Luol Deng']",True,"['Thabo Sefolosha', 'Ben Gordon', 'Derrick Rose', 'Chris Duhon', 'Mike Dunleavy', 'Kyle Korver', 'Joakim Noah', 'Taj Gibson', 'Kirk Hinrich', 'Luol Deng']",True
Ricky Davis,Ricky Rubio,"['Ryan Gomes', 'Sebastian Telfair', 'Ricky Rubio']",False,"['Trenton Hassell', 'Wesley Johnson', 'Ryan Gomes', 'Sebastian Telfair', 'Ricky Rubio']",False,"['Ricky Davis', 'Wayne Ellington', 'Trenton Hassell', 'Wesley Johnson', 'Ryan Gomes', 'Sebastian Telfair', 'Ricky Rubio']",True,"['Zaza Pachulia', 'Rashad McCants', 'Nikola Pekovic', 'Ricky Davis', 'Wayne Ellington', 'Trenton Hassell', 'Wesley Johnson', 'Ryan Gomes', 'Sebastian Telfair', 'Ricky Rubio']",True
Andris Biedrins,Andris Biedrins,"['Andre Iguodala', 'Al Harrington', 'Andris Biedrins']",True,"['David Lee', 'Baron Davis', 'Andre Iguodala', 'Al Harrington', 'Andris Biedrins']",True,"['Anthony Morrow', 'Monta Ellis', 'David Lee', 'Baron Davis', 'Andre Iguodala', 'Al Harrington', 'Andris Biedrins']",True,"['Carl Landry', 'Brandon Rush', 'Stephen Curry', 'Anthony Morrow', 'Monta Ellis', 'David Lee', 'Baron Davis', 'Andre Iguodala', 'Al Harrington', 'Andris Biedrins']",True
Samuel Dalembert,Samuel Dalembert,"['Andre Iguodala', 'Kyle Korver', 'Samuel Dalembert']",True,"['Thaddeus Young', 'Lou Williams', 'Andre Iguodala', 'Kyle Korver', 'Samuel Dalembert']",True,"['Steven Hunter', 'Andre Miller', 'Thaddeus Young', 'Lou Williams', 'Andre Iguodala', 'Kyle Korver', 'Samuel Dalembert']",True,"['Rodney Carney', 'Jrue Holiday', 'Willie Green', 'Steven Hunter', 'Andre Miller', 'Thaddeus Young', 'Lou Williams', 'Andre Iguodala', 'Kyle Korver', 'Samuel Dalembert']",True
P.J. Brown,Luol Deng,"['Joakim Noah', 'Kirk Hinrich', 'Luol Deng']",False,"['P.J. Brown', 'Chris Duhon', 'Joakim Noah', 'Kirk Hinrich', 'Luol Deng']",True,"['Ben Wallace', 'Taj Gibson', 'P.J. Brown', 'Chris Duhon', 'Joakim Noah', 'Kirk Hinrich', 'Luol Deng']",True,"['Ronnie Brewer', 'Ben Gordon', 'Thabo Sefolosha', 'Ben Wallace', 'Taj Gibson', 'P.J. Brown', 'Chris Duhon', 'Joakim Noah', 'Kirk Hinrich', 'Luol Deng']",True
Matt Barnes,Monta Ellis,"['David Lee', 'Harrison Barnes', 'Monta Ellis']",False,"['Kelenna Azubuike', 'Stephen Curry', 'David Lee', 'Harrison Barnes', 'Monta Ellis']",False,"['C.J. Watson', 'Andris Biedrins', 'Kelenna Azubuike', 'Stephen Curry', 'David Lee', 'Harrison Barnes', 'Monta Ellis']",False,"['Baron Davis', 'Mickael Pietrus', 'Klay Thompson', 'C.J. Watson', 'Andris Biedrins', 'Kelenna Azubuike', 'Stephen Curry', 'David Lee', 'Harrison Barnes', 'Monta Ellis']",False
Chris Duhon,Kirk Hinrich,"['Ben Wallace', 'Chris Duhon', 'Kirk Hinrich']",True,"['Joakim Noah', 'Luol Deng', 'Ben Wallace', 'Chris Duhon', 'Kirk Hinrich']",True,"['Derrick Rose', 'Ben Gordon', 'Joakim Noah', 'Luol Deng', 'Ben Wallace', 'Chris Duhon', 'Kirk Hinrich']",True,"['Kyle Korver', 'Andres Nocioni', 'Jimmy Butler', 'Derrick Rose', 'Ben Gordon', 'Joakim Noah', 'Luol Deng', 'Ben Wallace', 'Chris Duhon', 'Kirk Hinrich']",True
Randy Foye,Kevin Love,"['Luke Ridnour', 'Randy Foye', 'Kevin Love']",True,"['Corey Brewer', 'J.J. Barea', 'Luke Ridnour', 'Randy Foye', 'Kevin Love']",True,"['Joe Johnson', 'Nikola Pekovic', 'Corey Brewer', 'J.J. Barea', 'Luke Ridnour', 'Randy Foye', 'Kevin Love']",True,"['Kevin Martin', 'Craig Smith', 'Josh Smith', 'Joe Johnson', 'Nikola Pekovic', 'Corey Brewer', 'J.J. Barea', 'Luke Ridnour', 'Randy Foye', 'Kevin Love']",True
Matt Harpring,Paul Millsap,"['Deron Williams', 'Mehmet Okur', 'Paul Millsap']",False,"['Gordon Hayward', 'Matt Harpring', 'Deron Williams', 'Mehmet Okur', 'Paul Millsap']",True,"['Earl Watson', 'Enes Kanter', 'Gordon Hayward', 'Matt Harpring', 'Deron Williams', 'Mehmet Okur', 'Paul Millsap']",True,"['Kyle Korver', 'Derrick Favors', 'Carlos Boozer', 'Earl Watson', 'Enes Kanter', 'Gordon Hayward', 'Matt Harpring', 'Deron Williams', 'Mehmet Okur', 'Paul Millsap']",True
Stephen Jackson,Stephen Curry,"['Stephen Jackson', 'Monta Ellis', 'Stephen Curry']",True,"['Klay Thompson', 'Mike Dunleavy', 'Stephen Jackson', 'Monta Ellis', 'Stephen Curry']",True,"['Vladimir Radmanovic', 'Matt Barnes', 'Klay Thompson', 'Mike Dunleavy', 'Stephen Jackson', 'Monta Ellis', 'Stephen Curry']",True,"['Shaun Livingston', 'Mickael Pietrus', 'Troy Murphy', 'Vladimir Radmanovic', 'Matt Barnes', 'Klay Thompson', 'Mike Dunleavy', 'Stephen Jackson', 'Monta Ellis', 'Stephen Curry']",True
Tyrus Thomas,Luol Deng,"['Taj Gibson', 'Tyrus Thomas', 'Luol Deng']",True,"['Kirk Hinrich', 'Thabo Sefolosha', 'Taj Gibson', 'Tyrus Thomas', 'Luol Deng']",True,"['Joakim Noah', 'P.J. Brown', 'Kirk Hinrich', 'Thabo Sefolosha', 'Taj Gibson', 'Tyrus Thomas', 'Luol Deng']",True,"['Richard Hamilton', 'Ronnie Brewer', 'Tony Snell', 'Joakim Noah', 'P.J. Brown', 'Kirk Hinrich', 'Thabo Sefolosha', 'Taj Gibson', 'Tyrus Thomas', 'Luol Deng']",True
Derek Fisher,Andrew Bynum,"['Jordan Farmar', 'Derek Fisher', 'Andrew Bynum']",True,"['Lamar Odom', 'Kobe Bryant', 'Jordan Farmar', 'Derek Fisher', 'Andrew Bynum']",True,"['Sasha Vujacic', 'Didier Ilunga-Mbenga', 'Lamar Odom', 'Kobe Bryant', 'Jordan Farmar', 'Derek Fisher', 'Andrew Bynum']",True,"['Jodie Meeks', 'Javaris Crittenton', 'Chris Mihm', 'Sasha Vujacic', 'Didier Ilunga-Mbenga', 'Lamar Odom', 'Kobe Bryant', 'Jordan Farmar', 'Derek Fisher', 'Andrew Bynum']",True
Desmond Mason,Charlie Bell,"['Ersan Ilyasova', 'Bobby Simmons', 'Charlie Bell']",False,"['Charlie Villanueva', 'Desmond Mason', 'Ersan Ilyasova', 'Bobby Simmons', 'Charlie Bell']",True,"['Mo Williams', 'Brandon Jennings', 'Charlie Villanueva', 'Desmond Mason', 'Ersan Ilyasova', 'Bobby Simmons', 'Charlie Bell']",True,"['Josh Smith', 'Michael Redd', 'Joe Johnson', 'Mo Williams', 'Brandon Jennings', 'Charlie Villanueva', 'Desmond Mason', 'Ersan Ilyasova', 'Bobby Simmons', 'Charlie Bell']",True
Kenyon Martin,Marcus Camby,"['Yakhouba Diawara', 'Linas Kleiza', 'Marcus Camby']",False,"['Kenyon Martin', 'Nene Hilario', 'Yakhouba Diawara', 'Linas Kleiza', 'Marcus Camby']",True,"['Ty Lawson', 'Carmelo Anthony', 'Kenyon Martin', 'Nene Hilario', 'Yakhouba Diawara', 'Linas Kleiza', 'Marcus Camby']",True,"['J.R. Smith', 'Eduardo Najera', 'Allen Iverson', 'Ty Lawson', 'Carmelo Anthony', 'Kenyon Martin', 'Nene Hilario', 'Yakhouba Diawara', 'Linas Kleiza', 'Marcus Camby']",True
Amar'e Stoudemire,Amar'e Stoudemire,"['Channing Frye', 'Boris Diaw', ""Amar'e Stoudemire""]",True,"['Goran Dragic', 'Leandro Barbosa', 'Channing Frye', 'Boris Diaw', ""Amar'e Stoudemire""]",True,"['Jared Dudley', 'Grant Hill', 'Goran Dragic', 'Leandro Barbosa', 'Channing Frye', 'Boris Diaw', ""Amar'e Stoudemire""]",True,"['Eric Bledsoe', 'Raja Bell', 'Steve Nash', 'Jared Dudley', 'Grant Hill', 'Goran Dragic', 'Leandro Barbosa', 'Channing Frye', 'Boris Diaw', ""Amar'e Stoudemire""]",True
LaMarcus Aldridge,Jarrett Jack,"['Joel Przybilla', 'LaMarcus Aldridge', 'Jarrett Jack']",True,"['Brandon Roy', 'Channing Frye', 'Joel Przybilla', 'LaMarcus Aldridge', 'Jarrett Jack']",True,"['Damian Lillard', 'James Jones', 'Brandon Roy', 'Channing Frye', 'Joel Przybilla', 'LaMarcus Aldridge', 'Jarrett Jack']",True,"['Steve Blake', 'Nicolas Batum', 'Martell Webster', 'Damian Lillard', 'James Jones', 'Brandon Roy', 'Channing Frye', 'Joel Przybilla', 'LaMarcus Aldridge', 'Jarrett Jack']",True
Andrei Kirilenko,Andrei Kirilenko,"['C.J. Miles', 'Carlos Boozer', 'Andrei Kirilenko']",True,"['Al Jefferson', 'Deron Williams', 'C.J. Miles', 'Carlos Boozer', 'Andrei Kirilenko']",True,"['Kyle Korver', 'Mehmet Okur', 'Al Jefferson', 'Deron Williams', 'C.J. Miles', 'Carlos Boozer', 'Andrei Kirilenko']",True,"['Derrick Favors', 'Alec Burks', 'Paul Millsap', 'Kyle Korver', 'Mehmet Okur', 'Al Jefferson', 'Deron Williams', 'C.J. Miles', 'Carlos Boozer', 'Andrei Kirilenko']",True
Nene Hilario,Nene Hilario,"['Carmelo Anthony', 'Marcus Camby', 'Nene Hilario']",True,"['Ty Lawson', 'Linas Kleiza', 'Carmelo Anthony', 'Marcus Camby', 'Nene Hilario']",True,"['J.R. Smith', 'Yakhouba Diawara', 'Ty Lawson', 'Linas Kleiza', 'Carmelo Anthony', 'Marcus Camby', 'Nene Hilario']",True,"['Anthony Carter', 'Kenyon Martin', 'Wilson Chandler', 'J.R. Smith', 'Yakhouba Diawara', 'Ty Lawson', 'Linas Kleiza', 'Carmelo Anthony', 'Marcus Camby', 'Nene Hilario']",True
Drew Gooden,Daniel Gibson,"['Drew Gooden', 'LeBron James', 'Daniel Gibson']",True,"['Delonte West', 'Devin Brown', 'Drew Gooden', 'LeBron James', 'Daniel Gibson']",True,"['Anderson Varejao', 'Damon Jones', 'Delonte West', 'Devin Brown', 'Drew Gooden', 'LeBron James', 'Daniel Gibson']",True,"['Eric Snow', 'Larry Hughes', 'Kyrie Irving', 'Anderson Varejao', 'Damon Jones', 'Delonte West', 'Devin Brown', 'Drew Gooden', 'LeBron James', 'Daniel Gibson']",True
Jorge Garbajosa,Chris Bosh,"['Jamario Moon', 'Jose Calderon', 'Chris Bosh']",False,"['Joey Graham', 'DeMar DeRozan', 'Jamario Moon', 'Jose Calderon', 'Chris Bosh']",False,"['Andrea Bargnani', 'Jason Kapono', 'Joey Graham', 'DeMar DeRozan', 'Jamario Moon', 'Jose Calderon', 'Chris Bosh']",False,"['Kyle Lowry', 'Jonas Valanciunas', 'Anthony Parker', 'Andrea Bargnani', 'Jason Kapono', 'Joey Graham', 'DeMar DeRozan', 'Jamario Moon', 'Jose Calderon', 'Chris Bosh']",False
Antonio McDyess,Antonio McDyess,"['Amir Johnson', 'Chauncey Billups', 'Antonio McDyess']",True,"['Tayshaun Prince', 'Ben Gordon', 'Amir Johnson', 'Chauncey Billups', 'Antonio McDyess']",True,"['Austin Daye', 'Jarvis Hayes', 'Tayshaun Prince', 'Ben Gordon', 'Amir Johnson', 'Chauncey Billups', 'Antonio McDyess']",True,"['Andre Drummond', 'Arron Afflalo', 'Richard Hamilton', 'Austin Daye', 'Jarvis Hayes', 'Tayshaun Prince', 'Ben Gordon', 'Amir Johnson', 'Chauncey Billups', 'Antonio McDyess']",True
Monta Ellis,Monta Ellis,"['Matt Barnes', 'Mickael Pietrus', 'Monta Ellis']",True,"['Baron Davis', 'Kelenna Azubuike', 'Matt Barnes', 'Mickael Pietrus', 'Monta Ellis']",True,"['Stephen Curry', 'Klay Thompson', 'Baron Davis', 'Kelenna Azubuike', 'Matt Barnes', 'Mickael Pietrus', 'Monta Ellis']",True,"['Al Harrington', 'Andris Biedrins', 'Stephen Jackson', 'Stephen Curry', 'Klay Thompson', 'Baron Davis', 'Kelenna Azubuike', 'Matt Barnes', 'Mickael Pietrus', 'Monta Ellis']",True
Steve Blake,Steve Blake,"['Sergio Rodriguez', 'LaMarcus Aldridge', 'Steve Blake']",True,"['Nicolas Batum', 'Martell Webster', 'Sergio Rodriguez', 'LaMarcus Aldridge', 'Steve Blake']",True,"['Joel Przybilla', 'Jarrett Jack', 'Nicolas Batum', 'Martell Webster', 'Sergio Rodriguez', 'LaMarcus Aldridge', 'Steve Blake']",True,"['James Jones', 'Brandon Roy', 'Travis Outlaw', 'Joel Przybilla', 'Jarrett Jack', 'Nicolas Batum', 'Martell Webster', 'Sergio Rodriguez', 'LaMarcus Aldridge', 'Steve Blake']",True
DeShawn Stevenson,DeShawn Stevenson,"['Caron Butler', 'Brendan Haywood', 'DeShawn Stevenson']",True,"['Nick Young', 'Antawn Jamison', 'Caron Butler', 'Brendan Haywood', 'DeShawn Stevenson']",True,"['John Wall', 'Nene Hilario', 'Nick Young', 'Antawn Jamison', 'Caron Butler', 'Brendan Haywood', 'DeShawn Stevenson']",True,"['Antonio Daniels', 'Kevin Seraphin', 'Andray Blatche', 'John Wall', 'Nene Hilario', 'Nick Young', 'Antawn Jamison', 'Caron Butler', 'Brendan Haywood', 'DeShawn Stevenson']",True
Andre Miller,Andre Iguodala,"['Lou Williams', 'Andre Miller', 'Andre Iguodala']",True,"['Evan Turner', 'Allen Iverson', 'Lou Williams', 'Andre Miller', 'Andre Iguodala']",True,"['Elton Brand', 'Samuel Dalembert', 'Evan Turner', 'Allen Iverson', 'Lou Williams', 'Andre Miller', 'Andre Iguodala']",True,"['Jrue Holiday', 'Thaddeus Young', 'Jason Smith', 'Elton Brand', 'Samuel Dalembert', 'Evan Turner', 'Allen Iverson', 'Lou Williams', 'Andre Miller', 'Andre Iguodala']",True
Luol Deng,Luol Deng,"['Thabo Sefolosha', 'Tyrus Thomas', 'Luol Deng']",True,"['Kirk Hinrich', 'Taj Gibson', 'Thabo Sefolosha', 'Tyrus Thomas', 'Luol Deng']",True,"['P.J. Brown', 'Ronnie Brewer', 'Kirk Hinrich', 'Taj Gibson', 'Thabo Sefolosha', 'Tyrus Thomas', 'Luol Deng']",True,"['Malik Allen', 'Joakim Noah', 'Tony Snell', 'P.J. Brown', 'Ronnie Brewer', 'Kirk Hinrich', 'Taj Gibson', 'Thabo Sefolosha', 'Tyrus Thomas', 'Luol Deng']",True
Jamal Crawford,Jamal Crawford,"['David Lee', 'Jared Jeffries', 'Jamal Crawford']",True,"['Eddy Curry', 'Nate Robinson', 'David Lee', 'Jared Jeffries', 'Jamal Crawford']",True,"['Renaldo Balkman', 'Quentin Richardson', 'Eddy Curry', 'Nate Robinson', 'David Lee', 'Jared Jeffries', 'Jamal Crawford']",True,"['J.R. Smith', 'Mardy Collins', 'Carmelo Anthony', 'Renaldo Balkman', 'Quentin Richardson', 'Eddy Curry', 'Nate Robinson', 'David Lee', 'Jared Jeffries', 'Jamal Crawford']",True
Jason Kidd,Dirk Nowitzki,"['Jason Kidd', 'Erick Dampier', 'Dirk Nowitzki']",True,"['Devean George', 'Jason Terry', 'Jason Kidd', 'Erick Dampier', 'Dirk Nowitzki']",True,"['Brandon Bass', 'Devin Harris', 'Devean George', 'Jason Terry', 'Jason Kidd', 'Erick Dampier', 'Dirk Nowitzki']",True,"['J.J. Barea', 'Josh Howard', 'DeSagana Diop', 'Brandon Bass', 'Devin Harris', 'Devean George', 'Jason Terry', 'Jason Kidd', 'Erick Dampier', 'Dirk Nowitzki']",True
Ray Allen,Ray Allen,"['Rajon Rondo', 'Tony Allen', 'Ray Allen']",True,"['Leon Powe', 'Paul Pierce', 'Rajon Rondo', 'Tony Allen', 'Ray Allen']",True,"['Kendrick Perkins', 'Kevin Garnett', 'Leon Powe', 'Paul Pierce', 'Rajon Rondo', 'Tony Allen', 'Ray Allen']",True,"[""Shaquille O'Neal"", 'James Posey', 'Tyler Zeller', 'Kendrick Perkins', 'Kevin Garnett', 'Leon Powe', 'Paul Pierce', 'Rajon Rondo', 'Tony Allen', 'Ray Allen']",True
Lindsey Hunter,Jason Maxiell,"['Richard Hamilton', 'Rasheed Wallace', 'Jason Maxiell']",False,"['Lindsey Hunter', 'Rodney Stuckey', 'Richard Hamilton', 'Rasheed Wallace', 'Jason Maxiell']",True,"['Chauncey Billups', 'Jarvis Hayes', 'Lindsey Hunter', 'Rodney Stuckey', 'Richard Hamilton', 'Rasheed Wallace', 'Jason Maxiell']",True,"['Charlie Villanueva', 'Tayshaun Prince', 'Greg Monroe', 'Chauncey Billups', 'Jarvis Hayes', 'Lindsey Hunter', 'Rodney Stuckey', 'Richard Hamilton', 'Rasheed Wallace', 'Jason Maxiell']",True
LaMarcus Aldridge,LaMarcus Aldridge,"['Martell Webster', 'Jarrett Jack', 'LaMarcus Aldridge']",True,"['Nicolas Batum', 'Joel Przybilla', 'Martell Webster', 'Jarrett Jack', 'LaMarcus Aldridge']",True,"['Sergio Rodriguez', 'Brandon Roy', 'Nicolas Batum', 'Joel Przybilla', 'Martell Webster', 'Jarrett Jack', 'LaMarcus Aldridge']",True,"['Steve Blake', 'James Jones', 'Travis Outlaw', 'Sergio Rodriguez', 'Brandon Roy', 'Nicolas Batum', 'Joel Przybilla', 'Martell Webster', 'Jarrett Jack', 'LaMarcus Aldridge']",True
Jared Jeffries,Jamal Crawford,"['Nate Robinson', 'Jared Jeffries', 'Jamal Crawford']",True,"['Carmelo Anthony', 'David Lee', 'Nate Robinson', 'Jared Jeffries', 'Jamal Crawford']",True,"['Danilo Gallinari', 'Eddy Curry', 'Carmelo Anthony', 'David Lee', 'Nate Robinson', 'Jared Jeffries', 'Jamal Crawford']",True,"['Quentin Richardson', 'Raymond Felton', 'J.R. Smith', 'Danilo Gallinari', 'Eddy Curry', 'Carmelo Anthony', 'David Lee', 'Nate Robinson', 'Jared Jeffries', 'Jamal Crawford']",True
DeShawn Stevenson,Roger Mason,"['Gilbert Arenas', 'DeShawn Stevenson', 'Roger Mason']",True,"['Antawn Jamison', 'Nick Young', 'Gilbert Arenas', 'DeShawn Stevenson', 'Roger Mason']",True,"['Darius Songaila', 'Caron Butler', 'Antawn Jamison', 'Nick Young', 'Gilbert Arenas', 'DeShawn Stevenson', 'Roger Mason']",True,"['Brendan Haywood', 'Trevor Ariza', 'Antonio Daniels', 'Darius Songaila', 'Caron Butler', 'Antawn Jamison', 'Nick Young', 'Gilbert Arenas', 'DeShawn Stevenson', 'Roger Mason']",True
Mark Blount,Jason Williams,"['Dwyane Wade', 'Ricky Davis', 'Jason Williams']",False,"[""Shaquille O'Neal"", 'Mark Blount', 'Dwyane Wade', 'Ricky Davis', 'Jason Williams']",True,"['Joel Anthony', 'Daequan Cook', ""Shaquille O'Neal"", 'Mark Blount', 'Dwyane Wade', 'Ricky Davis', 'Jason Williams']",True,"['Mario Chalmers', 'James Posey', 'Udonis Haslem', 'Joel Anthony', 'Daequan Cook', ""Shaquille O'Neal"", 'Mark Blount', 'Dwyane Wade', 'Ricky Davis', 'Jason Williams']",True
Eduardo Najera,Carmelo Anthony,"['Eduardo Najera', 'Anthony Carter', 'Carmelo Anthony']",True,"['Chauncey Billups', 'J.R. Smith', 'Eduardo Najera', 'Anthony Carter', 'Carmelo Anthony']",True,"['Linas Kleiza', 'Chris Andersen', 'Chauncey Billups', 'J.R. Smith', 'Eduardo Najera', 'Anthony Carter', 'Carmelo Anthony']",True,"['Allen Iverson', 'Andre Miller', 'Marcus Camby', 'Linas Kleiza', 'Chris Andersen', 'Chauncey Billups', 'J.R. Smith', 'Eduardo Najera', 'Anthony Carter', 'Carmelo Anthony']",True
Francisco Garcia,Francisco Garcia,"['John Salmons', 'Beno Udrih', 'Francisco Garcia']",True,"['Anthony Johnson', 'Brad Miller', 'John Salmons', 'Beno Udrih', 'Francisco Garcia']",True,"['Metta World Peace', 'Kevin Martin', 'Anthony Johnson', 'Brad Miller', 'John Salmons', 'Beno Udrih', 'Francisco Garcia']",True,"['DeMarcus Cousins', 'Corliss Williamson', 'Dahntay Jones', 'Metta World Peace', 'Kevin Martin', 'Anthony Johnson', 'Brad Miller', 'John Salmons', 'Beno Udrih', 'Francisco Garcia']",True
Willie Green,Willie Green,"['Samuel Dalembert', 'Thaddeus Young', 'Willie Green']",True,"['Rodney Carney', 'Spencer Hawes', 'Samuel Dalembert', 'Thaddeus Young', 'Willie Green']",True,"['Reggie Evans', 'Andre Iguodala', 'Rodney Carney', 'Spencer Hawes', 'Samuel Dalembert', 'Thaddeus Young', 'Willie Green']",True,"['Jrue Holiday', 'Andre Miller', 'Lou Williams', 'Reggie Evans', 'Andre Iguodala', 'Rodney Carney', 'Spencer Hawes', 'Samuel Dalembert', 'Thaddeus Young', 'Willie Green']",True
Josh Smith,Joe Johnson,"['Jamal Crawford', 'Josh Smith', 'Joe Johnson']",True,"['Dwight Howard', 'Marvin Williams', 'Jamal Crawford', 'Josh Smith', 'Joe Johnson']",True,"['Carmelo Anthony', 'Monta Ellis', 'Dwight Howard', 'Marvin Williams', 'Jamal Crawford', 'Josh Smith', 'Joe Johnson']",True,"['J.R. Smith', 'Al Horford', 'Deron Williams', 'Carmelo Anthony', 'Monta Ellis', 'Dwight Howard', 'Marvin Williams', 'Jamal Crawford', 'Josh Smith', 'Joe Johnson']",True
Martell Webster,Martell Webster,"['Nicolas Batum', 'LaMarcus Aldridge', 'Martell Webster']",True,"['Steve Blake', 'Joel Przybilla', 'Nicolas Batum', 'LaMarcus Aldridge', 'Martell Webster']",True,"['Jarrett Jack', 'Brandon Roy', 'Steve Blake', 'Joel Przybilla', 'Nicolas Batum', 'LaMarcus Aldridge', 'Martell Webster']",True,"['Rudy Fernandez', 'Travis Outlaw', 'Sergio Rodriguez', 'Jarrett Jack', 'Brandon Roy', 'Steve Blake', 'Joel Przybilla', 'Nicolas Batum', 'LaMarcus Aldridge', 'Martell Webster']",True
Devin Brown,LeBron James,"['Anderson Varejao', 'Kyrie Irving', 'LeBron James']",False,"['Mo Williams', 'Daniel Gibson', 'Anderson Varejao', 'Kyrie Irving', 'LeBron James']",False,"['Tristan Thompson', 'Sasha Pavlovic', 'Mo Williams', 'Daniel Gibson', 'Anderson Varejao', 'Kyrie Irving', 'LeBron James']",False,"['Joe Smith', 'Jarrett Jack', 'Larry Hughes', 'Tristan Thompson', 'Sasha Pavlovic', 'Mo Williams', 'Daniel Gibson', 'Anderson Varejao', 'Kyrie Irving', 'LeBron James']",False
Oleksiy Pecherov,Roger Mason,"['DeShawn Stevenson', 'Nick Young', 'Roger Mason']",False,"['Trevor Ariza', 'Gilbert Arenas', 'DeShawn Stevenson', 'Nick Young', 'Roger Mason']",False,"['Antawn Jamison', 'Trevor Booker', 'Trevor Ariza', 'Gilbert Arenas', 'DeShawn Stevenson', 'Nick Young', 'Roger Mason']",False,"['Andray Blatche', 'Nene Hilario', 'Caron Butler', 'Antawn Jamison', 'Trevor Booker', 'Trevor Ariza', 'Gilbert Arenas', 'DeShawn Stevenson', 'Nick Young', 'Roger Mason']",False
Grant Hill,Leandro Barbosa,"['Raja Bell', 'Grant Hill', 'Leandro Barbosa']",True,"[""Amar'e Stoudemire"", 'Jared Dudley', 'Raja Bell', 'Grant Hill', 'Leandro Barbosa']",True,"['Shawn Marion', 'Steve Nash', ""Amar'e Stoudemire"", 'Jared Dudley', 'Raja Bell', 'Grant Hill', 'Leandro Barbosa']",True,"['Jason Richardson', 'Boris Diaw', 'Goran Dragic', 'Shawn Marion', 'Steve Nash', ""Amar'e Stoudemire"", 'Jared Dudley', 'Raja Bell', 'Grant Hill', 'Leandro Barbosa']",True
Gordan Giricek,Grant Hill,"['Leandro Barbosa', 'Boris Diaw', 'Grant Hill']",False,"['Brian Skinner', 'Jared Dudley', 'Leandro Barbosa', 'Boris Diaw', 'Grant Hill']",False,"['Raja Bell', 'Goran Dragic', 'Brian Skinner', 'Jared Dudley', 'Leandro Barbosa', 'Boris Diaw', 'Grant Hill']",False,"['Shawn Marion', 'Jason Richardson', 'Steve Nash', 'Raja Bell', 'Goran Dragic', 'Brian Skinner', 'Jared Dudley', 'Leandro Barbosa', 'Boris Diaw', 'Grant Hill']",False
Paul Millsap,Ronnie Brewer,"['Mehmet Okur', 'Paul Millsap', 'Ronnie Brewer']",True,"['Matt Harpring', 'Ronnie Price', 'Mehmet Okur', 'Paul Millsap', 'Ronnie Brewer']",True,"['Andrei Kirilenko', 'Deron Williams', 'Matt Harpring', 'Ronnie Price', 'Mehmet Okur', 'Paul Millsap', 'Ronnie Brewer']",True,"['Carlos Boozer', 'Trey Burke', 'Wesley Matthews', 'Andrei Kirilenko', 'Deron Williams', 'Matt Harpring', 'Ronnie Price', 'Mehmet Okur', 'Paul Millsap', 'Ronnie Brewer']",True
Tony Parker,Tony Parker,"['Michael Finley', 'Tim Duncan', 'Tony Parker']",True,"['Tiago Splitter', 'Manu Ginobili', 'Michael Finley', 'Tim Duncan', 'Tony Parker']",True,"['Bruce Bowen', 'Matt Bonner', 'Tiago Splitter', 'Manu Ginobili', 'Michael Finley', 'Tim Duncan', 'Tony Parker']",True,"['Robert Horry', 'Roger Mason', 'Fabricio Oberto', 'Bruce Bowen', 'Matt Bonner', 'Tiago Splitter', 'Manu Ginobili', 'Michael Finley', 'Tim Duncan', 'Tony Parker']",True
Rudy Gay,Rudy Gay,"['Mike Miller', 'Stromile Swift', 'Rudy Gay']",True,"['Pau Gasol', 'Zach Randolph', 'Mike Miller', 'Stromile Swift', 'Rudy Gay']",True,"['Juan Carlos Navarro', 'Tarence Kinsey', 'Pau Gasol', 'Zach Randolph', 'Mike Miller', 'Stromile Swift', 'Rudy Gay']",True,"['Hakim Warrick', 'Kyle Lowry', 'Mike Conley', 'Juan Carlos Navarro', 'Tarence Kinsey', 'Pau Gasol', 'Zach Randolph', 'Mike Miller', 'Stromile Swift', 'Rudy Gay']",True
Joel Anthony,Jason Williams,"['Joel Anthony', 'Dwyane Wade', 'Jason Williams']",True,"['Daequan Cook', 'Ricky Davis', 'Joel Anthony', 'Dwyane Wade', 'Jason Williams']",True,"['Kasib Powell', 'Mario Chalmers', 'Daequan Cook', 'Ricky Davis', 'Joel Anthony', 'Dwyane Wade', 'Jason Williams']",True,"['Udonis Haslem', 'Mark Blount', 'Earl Barron', 'Kasib Powell', 'Mario Chalmers', 'Daequan Cook', 'Ricky Davis', 'Joel Anthony', 'Dwyane Wade', 'Jason Williams']",True
Kirk Hinrich,Kirk Hinrich,"['Joakim Noah', 'Luol Deng', 'Kirk Hinrich']",True,"['Ben Gordon', 'Chris Duhon', 'Joakim Noah', 'Luol Deng', 'Kirk Hinrich']",True,"['Thabo Sefolosha', 'Larry Hughes', 'Ben Gordon', 'Chris Duhon', 'Joakim Noah', 'Luol Deng', 'Kirk Hinrich']",True,"['Ben Wallace', 'Derrick Rose', 'Taj Gibson', 'Thabo Sefolosha', 'Larry Hughes', 'Ben Gordon', 'Chris Duhon', 'Joakim Noah', 'Luol Deng', 'Kirk Hinrich']",True
Chris Bosh,Chris Bosh,"['Jamario Moon', 'Jason Kapono', 'Chris Bosh']",True,"['DeMar DeRozan', 'Jose Calderon', 'Jamario Moon', 'Jason Kapono', 'Chris Bosh']",True,"['T.J. Ford', 'Carlos Delfino', 'DeMar DeRozan', 'Jose Calderon', 'Jamario Moon', 'Jason Kapono', 'Chris Bosh']",True,"['Andrea Bargnani', 'Anthony Parker', 'Joey Graham', 'T.J. Ford', 'Carlos Delfino', 'DeMar DeRozan', 'Jose Calderon', 'Jamario Moon', 'Jason Kapono', 'Chris Bosh']",True
Beno Udrih,Beno Udrih,"['Brad Miller', 'Francisco Garcia', 'Beno Udrih']",True,"['Anthony Johnson', 'John Salmons', 'Brad Miller', 'Francisco Garcia', 'Beno Udrih']",True,"['Metta World Peace', 'Kevin Martin', 'Anthony Johnson', 'John Salmons', 'Brad Miller', 'Francisco Garcia', 'Beno Udrih']",True,"['Corliss Williamson', 'Mike Bibby', 'Mikki Moore', 'Metta World Peace', 'Kevin Martin', 'Anthony Johnson', 'John Salmons', 'Brad Miller', 'Francisco Garcia', 'Beno Udrih']",True
Randy Foye,Ryan Gomes,"['Rashad McCants', 'Randy Foye', 'Ryan Gomes']",True,"['Kevin Love', 'Marko Jaric', 'Rashad McCants', 'Randy Foye', 'Ryan Gomes']",True,"['Luke Ridnour', 'Corey Brewer', 'Kevin Love', 'Marko Jaric', 'Rashad McCants', 'Randy Foye', 'Ryan Gomes']",True,"['Josh Smith', 'Ricky Davis', 'Joe Johnson', 'Luke Ridnour', 'Corey Brewer', 'Kevin Love', 'Marko Jaric', 'Rashad McCants', 'Randy Foye', 'Ryan Gomes']",True
Mike Dunleavy,Mike Dunleavy,"['Travis Diener', 'Marquis Daniels', 'Mike Dunleavy']",True,"[""Jermaine O'Neal"", 'Jeff Foster', 'Travis Diener', 'Marquis Daniels', 'Mike Dunleavy']",True,"['Danny Granger', 'Shawne Williams', ""Jermaine O'Neal"", 'Jeff Foster', 'Travis Diener', 'Marquis Daniels', 'Mike Dunleavy']",True,"['Ike Diogu', 'Ronald Murray', 'Roy Hibbert', 'Danny Granger', 'Shawne Williams', ""Jermaine O'Neal"", 'Jeff Foster', 'Travis Diener', 'Marquis Daniels', 'Mike Dunleavy']",True
Tracy McGrady,Tracy McGrady,"['Yao Ming', 'Shane Battier', 'Tracy McGrady']",True,"['Luis Scola', 'Trevor Ariza', 'Yao Ming', 'Shane Battier', 'Tracy McGrady']",True,"['Terrence Jones', 'Patrick Patterson', 'Luis Scola', 'Trevor Ariza', 'Yao Ming', 'Shane Battier', 'Tracy McGrady']",True,"['Zaza Pachulia', 'Kyle Lowry', 'Rafer Alston', 'Terrence Jones', 'Patrick Patterson', 'Luis Scola', 'Trevor Ariza', 'Yao Ming', 'Shane Battier', 'Tracy McGrady']",True
Anderson Varejao,Anderson Varejao,"['Ben Wallace', 'Daniel Gibson', 'Anderson Varejao']",True,"['LeBron James', 'Alonzo Gee', 'Ben Wallace', 'Daniel Gibson', 'Anderson Varejao']",True,"['Drew Gooden', 'Damon Jones', 'LeBron James', 'Alonzo Gee', 'Ben Wallace', 'Daniel Gibson', 'Anderson Varejao']",True,"['Kyrie Irving', 'Antawn Jamison', 'Devin Brown', 'Drew Gooden', 'Damon Jones', 'LeBron James', 'Alonzo Gee', 'Ben Wallace', 'Daniel Gibson', 'Anderson Varejao']",True
Joel Anthony,Ricky Davis,"['Mark Blount', 'Joel Anthony', 'Ricky Davis']",True,"['Dwyane Wade', 'Jason Williams', 'Mark Blount', 'Joel Anthony', 'Ricky Davis']",True,"['Mario Chalmers', ""Shaquille O'Neal"", 'Dwyane Wade', 'Jason Williams', 'Mark Blount', 'Joel Anthony', 'Ricky Davis']",True,"['James Posey', 'Udonis Haslem', 'Earl Barron', 'Mario Chalmers', ""Shaquille O'Neal"", 'Dwyane Wade', 'Jason Williams', 'Mark Blount', 'Joel Anthony', 'Ricky Davis']",True
Juan Carlos Navarro,Mike Miller,"['Kyle Lowry', 'Rudy Gay', 'Mike Miller']",False,"['Mike Conley', 'Hakim Warrick', 'Kyle Lowry', 'Rudy Gay', 'Mike Miller']",False,"['Juan Carlos Navarro', 'Pau Gasol', 'Mike Conley', 'Hakim Warrick', 'Kyle Lowry', 'Rudy Gay', 'Mike Miller']",True,"['O.J. Mayo', 'Darko Milicic', 'Damon Stoudamire', 'Juan Carlos Navarro', 'Pau Gasol', 'Mike Conley', 'Hakim Warrick', 'Kyle Lowry', 'Rudy Gay', 'Mike Miller']",True
Boris Diaw,Amar'e Stoudemire,"['Channing Frye', 'Boris Diaw', ""Amar'e Stoudemire""]",True,"['Goran Dragic', 'Grant Hill', 'Channing Frye', 'Boris Diaw', ""Amar'e Stoudemire""]",True,"['Jared Dudley', 'Leandro Barbosa', 'Goran Dragic', 'Grant Hill', 'Channing Frye', 'Boris Diaw', ""Amar'e Stoudemire""]",True,"['Alex Len', 'Raja Bell', 'Steve Nash', 'Jared Dudley', 'Leandro Barbosa', 'Goran Dragic', 'Grant Hill', 'Channing Frye', 'Boris Diaw', ""Amar'e Stoudemire""]",True
Jason Williams,Dwyane Wade,"['Ricky Davis', 'Jason Williams', 'Dwyane Wade']",True,"['Dorell Wright', 'Daequan Cook', 'Ricky Davis', 'Jason Williams', 'Dwyane Wade']",True,"['Udonis Haslem', 'Earl Barron', 'Dorell Wright', 'Daequan Cook', 'Ricky Davis', 'Jason Williams', 'Dwyane Wade']",True,"['Antoine Walker', 'Joel Anthony', 'Chris Quinn', 'Udonis Haslem', 'Earl Barron', 'Dorell Wright', 'Daequan Cook', 'Ricky Davis', 'Jason Williams', 'Dwyane Wade']",True
Rashad McCants,Ryan Gomes,"['Rashad McCants', 'Randy Foye', 'Ryan Gomes']",True,"['Kevin Love', 'Marko Jaric', 'Rashad McCants', 'Randy Foye', 'Ryan Gomes']",True,"['Joe Johnson', 'Luke Ridnour', 'Kevin Love', 'Marko Jaric', 'Rashad McCants', 'Randy Foye', 'Ryan Gomes']",True,"['Nikola Pekovic', 'Corey Brewer', 'Josh Smith', 'Joe Johnson', 'Luke Ridnour', 'Kevin Love', 'Marko Jaric', 'Rashad McCants', 'Randy Foye', 'Ryan Gomes']",True
Daequan Cook,Daequan Cook,"['Dorell Wright', 'Dwyane Wade', 'Daequan Cook']",True,"['Jason Williams', 'Joel Anthony', 'Dorell Wright', 'Dwyane Wade', 'Daequan Cook']",True,"['Chris Quinn', 'Udonis Haslem', 'Jason Williams', 'Joel Anthony', 'Dorell Wright', 'Dwyane Wade', 'Daequan Cook']",True,"['Anfernee Hardaway', 'Ricky Davis', 'Earl Barron', 'Chris Quinn', 'Udonis Haslem', 'Jason Williams', 'Joel Anthony', 'Dorell Wright', 'Dwyane Wade', 'Daequan Cook']",True
Francisco Garcia,John Salmons,"['Kevin Martin', 'Francisco Garcia', 'John Salmons']",True,"['Metta World Peace', 'Brad Miller', 'Kevin Martin', 'Francisco Garcia', 'John Salmons']",True,"['Mikki Moore', 'Kenny Thomas', 'Metta World Peace', 'Brad Miller', 'Kevin Martin', 'Francisco Garcia', 'John Salmons']",True,"['Mike Bibby', 'Jason Thompson', 'Beno Udrih', 'Mikki Moore', 'Kenny Thomas', 'Metta World Peace', 'Brad Miller', 'Kevin Martin', 'Francisco Garcia', 'John Salmons']",True
Baron Davis,Monta Ellis,"['Kelenna Azubuike', 'Baron Davis', 'Monta Ellis']",True,"['Harrison Barnes', 'Matt Barnes', 'Kelenna Azubuike', 'Baron Davis', 'Monta Ellis']",True,"['Andris Biedrins', 'Mickael Pietrus', 'Harrison Barnes', 'Matt Barnes', 'Kelenna Azubuike', 'Baron Davis', 'Monta Ellis']",True,"['Stephen Jackson', 'Stephen Curry', 'David Lee', 'Andris Biedrins', 'Mickael Pietrus', 'Harrison Barnes', 'Matt Barnes', 'Kelenna Azubuike', 'Baron Davis', 'Monta Ellis']",True
Michael Redd,Michael Redd,"['Charlie Bell', 'Mo Williams', 'Michael Redd']",True,"['Joe Johnson', 'Ersan Ilyasova', 'Charlie Bell', 'Mo Williams', 'Michael Redd']",True,"['Josh Smith', 'Charlie Villanueva', 'Joe Johnson', 'Ersan Ilyasova', 'Charlie Bell', 'Mo Williams', 'Michael Redd']",True,"['Luc Mbah a Moute', 'Desmond Mason', 'Andrew Bogut', 'Josh Smith', 'Charlie Villanueva', 'Joe Johnson', 'Ersan Ilyasova', 'Charlie Bell', 'Mo Williams', 'Michael Redd']",True
Michael Finley,Tony Parker,"['Michael Finley', 'Tim Duncan', 'Tony Parker']",True,"['Matt Bonner', 'Manu Ginobili', 'Michael Finley', 'Tim Duncan', 'Tony Parker']",True,"['Robert Horry', 'Tiago Splitter', 'Matt Bonner', 'Manu Ginobili', 'Michael Finley', 'Tim Duncan', 'Tony Parker']",True,"['Bruce Bowen', 'Jacque Vaughn', 'Patty Mills', 'Robert Horry', 'Tiago Splitter', 'Matt Bonner', 'Manu Ginobili', 'Michael Finley', 'Tim Duncan', 'Tony Parker']",True
Ime Udoka,Bruce Bowen,"['Aron Baynes', 'Boris Diaw', 'Bruce Bowen']",False,"['Ime Udoka', 'Tim Duncan', 'Aron Baynes', 'Boris Diaw', 'Bruce Bowen']",True,"['DeJuan Blair', 'Brent Barry', 'Ime Udoka', 'Tim Duncan', 'Aron Baynes', 'Boris Diaw', 'Bruce Bowen']",True,"['Tony Parker', 'Danny Green', 'Manu Ginobili', 'DeJuan Blair', 'Brent Barry', 'Ime Udoka', 'Tim Duncan', 'Aron Baynes', 'Boris Diaw', 'Bruce Bowen']",True
Monta Ellis,Monta Ellis,"['Matt Barnes', 'Mickael Pietrus', 'Monta Ellis']",True,"['Baron Davis', 'Kelenna Azubuike', 'Matt Barnes', 'Mickael Pietrus', 'Monta Ellis']",True,"['Stephen Curry', 'Klay Thompson', 'Baron Davis', 'Kelenna Azubuike', 'Matt Barnes', 'Mickael Pietrus', 'Monta Ellis']",True,"['Al Harrington', 'Stephen Jackson', 'Andris Biedrins', 'Stephen Curry', 'Klay Thompson', 'Baron Davis', 'Kelenna Azubuike', 'Matt Barnes', 'Mickael Pietrus', 'Monta Ellis']",True
Corey Brewer,Corey Brewer,"['Kevin Martin', 'Kevin Love', 'Corey Brewer']",True,"['Craig Smith', 'Marko Jaric', 'Kevin Martin', 'Kevin Love', 'Corey Brewer']",True,"['Joe Johnson', 'Antoine Walker', 'Craig Smith', 'Marko Jaric', 'Kevin Martin', 'Kevin Love', 'Corey Brewer']",True,"['Josh Smith', 'Randy Foye', 'Luke Ridnour', 'Joe Johnson', 'Antoine Walker', 'Craig Smith', 'Marko Jaric', 'Kevin Martin', 'Kevin Love', 'Corey Brewer']",True
Jason Terry,Jason Terry,"['Jason Kidd', 'Dirk Nowitzki', 'Jason Terry']",True,"['J.J. Barea', 'Erick Dampier', 'Jason Kidd', 'Dirk Nowitzki', 'Jason Terry']",True,"['Devin Harris', 'Eddie Jones', 'J.J. Barea', 'Erick Dampier', 'Jason Kidd', 'Dirk Nowitzki', 'Jason Terry']",True,"['Devean George', 'Josh Howard', 'Jerry Stackhouse', 'Devin Harris', 'Eddie Jones', 'J.J. Barea', 'Erick Dampier', 'Jason Kidd', 'Dirk Nowitzki', 'Jason Terry']",True
Anthony Parker,Carlos Delfino,"['Anthony Parker', 'Chris Bosh', 'Carlos Delfino']",True,"['Jason Kapono', 'DeMar DeRozan', 'Anthony Parker', 'Chris Bosh', 'Carlos Delfino']",True,"['Jamario Moon', 'Andrea Bargnani', 'Jason Kapono', 'DeMar DeRozan', 'Anthony Parker', 'Chris Bosh', 'Carlos Delfino']",True,"['Amir Johnson', 'Joey Graham', 'Jose Calderon', 'Jamario Moon', 'Andrea Bargnani', 'Jason Kapono', 'DeMar DeRozan', 'Anthony Parker', 'Chris Bosh', 'Carlos Delfino']",True
Rashad McCants,Sebastian Telfair,"['Wayne Ellington', 'Ryan Gomes', 'Sebastian Telfair']",False,"['Trenton Hassell', 'Ricky Rubio', 'Wayne Ellington', 'Ryan Gomes', 'Sebastian Telfair']",False,"['Ricky Davis', 'Wesley Johnson', 'Trenton Hassell', 'Ricky Rubio', 'Wayne Ellington', 'Ryan Gomes', 'Sebastian Telfair']",False,"['Zaza Pachulia', 'Rashad McCants', 'Nikola Pekovic', 'Ricky Davis', 'Wesley Johnson', 'Trenton Hassell', 'Ricky Rubio', 'Wayne Ellington', 'Ryan Gomes', 'Sebastian Telfair']",True
Sasha Pavlovic,LeBron James,"['Sasha Pavlovic', 'Larry Hughes', 'LeBron James']",True,"['Anderson Varejao', 'Kyrie Irving', 'Sasha Pavlovic', 'Larry Hughes', 'LeBron James']",True,"['Mo Williams', 'Daniel Gibson', 'Anderson Varejao', 'Kyrie Irving', 'Sasha Pavlovic', 'Larry Hughes', 'LeBron James']",True,"['Zydrunas Ilgauskas', 'Devin Brown', 'Tristan Thompson', 'Mo Williams', 'Daniel Gibson', 'Anderson Varejao', 'Kyrie Irving', 'Sasha Pavlovic', 'Larry Hughes', 'LeBron James']",True
Steve Nash,Steve Nash,"['P.J. Tucker', 'Raja Bell', 'Steve Nash']",True,"['Shawn Marion', 'Leandro Barbosa', 'P.J. Tucker', 'Raja Bell', 'Steve Nash']",True,"['Shannon Brown', 'Vince Carter', 'Shawn Marion', 'Leandro Barbosa', 'P.J. Tucker', 'Raja Bell', 'Steve Nash']",True,"[""Amar'e Stoudemire"", ""Shaquille O'Neal"", 'Markieff Morris', 'Shannon Brown', 'Vince Carter', 'Shawn Marion', 'Leandro Barbosa', 'P.J. Tucker', 'Raja Bell', 'Steve Nash']",True
Kyle Lowry,Mike Miller,"['Mike Conley', 'Kyle Lowry', 'Mike Miller']",True,"['Rudy Gay', 'Hakim Warrick', 'Mike Conley', 'Kyle Lowry', 'Mike Miller']",True,"['Juan Carlos Navarro', 'Pau Gasol', 'Rudy Gay', 'Hakim Warrick', 'Mike Conley', 'Kyle Lowry', 'Mike Miller']",True,"['Damon Stoudamire', 'O.J. Mayo', 'Marc Gasol', 'Juan Carlos Navarro', 'Pau Gasol', 'Rudy Gay', 'Hakim Warrick', 'Mike Conley', 'Kyle Lowry', 'Mike Miller']",True
Antonio McDyess,Antonio McDyess,"['Amir Johnson', 'Chauncey Billups', 'Antonio McDyess']",True,"['Ben Gordon', 'Richard Hamilton', 'Amir Johnson', 'Chauncey Billups', 'Antonio McDyess']",True,"['Jason Maxiell', 'Andre Drummond', 'Ben Gordon', 'Richard Hamilton', 'Amir Johnson', 'Chauncey Billups', 'Antonio McDyess']",True,"['Austin Daye', 'Jarvis Hayes', 'Tayshaun Prince', 'Jason Maxiell', 'Andre Drummond', 'Ben Gordon', 'Richard Hamilton', 'Amir Johnson', 'Chauncey Billups', 'Antonio McDyess']",True
Rasho Nesterovic,Jose Calderon,"['Rasho Nesterovic', 'T.J. Ford', 'Jose Calderon']",True,"['Kris Humphries', 'Chris Bosh', 'Rasho Nesterovic', 'T.J. Ford', 'Jose Calderon']",True,"['Anthony Parker', 'DeMar DeRozan', 'Kris Humphries', 'Chris Bosh', 'Rasho Nesterovic', 'T.J. Ford', 'Jose Calderon']",True,"['Carlos Delfino', 'Andrea Bargnani', 'Jamario Moon', 'Anthony Parker', 'DeMar DeRozan', 'Kris Humphries', 'Chris Bosh', 'Rasho Nesterovic', 'T.J. Ford', 'Jose Calderon']",True
Keith Bogans,Jameer Nelson,"['Dwight Howard', 'Hedo Turkoglu', 'Jameer Nelson']",False,"['J.J. Redick', 'Keith Bogans', 'Dwight Howard', 'Hedo Turkoglu', 'Jameer Nelson']",True,"['Rashard Lewis', 'Keyon Dooling', 'J.J. Redick', 'Keith Bogans', 'Dwight Howard', 'Hedo Turkoglu', 'Jameer Nelson']",True,"['Joe Johnson', 'Mickael Pietrus', 'Carlos Arroyo', 'Rashard Lewis', 'Keyon Dooling', 'J.J. Redick', 'Keith Bogans', 'Dwight Howard', 'Hedo Turkoglu', 'Jameer Nelson']",True
Francisco Garcia,John Salmons,"['Kevin Martin', 'Francisco Garcia', 'John Salmons']",True,"['Mikki Moore', 'Metta World Peace', 'Kevin Martin', 'Francisco Garcia', 'John Salmons']",True,"['Kenny Thomas', 'Brad Miller', 'Mikki Moore', 'Metta World Peace', 'Kevin Martin', 'Francisco Garcia', 'John Salmons']",True,"['Jason Thompson', 'Beno Udrih', 'Justin Williams', 'Kenny Thomas', 'Brad Miller', 'Mikki Moore', 'Metta World Peace', 'Kevin Martin', 'Francisco Garcia', 'John Salmons']",True
Kelenna Azubuike,Monta Ellis,"['Baron Davis', 'Kelenna Azubuike', 'Monta Ellis']",True,"['Mickael Pietrus', 'Matt Barnes', 'Baron Davis', 'Kelenna Azubuike', 'Monta Ellis']",True,"['Stephen Jackson', 'Andris Biedrins', 'Mickael Pietrus', 'Matt Barnes', 'Baron Davis', 'Kelenna Azubuike', 'Monta Ellis']",True,"['Harrison Barnes', 'Stephen Curry', 'Al Harrington', 'Stephen Jackson', 'Andris Biedrins', 'Mickael Pietrus', 'Matt Barnes', 'Baron Davis', 'Kelenna Azubuike', 'Monta Ellis']",True
Bruce Bowen,Bruce Bowen,"['Manu Ginobili', 'Brent Barry', 'Bruce Bowen']",True,"['Tim Duncan', 'Ime Udoka', 'Manu Ginobili', 'Brent Barry', 'Bruce Bowen']",True,"['Michael Finley', 'Francisco Elson', 'Tim Duncan', 'Ime Udoka', 'Manu Ginobili', 'Brent Barry', 'Bruce Bowen']",True,"['Boris Diaw', 'Antonio McDyess', 'DeJuan Blair', 'Michael Finley', 'Francisco Elson', 'Tim Duncan', 'Ime Udoka', 'Manu Ginobili', 'Brent Barry', 'Bruce Bowen']",True
Jason Kapono,Jose Calderon,"['Jason Kapono', 'Jamario Moon', 'Jose Calderon']",True,"['Anthony Parker', 'Rasho Nesterovic', 'Jason Kapono', 'Jamario Moon', 'Jose Calderon']",True,"['Andrea Bargnani', 'Chris Bosh', 'Anthony Parker', 'Rasho Nesterovic', 'Jason Kapono', 'Jamario Moon', 'Jose Calderon']",True,"['Kyle Lowry', 'T.J. Ford', 'DeMar DeRozan', 'Andrea Bargnani', 'Chris Bosh', 'Anthony Parker', 'Rasho Nesterovic', 'Jason Kapono', 'Jamario Moon', 'Jose Calderon']",True
Carlos Arroyo,Dwight Howard,"['J.J. Redick', 'Hedo Turkoglu', 'Dwight Howard']",False,"['Rashard Lewis', 'Jameer Nelson', 'J.J. Redick', 'Hedo Turkoglu', 'Dwight Howard']",False,"['Keith Bogans', 'Glen Davis', 'Rashard Lewis', 'Jameer Nelson', 'J.J. Redick', 'Hedo Turkoglu', 'Dwight Howard']",False,"['Keyon Dooling', ""E'Twaun Moore"", 'Carlos Arroyo', 'Keith Bogans', 'Glen Davis', 'Rashard Lewis', 'Jameer Nelson', 'J.J. Redick', 'Hedo Turkoglu', 'Dwight Howard']",True
Mike Miller,Rudy Gay,"['Kyle Lowry', 'Mike Miller', 'Rudy Gay']",True,"['Stromile Swift', 'Pau Gasol', 'Kyle Lowry', 'Mike Miller', 'Rudy Gay']",True,"['Juan Carlos Navarro', 'Mike Conley', 'Stromile Swift', 'Pau Gasol', 'Kyle Lowry', 'Mike Miller', 'Rudy Gay']",True,"['Tarence Kinsey', 'Hakim Warrick', 'Zach Randolph', 'Juan Carlos Navarro', 'Mike Conley', 'Stromile Swift', 'Pau Gasol', 'Kyle Lowry', 'Mike Miller', 'Rudy Gay']",True
Travis Diener,Mike Dunleavy,"['Ronald Murray', 'Travis Diener', 'Mike Dunleavy']",True,"['Jeff Foster', 'Marquis Daniels', 'Ronald Murray', 'Travis Diener', 'Mike Dunleavy']",True,"['Shawne Williams', 'Danny Granger', 'Jeff Foster', 'Marquis Daniels', 'Ronald Murray', 'Travis Diener', 'Mike Dunleavy']",True,"['Troy Murphy', ""Jermaine O'Neal"", 'Roy Hibbert', 'Shawne Williams', 'Danny Granger', 'Jeff Foster', 'Marquis Daniels', 'Ronald Murray', 'Travis Diener', 'Mike Dunleavy']",True
Jason Williams,Dwyane Wade,"['Jason Williams', 'Daequan Cook', 'Dwyane Wade']",True,"['Chris Quinn', 'Dorell Wright', 'Jason Williams', 'Daequan Cook', 'Dwyane Wade']",True,"['Ricky Davis', 'Joel Anthony', 'Chris Quinn', 'Dorell Wright', 'Jason Williams', 'Daequan Cook', 'Dwyane Wade']",True,"['Earl Barron', 'LeBron James', 'Udonis Haslem', 'Ricky Davis', 'Joel Anthony', 'Chris Quinn', 'Dorell Wright', 'Jason Williams', 'Daequan Cook', 'Dwyane Wade']",True
Antonio McDyess,Antonio McDyess,"['Chauncey Billups', 'Amir Johnson', 'Antonio McDyess']",True,"['Jason Maxiell', 'Richard Hamilton', 'Chauncey Billups', 'Amir Johnson', 'Antonio McDyess']",True,"['Allen Iverson', 'Ben Gordon', 'Jason Maxiell', 'Richard Hamilton', 'Chauncey Billups', 'Amir Johnson', 'Antonio McDyess']",True,"['Andre Drummond', 'Austin Daye', 'Arron Afflalo', 'Allen Iverson', 'Ben Gordon', 'Jason Maxiell', 'Richard Hamilton', 'Chauncey Billups', 'Amir Johnson', 'Antonio McDyess']",True
Steve Blake,Steve Blake,"['Wesley Matthews', 'Travis Outlaw', 'Steve Blake']",True,"['Martell Webster', 'LaMarcus Aldridge', 'Wesley Matthews', 'Travis Outlaw', 'Steve Blake']",True,"['Nicolas Batum', 'Zach Randolph', 'Martell Webster', 'LaMarcus Aldridge', 'Wesley Matthews', 'Travis Outlaw', 'Steve Blake']",True,"['Sergio Rodriguez', 'Rudy Fernandez', 'Will Barton', 'Nicolas Batum', 'Zach Randolph', 'Martell Webster', 'LaMarcus Aldridge', 'Wesley Matthews', 'Travis Outlaw', 'Steve Blake']",True
Josh Smith,Joe Johnson,"['Jamal Crawford', 'Josh Smith', 'Joe Johnson']",True,"['Dwight Howard', 'Marvin Williams', 'Jamal Crawford', 'Josh Smith', 'Joe Johnson']",True,"['Monta Ellis', 'Carmelo Anthony', 'Dwight Howard', 'Marvin Williams', 'Jamal Crawford', 'Josh Smith', 'Joe Johnson']",True,"['J.R. Smith', 'Al Horford', 'Deron Williams', 'Monta Ellis', 'Carmelo Anthony', 'Dwight Howard', 'Marvin Williams', 'Jamal Crawford', 'Josh Smith', 'Joe Johnson']",True
Tim Thomas,Tim Thomas,"['Josh Powell', 'Ruben Patterson', 'Tim Thomas']",True,"['DeAndre Jordan', 'Chris Kaman', 'Josh Powell', 'Ruben Patterson', 'Tim Thomas']",True,"['Matt Barnes', 'Sam Cassell', 'DeAndre Jordan', 'Chris Kaman', 'Josh Powell', 'Ruben Patterson', 'Tim Thomas']",True,"['Zaza Pachulia', 'Rasual Butler', 'Ryan Gomes', 'Matt Barnes', 'Sam Cassell', 'DeAndre Jordan', 'Chris Kaman', 'Josh Powell', 'Ruben Patterson', 'Tim Thomas']",True
Eddie House,Eddie House,"['Rajon Rondo', 'Kevin Garnett', 'Eddie House']",True,"['Ray Allen', 'Paul Pierce', 'Rajon Rondo', 'Kevin Garnett', 'Eddie House']",True,"['James Posey', 'Kendrick Perkins', 'Ray Allen', 'Paul Pierce', 'Rajon Rondo', 'Kevin Garnett', 'Eddie House']",True,"['Leon Powe', 'Glen Davis', 'Brian Scalabrine', 'James Posey', 'Kendrick Perkins', 'Ray Allen', 'Paul Pierce', 'Rajon Rondo', 'Kevin Garnett', 'Eddie House']",True
Jason Hart,Carlos Boozer,"['Matt Harpring', 'Deron Williams', 'Carlos Boozer']",False,"['Mehmet Okur', 'C.J. Miles', 'Matt Harpring', 'Deron Williams', 'Carlos Boozer']",False,"['Paul Millsap', 'Kyle Korver', 'Mehmet Okur', 'C.J. Miles', 'Matt Harpring', 'Deron Williams', 'Carlos Boozer']",False,"['Gordon Hayward', 'Jarron Collins', 'Andrei Kirilenko', 'Paul Millsap', 'Kyle Korver', 'Mehmet Okur', 'C.J. Miles', 'Matt Harpring', 'Deron Williams', 'Carlos Boozer']",False
Francisco Elson,Bruce Bowen,"['Ime Udoka', 'Brent Barry', 'Bruce Bowen']",False,"['Tim Duncan', 'Manu Ginobili', 'Ime Udoka', 'Brent Barry', 'Bruce Bowen']",False,"['Beno Udrih', 'Fabricio Oberto', 'Tim Duncan', 'Manu Ginobili', 'Ime Udoka', 'Brent Barry', 'Bruce Bowen']",False,"['DeJuan Blair', 'Boris Diaw', 'Antonio McDyess', 'Beno Udrih', 'Fabricio Oberto', 'Tim Duncan', 'Manu Ginobili', 'Ime Udoka', 'Brent Barry', 'Bruce Bowen']",False
Kobe Bryant,Kobe Bryant,"['Jordan Farmar', 'Derek Fisher', 'Kobe Bryant']",True,"['Andrew Bynum', 'Lamar Odom', 'Jordan Farmar', 'Derek Fisher', 'Kobe Bryant']",True,"['Luke Walton', 'Pau Gasol', 'Andrew Bynum', 'Lamar Odom', 'Jordan Farmar', 'Derek Fisher', 'Kobe Bryant']",True,"['Ronny Turiaf', 'Sasha Vujacic', 'Kwame Brown', 'Luke Walton', 'Pau Gasol', 'Andrew Bynum', 'Lamar Odom', 'Jordan Farmar', 'Derek Fisher', 'Kobe Bryant']",True
Chris Kaman,Cuttino Mobley,"['Corey Maggette', 'Chris Kaman', 'Cuttino Mobley']",True,"['Al Thornton', 'DeAndre Jordan', 'Corey Maggette', 'Chris Kaman', 'Cuttino Mobley']",True,"['Jamal Crawford', 'Eric Gordon', 'Al Thornton', 'DeAndre Jordan', 'Corey Maggette', 'Chris Kaman', 'Cuttino Mobley']",True,"['Blake Griffin', 'Elton Brand', 'Quinton Ross', 'Jamal Crawford', 'Eric Gordon', 'Al Thornton', 'DeAndre Jordan', 'Corey Maggette', 'Chris Kaman', 'Cuttino Mobley']",True
Monta Ellis,Stephen Jackson,"['Stephen Curry', 'Monta Ellis', 'Stephen Jackson']",True,"['Kelenna Azubuike', 'Baron Davis', 'Stephen Curry', 'Monta Ellis', 'Stephen Jackson']",True,"['Mickael Pietrus', 'Matt Barnes', 'Kelenna Azubuike', 'Baron Davis', 'Stephen Curry', 'Monta Ellis', 'Stephen Jackson']",True,"['Troy Murphy', 'Andris Biedrins', 'Klay Thompson', 'Mickael Pietrus', 'Matt Barnes', 'Kelenna Azubuike', 'Baron Davis', 'Stephen Curry', 'Monta Ellis', 'Stephen Jackson']",True
Fabricio Oberto,Bruce Bowen,"['Brent Barry', 'Fabricio Oberto', 'Bruce Bowen']",True,"['Ime Udoka', 'Boris Diaw', 'Brent Barry', 'Fabricio Oberto', 'Bruce Bowen']",True,"['Manu Ginobili', 'Tim Duncan', 'Ime Udoka', 'Boris Diaw', 'Brent Barry', 'Fabricio Oberto', 'Bruce Bowen']",True,"['Matt Bonner', 'Antonio McDyess', 'DeJuan Blair', 'Manu Ginobili', 'Tim Duncan', 'Ime Udoka', 'Boris Diaw', 'Brent Barry', 'Fabricio Oberto', 'Bruce Bowen']",True
Kasib Powell,Jason Williams,"['Dwyane Wade', 'Kasib Powell', 'Jason Williams']",True,"['Ricky Davis', 'Mark Blount', 'Dwyane Wade', 'Kasib Powell', 'Jason Williams']",True,"['Daequan Cook', 'Earl Barron', 'Ricky Davis', 'Mark Blount', 'Dwyane Wade', 'Kasib Powell', 'Jason Williams']",True,"['Udonis Haslem', 'Mario Chalmers', 'Dorell Wright', 'Daequan Cook', 'Earl Barron', 'Ricky Davis', 'Mark Blount', 'Dwyane Wade', 'Kasib Powell', 'Jason Williams']",True
Mike Bibby,Zaza Pachulia,"['Tyreke Evans', 'Trevor Ariza', 'Zaza Pachulia']",False,"['Wilson Chandler', 'Vince Carter', 'Tyreke Evans', 'Trevor Ariza', 'Zaza Pachulia']",False,"['Joe Johnson', 'Tyson Chandler', 'Wilson Chandler', 'Vince Carter', 'Tyreke Evans', 'Trevor Ariza', 'Zaza Pachulia']",False,"['Thaddeus Young', 'Willie Green', 'Josh Smith', 'Joe Johnson', 'Tyson Chandler', 'Wilson Chandler', 'Vince Carter', 'Tyreke Evans', 'Trevor Ariza', 'Zaza Pachulia']",False
Mike Dunleavy,Mike Dunleavy,"['Travis Diener', 'Ronald Murray', 'Mike Dunleavy']",True,"['Danny Granger', 'Roy Hibbert', 'Travis Diener', 'Ronald Murray', 'Mike Dunleavy']",True,"['Marquis Daniels', 'Jeff Foster', 'Danny Granger', 'Roy Hibbert', 'Travis Diener', 'Ronald Murray', 'Mike Dunleavy']",True,"[""Jermaine O'Neal"", 'Shawne Williams', 'Paul George', 'Marquis Daniels', 'Jeff Foster', 'Danny Granger', 'Roy Hibbert', 'Travis Diener', 'Ronald Murray', 'Mike Dunleavy']",True
Steve Blake,Steve Blake,"['Wesley Matthews', 'Travis Outlaw', 'Steve Blake']",True,"['LaMarcus Aldridge', 'Zach Randolph', 'Wesley Matthews', 'Travis Outlaw', 'Steve Blake']",True,"['Nicolas Batum', 'Martell Webster', 'LaMarcus Aldridge', 'Zach Randolph', 'Wesley Matthews', 'Travis Outlaw', 'Steve Blake']",True,"['Jarrett Jack', 'Brandon Roy', 'Rudy Fernandez', 'Nicolas Batum', 'Martell Webster', 'LaMarcus Aldridge', 'Zach Randolph', 'Wesley Matthews', 'Travis Outlaw', 'Steve Blake']",True
Josh Howard,Josh Howard,"['Jerry Stackhouse', 'Jason Terry', 'Josh Howard']",True,"['Dirk Nowitzki', 'Vince Carter', 'Jerry Stackhouse', 'Jason Terry', 'Josh Howard']",True,"['Erick Dampier', 'Shawn Marion', 'Dirk Nowitzki', 'Vince Carter', 'Jerry Stackhouse', 'Jason Terry', 'Josh Howard']",True,"['Trenton Hassell', 'Tyson Chandler', 'Jason Kidd', 'Erick Dampier', 'Shawn Marion', 'Dirk Nowitzki', 'Vince Carter', 'Jerry Stackhouse', 'Jason Terry', 'Josh Howard']",True
Arron Afflalo,Antonio McDyess,"['Jason Maxiell', 'Chauncey Billups', 'Antonio McDyess']",False,"['Amir Johnson', 'Arron Afflalo', 'Jason Maxiell', 'Chauncey Billups', 'Antonio McDyess']",True,"['Tayshaun Prince', 'Richard Hamilton', 'Amir Johnson', 'Arron Afflalo', 'Jason Maxiell', 'Chauncey Billups', 'Antonio McDyess']",True,"['Austin Daye', 'Ben Gordon', 'Rasheed Wallace', 'Tayshaun Prince', 'Richard Hamilton', 'Amir Johnson', 'Arron Afflalo', 'Jason Maxiell', 'Chauncey Billups', 'Antonio McDyess']",True
Steve Blake,Steve Blake,"['Wesley Matthews', 'Travis Outlaw', 'Steve Blake']",True,"['Martell Webster', 'LaMarcus Aldridge', 'Wesley Matthews', 'Travis Outlaw', 'Steve Blake']",True,"['Nicolas Batum', 'Zach Randolph', 'Martell Webster', 'LaMarcus Aldridge', 'Wesley Matthews', 'Travis Outlaw', 'Steve Blake']",True,"['Joel Przybilla', 'Rudy Fernandez', 'Brandon Roy', 'Nicolas Batum', 'Zach Randolph', 'Martell Webster', 'LaMarcus Aldridge', 'Wesley Matthews', 'Travis Outlaw', 'Steve Blake']",True
Andres Nocioni,Andres Nocioni,"['Carlos Boozer', 'Ben Gordon', 'Andres Nocioni']",True,"['Aaron Gray', 'Joakim Noah', 'Carlos Boozer', 'Ben Gordon', 'Andres Nocioni']",True,"['Luol Deng', 'Derrick Rose', 'Aaron Gray', 'Joakim Noah', 'Carlos Boozer', 'Ben Gordon', 'Andres Nocioni']",True,"['Jimmy Butler', 'C.J. Watson', 'Kirk Hinrich', 'Luol Deng', 'Derrick Rose', 'Aaron Gray', 'Joakim Noah', 'Carlos Boozer', 'Ben Gordon', 'Andres Nocioni']",True
Rasheed Wallace,Rodney Stuckey,"['Jason Maxiell', 'Richard Hamilton', 'Rodney Stuckey']",False,"['Chauncey Billups', 'Tayshaun Prince', 'Jason Maxiell', 'Richard Hamilton', 'Rodney Stuckey']",False,"['Rasheed Wallace', 'Jarvis Hayes', 'Chauncey Billups', 'Tayshaun Prince', 'Jason Maxiell', 'Richard Hamilton', 'Rodney Stuckey']",True,"['Jonas Jerebko', 'Ronald Murray', 'Greg Monroe', 'Rasheed Wallace', 'Jarvis Hayes', 'Chauncey Billups', 'Tayshaun Prince', 'Jason Maxiell', 'Richard Hamilton', 'Rodney Stuckey']",True
Tracy McGrady,Yao Ming,"['Shane Battier', 'Tracy McGrady', 'Yao Ming']",True,"['Luis Scola', 'Trevor Ariza', 'Shane Battier', 'Tracy McGrady', 'Yao Ming']",True,"['Terrence Jones', 'Patrick Patterson', 'Luis Scola', 'Trevor Ariza', 'Shane Battier', 'Tracy McGrady', 'Yao Ming']",True,"['Zaza Pachulia', 'Kyle Lowry', 'Rafer Alston', 'Terrence Jones', 'Patrick Patterson', 'Luis Scola', 'Trevor Ariza', 'Shane Battier', 'Tracy McGrady', 'Yao Ming']",True
Marko Jaric,Marko Jaric,"['Kevin Love', 'Craig Smith', 'Marko Jaric']",True,"['Corey Brewer', 'Randy Foye', 'Kevin Love', 'Craig Smith', 'Marko Jaric']",True,"['Joe Johnson', 'Luke Ridnour', 'Corey Brewer', 'Randy Foye', 'Kevin Love', 'Craig Smith', 'Marko Jaric']",True,"['Ryan Gomes', 'Al Jefferson', 'Josh Smith', 'Joe Johnson', 'Luke Ridnour', 'Corey Brewer', 'Randy Foye', 'Kevin Love', 'Craig Smith', 'Marko Jaric']",True
Carlos Boozer,Carlos Boozer,"['Matt Harpring', 'Deron Williams', 'Carlos Boozer']",True,"['Kyle Korver', 'Paul Millsap', 'Matt Harpring', 'Deron Williams', 'Carlos Boozer']",True,"['C.J. Miles', 'Mehmet Okur', 'Kyle Korver', 'Paul Millsap', 'Matt Harpring', 'Deron Williams', 'Carlos Boozer']",True,"['Jarron Collins', 'Ronnie Brewer', 'Andrei Kirilenko', 'C.J. Miles', 'Mehmet Okur', 'Kyle Korver', 'Paul Millsap', 'Matt Harpring', 'Deron Williams', 'Carlos Boozer']",True
Mikki Moore,Mikki Moore,"['Metta World Peace', 'Spencer Hawes', 'Mikki Moore']",True,"['Shareef Abdur-Rahim', 'Mike Bibby', 'Metta World Peace', 'Spencer Hawes', 'Mikki Moore']",True,"['Kevin Martin', 'Quincy Douby', 'Shareef Abdur-Rahim', 'Mike Bibby', 'Metta World Peace', 'Spencer Hawes', 'Mikki Moore']",True,"['Tyreke Evans', 'Francisco Garcia', 'John Salmons', 'Kevin Martin', 'Quincy Douby', 'Shareef Abdur-Rahim', 'Mike Bibby', 'Metta World Peace', 'Spencer Hawes', 'Mikki Moore']",True
Michael Doleac,Ryan Gomes,"['Rashad McCants', 'Randy Foye', 'Ryan Gomes']",False,"['Marko Jaric', 'Kevin Love', 'Rashad McCants', 'Randy Foye', 'Ryan Gomes']",False,"['Nikola Pekovic', 'J.J. Barea', 'Marko Jaric', 'Kevin Love', 'Rashad McCants', 'Randy Foye', 'Ryan Gomes']",False,"['Michael Beasley', 'Joe Johnson', 'Luke Ridnour', 'Nikola Pekovic', 'J.J. Barea', 'Marko Jaric', 'Kevin Love', 'Rashad McCants', 'Randy Foye', 'Ryan Gomes']",False
Pau Gasol,Mike Conley,"['Pau Gasol', 'Mike Miller', 'Mike Conley']",True,"['Marc Gasol', 'Rudy Gay', 'Pau Gasol', 'Mike Miller', 'Mike Conley']",True,"['Kyle Lowry', 'Juan Carlos Navarro', 'Marc Gasol', 'Rudy Gay', 'Pau Gasol', 'Mike Miller', 'Mike Conley']",True,"['O.J. Mayo', 'Stromile Swift', 'Hakim Warrick', 'Kyle Lowry', 'Juan Carlos Navarro', 'Marc Gasol', 'Rudy Gay', 'Pau Gasol', 'Mike Miller', 'Mike Conley']",True
Acie Law,Al Horford,"['Al Jefferson', 'Joe Johnson', 'Al Horford']",False,"['Dwight Howard', 'Andre Iguodala', 'Al Jefferson', 'Joe Johnson', 'Al Horford']",False,"['Al Harrington', ""Amar'e Stoudemire"", 'Dwight Howard', 'Andre Iguodala', 'Al Jefferson', 'Joe Johnson', 'Al Horford']",False,"['Andrew Bogut', 'Josh Smith', 'Carmelo Anthony', 'Al Harrington', ""Amar'e Stoudemire"", 'Dwight Howard', 'Andre Iguodala', 'Al Jefferson', 'Joe Johnson', 'Al Horford']",False
Greg Buckner,Darko Milicic,"['Greg Buckner', 'Hakim Warrick', 'Darko Milicic']",True,"['Marc Gasol', 'Darrell Arthur', 'Greg Buckner', 'Hakim Warrick', 'Darko Milicic']",True,"['O.J. Mayo', 'Rudy Gay', 'Marc Gasol', 'Darrell Arthur', 'Greg Buckner', 'Hakim Warrick', 'Darko Milicic']",True,"['Kyle Lowry', 'Chucky Atkins', 'Mike Conley', 'O.J. Mayo', 'Rudy Gay', 'Marc Gasol', 'Darrell Arthur', 'Greg Buckner', 'Hakim Warrick', 'Darko Milicic']",True
Chris Mihm,Andrew Bynum,"['Jordan Farmar', 'Derek Fisher', 'Andrew Bynum']",False,"['Lamar Odom', 'Kobe Bryant', 'Jordan Farmar', 'Derek Fisher', 'Andrew Bynum']",False,"['Carlos Boozer', 'Jodie Meeks', 'Lamar Odom', 'Kobe Bryant', 'Jordan Farmar', 'Derek Fisher', 'Andrew Bynum']",False,"['Trevor Ariza', 'Pau Gasol', 'Didier Ilunga-Mbenga', 'Carlos Boozer', 'Jodie Meeks', 'Lamar Odom', 'Kobe Bryant', 'Jordan Farmar', 'Derek Fisher', 'Andrew Bynum']",False
Jason Kapono,Jason Kapono,"['Chris Bosh', 'Jose Calderon', 'Jason Kapono']",True,"['Joey Graham', 'DeMar DeRozan', 'Chris Bosh', 'Jose Calderon', 'Jason Kapono']",True,"['Anthony Parker', 'Andrea Bargnani', 'Joey Graham', 'DeMar DeRozan', 'Chris Bosh', 'Jose Calderon', 'Jason Kapono']",True,"[""Jermaine O'Neal"", 'Kyle Lowry', 'Jamario Moon', 'Anthony Parker', 'Andrea Bargnani', 'Joey Graham', 'DeMar DeRozan', 'Chris Bosh', 'Jose Calderon', 'Jason Kapono']",True
Nene Hilario,Nene Hilario,"['Ty Lawson', 'Linas Kleiza', 'Nene Hilario']",True,"['J.R. Smith', 'Kenyon Martin', 'Ty Lawson', 'Linas Kleiza', 'Nene Hilario']",True,"['Yakhouba Diawara', 'Wilson Chandler', 'J.R. Smith', 'Kenyon Martin', 'Ty Lawson', 'Linas Kleiza', 'Nene Hilario']",True,"['Marcus Camby', 'Steve Blake', 'Carmelo Anthony', 'Yakhouba Diawara', 'Wilson Chandler', 'J.R. Smith', 'Kenyon Martin', 'Ty Lawson', 'Linas Kleiza', 'Nene Hilario']",True
Andrei Kirilenko,Andrei Kirilenko,"['Al Jefferson', 'Deron Williams', 'Andrei Kirilenko']",True,"['C.J. Miles', 'Carlos Boozer', 'Al Jefferson', 'Deron Williams', 'Andrei Kirilenko']",True,"['Kyle Korver', 'Alec Burks', 'C.J. Miles', 'Carlos Boozer', 'Al Jefferson', 'Deron Williams', 'Andrei Kirilenko']",True,"['Mehmet Okur', 'Paul Millsap', 'Derrick Favors', 'Kyle Korver', 'Alec Burks', 'C.J. Miles', 'Carlos Boozer', 'Al Jefferson', 'Deron Williams', 'Andrei Kirilenko']",True
Rashard Lewis,Jameer Nelson,"['Hedo Turkoglu', 'Mickael Pietrus', 'Jameer Nelson']",False,"['J.J. Redick', 'Rashard Lewis', 'Hedo Turkoglu', 'Mickael Pietrus', 'Jameer Nelson']",True,"['Keith Bogans', 'Dwight Howard', 'J.J. Redick', 'Rashard Lewis', 'Hedo Turkoglu', 'Mickael Pietrus', 'Jameer Nelson']",True,"['Keyon Dooling', 'Marcin Gortat', 'Rafer Alston', 'Keith Bogans', 'Dwight Howard', 'J.J. Redick', 'Rashard Lewis', 'Hedo Turkoglu', 'Mickael Pietrus', 'Jameer Nelson']",True
Amir Johnson,Antonio McDyess,"['Amir Johnson', 'Allen Iverson', 'Antonio McDyess']",True,"['Chauncey Billups', 'Arron Afflalo', 'Amir Johnson', 'Allen Iverson', 'Antonio McDyess']",True,"['Andre Drummond', 'Jason Maxiell', 'Chauncey Billups', 'Arron Afflalo', 'Amir Johnson', 'Allen Iverson', 'Antonio McDyess']",True,"['Rasheed Wallace', 'Rodney Stuckey', 'Ben Gordon', 'Andre Drummond', 'Jason Maxiell', 'Chauncey Billups', 'Arron Afflalo', 'Amir Johnson', 'Allen Iverson', 'Antonio McDyess']",True
Corey Maggette,Andris Biedrins,"['C.J. Watson', 'Anthony Morrow', 'Andris Biedrins']",False,"['Kelenna Azubuike', 'Jamal Crawford', 'C.J. Watson', 'Anthony Morrow', 'Andris Biedrins']",False,"['Stephen Jackson', 'Monta Ellis', 'Kelenna Azubuike', 'Jamal Crawford', 'C.J. Watson', 'Anthony Morrow', 'Andris Biedrins']",False,"['David Lee', 'Anthony Randolph', 'Corey Maggette', 'Stephen Jackson', 'Monta Ellis', 'Kelenna Azubuike', 'Jamal Crawford', 'C.J. Watson', 'Anthony Morrow', 'Andris Biedrins']",True
Luol Deng,Tyrus Thomas,"['Thabo Sefolosha', 'Luol Deng', 'Tyrus Thomas']",True,"['Kirk Hinrich', 'Taj Gibson', 'Thabo Sefolosha', 'Luol Deng', 'Tyrus Thomas']",True,"['Tony Snell', 'Joakim Noah', 'Kirk Hinrich', 'Taj Gibson', 'Thabo Sefolosha', 'Luol Deng', 'Tyrus Thomas']",True,"['Derrick Rose', 'P.J. Brown', 'Tim Thomas', 'Tony Snell', 'Joakim Noah', 'Kirk Hinrich', 'Taj Gibson', 'Thabo Sefolosha', 'Luol Deng', 'Tyrus Thomas']",True
Maurice Evans,Joe Johnson,"['Jamal Crawford', 'Josh Smith', 'Joe Johnson']",False,"['Dwight Howard', 'Marvin Williams', 'Jamal Crawford', 'Josh Smith', 'Joe Johnson']",False,"['J.R. Smith', 'Deron Williams', 'Dwight Howard', 'Marvin Williams', 'Jamal Crawford', 'Josh Smith', 'Joe Johnson']",False,"['Monta Ellis', 'Jarrett Jack', 'Carmelo Anthony', 'J.R. Smith', 'Deron Williams', 'Dwight Howard', 'Marvin Williams', 'Jamal Crawford', 'Josh Smith', 'Joe Johnson']",False
Chris Quinn,Dwyane Wade,"['Chris Quinn', 'Daequan Cook', 'Dwyane Wade']",True,"['Chris Andersen', 'Chris Bosh', 'Chris Quinn', 'Daequan Cook', 'Dwyane Wade']",True,"['Shawn Marion', 'Mario Chalmers', 'Chris Andersen', 'Chris Bosh', 'Chris Quinn', 'Daequan Cook', 'Dwyane Wade']",True,"['Michael Beasley', 'Joel Anthony', 'Udonis Haslem', 'Shawn Marion', 'Mario Chalmers', 'Chris Andersen', 'Chris Bosh', 'Chris Quinn', 'Daequan Cook', 'Dwyane Wade']",True
Zydrunas Ilgauskas,Zydrunas Ilgauskas,"['Wally Szczerbiak', 'LeBron James', 'Zydrunas Ilgauskas']",True,"['Sasha Pavlovic', 'Mo Williams', 'Wally Szczerbiak', 'LeBron James', 'Zydrunas Ilgauskas']",True,"['Anderson Varejao', 'Tristan Thompson', 'Sasha Pavlovic', 'Mo Williams', 'Wally Szczerbiak', 'LeBron James', 'Zydrunas Ilgauskas']",True,"['Kyrie Irving', 'Delonte West', 'Daniel Gibson', 'Anderson Varejao', 'Tristan Thompson', 'Sasha Pavlovic', 'Mo Williams', 'Wally Szczerbiak', 'LeBron James', 'Zydrunas Ilgauskas']",True
James Singleton,Dirk Nowitzki,"['J.J. Barea', 'Erick Dampier', 'Dirk Nowitzki']",False,"['Jason Terry', 'Jason Kidd', 'J.J. Barea', 'Erick Dampier', 'Dirk Nowitzki']",False,"['James Singleton', 'Devean George', 'Jason Terry', 'Jason Kidd', 'J.J. Barea', 'Erick Dampier', 'Dirk Nowitzki']",True,"['Devin Harris', 'Brandon Bass', 'Josh Howard', 'James Singleton', 'Devean George', 'Jason Terry', 'Jason Kidd', 'J.J. Barea', 'Erick Dampier', 'Dirk Nowitzki']",True
Royal Ivey,Thaddeus Young,"['Samuel Dalembert', 'Willie Green', 'Thaddeus Young']",False,"['Lou Williams', 'Andre Iguodala', 'Samuel Dalembert', 'Willie Green', 'Thaddeus Young']",False,"['Spencer Hawes', 'Royal Ivey', 'Lou Williams', 'Andre Iguodala', 'Samuel Dalembert', 'Willie Green', 'Thaddeus Young']",True,"['Rodney Carney', 'Reggie Evans', 'Theo Ratliff', 'Spencer Hawes', 'Royal Ivey', 'Lou Williams', 'Andre Iguodala', 'Samuel Dalembert', 'Willie Green', 'Thaddeus Young']",True
Joakim Noah,Joakim Noah,"['Kirk Hinrich', 'Derrick Rose', 'Joakim Noah']",True,"['Drew Gooden', 'Luol Deng', 'Kirk Hinrich', 'Derrick Rose', 'Joakim Noah']",True,"['Ben Gordon', 'John Salmons', 'Drew Gooden', 'Luol Deng', 'Kirk Hinrich', 'Derrick Rose', 'Joakim Noah']",True,"['Mike Dunleavy', 'Jimmy Butler', 'Larry Hughes', 'Ben Gordon', 'John Salmons', 'Drew Gooden', 'Luol Deng', 'Kirk Hinrich', 'Derrick Rose', 'Joakim Noah']",True
Andres Nocioni,Ben Gordon,"['Andres Nocioni', 'Derrick Rose', 'Ben Gordon']",True,"['Kirk Hinrich', 'Joakim Noah', 'Andres Nocioni', 'Derrick Rose', 'Ben Gordon']",True,"['Brad Miller', 'Luol Deng', 'Kirk Hinrich', 'Joakim Noah', 'Andres Nocioni', 'Derrick Rose', 'Ben Gordon']",True,"['Drew Gooden', 'Jimmy Butler', 'Ben Wallace', 'Brad Miller', 'Luol Deng', 'Kirk Hinrich', 'Joakim Noah', 'Andres Nocioni', 'Derrick Rose', 'Ben Gordon']",True
Jake Voskuhl,Jason Kapono,"['Jose Calderon', 'Chris Bosh', 'Jason Kapono']",False,"['DeMar DeRozan', 'Joey Graham', 'Jose Calderon', 'Chris Bosh', 'Jason Kapono']",False,"['Jamario Moon', 'Anthony Parker', 'DeMar DeRozan', 'Joey Graham', 'Jose Calderon', 'Chris Bosh', 'Jason Kapono']",False,"['Jonas Valanciunas', 'Kyle Lowry', 'Andrea Bargnani', 'Jamario Moon', 'Anthony Parker', 'DeMar DeRozan', 'Joey Graham', 'Jose Calderon', 'Chris Bosh', 'Jason Kapono']",False
Luke Walton,Luke Walton,"['Lamar Odom', 'Pau Gasol', 'Luke Walton']",True,"['Kobe Bryant', 'Sasha Vujacic', 'Lamar Odom', 'Pau Gasol', 'Luke Walton']",True,"['Metta World Peace', 'Ronny Turiaf', 'Kobe Bryant', 'Sasha Vujacic', 'Lamar Odom', 'Pau Gasol', 'Luke Walton']",True,"['Shannon Brown', 'Derek Fisher', 'Andrew Bynum', 'Metta World Peace', 'Ronny Turiaf', 'Kobe Bryant', 'Sasha Vujacic', 'Lamar Odom', 'Pau Gasol', 'Luke Walton']",True
Josh Powell,Kobe Bryant,"['Jordan Farmar', 'Derek Fisher', 'Kobe Bryant']",False,"['Josh Powell', 'Lamar Odom', 'Jordan Farmar', 'Derek Fisher', 'Kobe Bryant']",True,"['Andrew Bynum', 'Pau Gasol', 'Josh Powell', 'Lamar Odom', 'Jordan Farmar', 'Derek Fisher', 'Kobe Bryant']",True,"['Jordan Hill', 'Sasha Vujacic', 'Luke Walton', 'Andrew Bynum', 'Pau Gasol', 'Josh Powell', 'Lamar Odom', 'Jordan Farmar', 'Derek Fisher', 'Kobe Bryant']",True
Dominic McGuire,Caron Butler,"['Dominic McGuire', 'Antawn Jamison', 'Caron Butler']",True,"['DeShawn Stevenson', 'Nick Young', 'Dominic McGuire', 'Antawn Jamison', 'Caron Butler']",True,"['Mike James', 'JaVale McGee', 'DeShawn Stevenson', 'Nick Young', 'Dominic McGuire', 'Antawn Jamison', 'Caron Butler']",True,"['John Wall', 'Andray Blatche', 'Darius Songaila', 'Mike James', 'JaVale McGee', 'DeShawn Stevenson', 'Nick Young', 'Dominic McGuire', 'Antawn Jamison', 'Caron Butler']",True
Luke Ridnour,Luke Ridnour,"['Luc Mbah a Moute', 'Charlie Bell', 'Luke Ridnour']",True,"['Ramon Sessions', 'Michael Redd', 'Luc Mbah a Moute', 'Charlie Bell', 'Luke Ridnour']",True,"['Richard Jefferson', 'Charlie Villanueva', 'Ramon Sessions', 'Michael Redd', 'Luc Mbah a Moute', 'Charlie Bell', 'Luke Ridnour']",True,"['Joe Johnson', 'Andrew Bogut', 'Ersan Ilyasova', 'Richard Jefferson', 'Charlie Villanueva', 'Ramon Sessions', 'Michael Redd', 'Luc Mbah a Moute', 'Charlie Bell', 'Luke Ridnour']",True
Travis Outlaw,Travis Outlaw,"['Steve Blake', 'Wesley Matthews', 'Travis Outlaw']",True,"['LaMarcus Aldridge', 'Nicolas Batum', 'Steve Blake', 'Wesley Matthews', 'Travis Outlaw']",True,"['Sergio Rodriguez', 'Rudy Fernandez', 'LaMarcus Aldridge', 'Nicolas Batum', 'Steve Blake', 'Wesley Matthews', 'Travis Outlaw']",True,"['Jerryd Bayless', 'Will Barton', 'Zach Randolph', 'Sergio Rodriguez', 'Rudy Fernandez', 'LaMarcus Aldridge', 'Nicolas Batum', 'Steve Blake', 'Wesley Matthews', 'Travis Outlaw']",True
Jason Kidd,Dirk Nowitzki,"['Jason Terry', 'Jason Kidd', 'Dirk Nowitzki']",True,"['J.J. Barea', 'Erick Dampier', 'Jason Terry', 'Jason Kidd', 'Dirk Nowitzki']",True,"['Josh Howard', 'James Singleton', 'J.J. Barea', 'Erick Dampier', 'Jason Terry', 'Jason Kidd', 'Dirk Nowitzki']",True,"['Devin Harris', 'Brandon Bass', 'Monta Ellis', 'Josh Howard', 'James Singleton', 'J.J. Barea', 'Erick Dampier', 'Jason Terry', 'Jason Kidd', 'Dirk Nowitzki']",True
Rodney Stuckey,Richard Hamilton,"['Tayshaun Prince', 'Rodney Stuckey', 'Richard Hamilton']",True,"['Rasheed Wallace', 'Jason Maxiell', 'Tayshaun Prince', 'Rodney Stuckey', 'Richard Hamilton']",True,"['Greg Monroe', 'Antonio McDyess', 'Rasheed Wallace', 'Jason Maxiell', 'Tayshaun Prince', 'Rodney Stuckey', 'Richard Hamilton']",True,"['Jonas Jerebko', 'Ronald Murray', 'Allen Iverson', 'Greg Monroe', 'Antonio McDyess', 'Rasheed Wallace', 'Jason Maxiell', 'Tayshaun Prince', 'Rodney Stuckey', 'Richard Hamilton']",True
Brandon Rush,Danny Granger,"['Jarrett Jack', 'Brandon Rush', 'Danny Granger']",True,"['Jeff Foster', 'A.J. Price', 'Jarrett Jack', 'Brandon Rush', 'Danny Granger']",True,"['Troy Murphy', 'David West', 'Jeff Foster', 'A.J. Price', 'Jarrett Jack', 'Brandon Rush', 'Danny Granger']",True,"['Marquis Daniels', 'C.J. Watson', 'Dahntay Jones', 'Troy Murphy', 'David West', 'Jeff Foster', 'A.J. Price', 'Jarrett Jack', 'Brandon Rush', 'Danny Granger']",True
Ben Gordon,Ben Gordon,"['Carlos Boozer', 'Andres Nocioni', 'Ben Gordon']",True,"['C.J. Watson', 'Derrick Rose', 'Carlos Boozer', 'Andres Nocioni', 'Ben Gordon']",True,"['Aaron Gray', 'Luol Deng', 'C.J. Watson', 'Derrick Rose', 'Carlos Boozer', 'Andres Nocioni', 'Ben Gordon']",True,"['Adrian Griffin', 'Brad Miller', 'Kirk Hinrich', 'Aaron Gray', 'Luol Deng', 'C.J. Watson', 'Derrick Rose', 'Carlos Boozer', 'Andres Nocioni', 'Ben Gordon']",True
Matt Bonner,Matt Bonner,"['Michael Finley', 'Manu Ginobili', 'Matt Bonner']",True,"['George Hill', 'Ime Udoka', 'Michael Finley', 'Manu Ginobili', 'Matt Bonner']",True,"['Tim Duncan', 'Bruce Bowen', 'George Hill', 'Ime Udoka', 'Michael Finley', 'Manu Ginobili', 'Matt Bonner']",True,"['Kurt Thomas', 'Tony Parker', 'Fabricio Oberto', 'Tim Duncan', 'Bruce Bowen', 'George Hill', 'Ime Udoka', 'Michael Finley', 'Manu Ginobili', 'Matt Bonner']",True
Joel Anthony,Dwyane Wade,"['Michael Beasley', 'Mario Chalmers', 'Dwyane Wade']",False,"['Joel Anthony', 'Jamario Moon', 'Michael Beasley', 'Mario Chalmers', 'Dwyane Wade']",True,"['Daequan Cook', 'LeBron James', 'Joel Anthony', 'Jamario Moon', 'Michael Beasley', 'Mario Chalmers', 'Dwyane Wade']",True,"['Mark Blount', 'Udonis Haslem', ""Jermaine O'Neal"", 'Daequan Cook', 'LeBron James', 'Joel Anthony', 'Jamario Moon', 'Michael Beasley', 'Mario Chalmers', 'Dwyane Wade']",True
Josh Smith,Joe Johnson,"['Jamal Crawford', 'Josh Smith', 'Joe Johnson']",True,"['Dwight Howard', 'Marvin Williams', 'Jamal Crawford', 'Josh Smith', 'Joe Johnson']",True,"['Monta Ellis', 'Deron Williams', 'Dwight Howard', 'Marvin Williams', 'Jamal Crawford', 'Josh Smith', 'Joe Johnson']",True,"['Carmelo Anthony', 'Jarrett Jack', 'J.R. Smith', 'Monta Ellis', 'Deron Williams', 'Dwight Howard', 'Marvin Williams', 'Jamal Crawford', 'Josh Smith', 'Joe Johnson']",True
Hedo Turkoglu,Hedo Turkoglu,"['J.J. Redick', 'Dwight Howard', 'Hedo Turkoglu']",True,"['Rashard Lewis', 'Jameer Nelson', 'J.J. Redick', 'Dwight Howard', 'Hedo Turkoglu']",True,"['Darko Milicic', 'Grant Hill', 'Rashard Lewis', 'Jameer Nelson', 'J.J. Redick', 'Dwight Howard', 'Hedo Turkoglu']",True,"['Mickael Pietrus', 'Keith Bogans', 'Glen Davis', 'Darko Milicic', 'Grant Hill', 'Rashard Lewis', 'Jameer Nelson', 'J.J. Redick', 'Dwight Howard', 'Hedo Turkoglu']",True
Chris Duhon,Chris Duhon,"['Danilo Gallinari', 'David Lee', 'Chris Duhon']",True,"['Nate Robinson', 'Jamal Crawford', 'Danilo Gallinari', 'David Lee', 'Chris Duhon']",True,"['Carmelo Anthony', 'Jared Jeffries', 'Nate Robinson', 'Jamal Crawford', 'Danilo Gallinari', 'David Lee', 'Chris Duhon']",True,"['Wilson Chandler', 'Quentin Richardson', 'J.R. Smith', 'Carmelo Anthony', 'Jared Jeffries', 'Nate Robinson', 'Jamal Crawford', 'Danilo Gallinari', 'David Lee', 'Chris Duhon']",True
Mickael Pietrus,Mickael Pietrus,"['Jameer Nelson', 'Rashard Lewis', 'Mickael Pietrus']",True,"['Dwight Howard', 'Hedo Turkoglu', 'Jameer Nelson', 'Rashard Lewis', 'Mickael Pietrus']",True,"['J.J. Redick', 'Keith Bogans', 'Dwight Howard', 'Hedo Turkoglu', 'Jameer Nelson', 'Rashard Lewis', 'Mickael Pietrus']",True,"['Tony Battie', 'Rafer Alston', 'Marcin Gortat', 'J.J. Redick', 'Keith Bogans', 'Dwight Howard', 'Hedo Turkoglu', 'Jameer Nelson', 'Rashard Lewis', 'Mickael Pietrus']",True
Raja Bell,Steve Nash,"['Matt Barnes', ""Shaquille O'Neal"", 'Steve Nash']",False,"['Vince Carter', 'P.J. Tucker', 'Matt Barnes', ""Shaquille O'Neal"", 'Steve Nash']",False,"['Shawn Marion', 'Shannon Brown', 'Vince Carter', 'P.J. Tucker', 'Matt Barnes', ""Shaquille O'Neal"", 'Steve Nash']",False,"['Robin Lopez', 'Raja Bell', 'Leandro Barbosa', 'Shawn Marion', 'Shannon Brown', 'Vince Carter', 'P.J. Tucker', 'Matt Barnes', ""Shaquille O'Neal"", 'Steve Nash']",True
Dirk Nowitzki,Dirk Nowitzki,"['Jason Terry', 'Erick Dampier', 'Dirk Nowitzki']",True,"['Jason Kidd', 'J.J. Barea', 'Jason Terry', 'Erick Dampier', 'Dirk Nowitzki']",True,"['Devean George', 'Brandon Bass', 'Jason Kidd', 'J.J. Barea', 'Jason Terry', 'Erick Dampier', 'Dirk Nowitzki']",True,"['James Singleton', 'Devin Harris', 'Josh Howard', 'Devean George', 'Brandon Bass', 'Jason Kidd', 'J.J. Barea', 'Jason Terry', 'Erick Dampier', 'Dirk Nowitzki']",True
Von Wafer,Yao Ming,"['Trevor Ariza', 'Shane Battier', 'Yao Ming']",False,"['Tracy McGrady', 'Von Wafer', 'Trevor Ariza', 'Shane Battier', 'Yao Ming']",True,"['Patrick Patterson', 'Luis Scola', 'Tracy McGrady', 'Von Wafer', 'Trevor Ariza', 'Shane Battier', 'Yao Ming']",True,"['Kyle Lowry', 'Rafer Alston', 'Metta World Peace', 'Patrick Patterson', 'Luis Scola', 'Tracy McGrady', 'Von Wafer', 'Trevor Ariza', 'Shane Battier', 'Yao Ming']",True
Mark Madsen,Kevin Love,"['Corey Brewer', 'Randy Foye', 'Kevin Love']",False,"['Mike Miller', 'Luke Ridnour', 'Corey Brewer', 'Randy Foye', 'Kevin Love']",False,"['Anthony Tolliver', 'Joe Johnson', 'Mike Miller', 'Luke Ridnour', 'Corey Brewer', 'Randy Foye', 'Kevin Love']",False,"['Josh Smith', 'Dante Cunningham', 'Craig Smith', 'Anthony Tolliver', 'Joe Johnson', 'Mike Miller', 'Luke Ridnour', 'Corey Brewer', 'Randy Foye', 'Kevin Love']",False
Jamal Crawford,Andris Biedrins,"['Corey Maggette', 'Anthony Morrow', 'Andris Biedrins']",False,"['Anthony Randolph', 'David Lee', 'Corey Maggette', 'Anthony Morrow', 'Andris Biedrins']",False,"['Andre Iguodala', 'C.J. Watson', 'Anthony Randolph', 'David Lee', 'Corey Maggette', 'Anthony Morrow', 'Andris Biedrins']",False,"['Al Harrington', 'Monta Ellis', 'Jamal Crawford', 'Andre Iguodala', 'C.J. Watson', 'Anthony Randolph', 'David Lee', 'Corey Maggette', 'Anthony Morrow', 'Andris Biedrins']",True
Mo Williams,Mo Williams,"['Sasha Pavlovic', 'LeBron James', 'Mo Williams']",True,"['Daniel Gibson', 'Anderson Varejao', 'Sasha Pavlovic', 'LeBron James', 'Mo Williams']",True,"['J.J. Hickson', 'Kyrie Irving', 'Daniel Gibson', 'Anderson Varejao', 'Sasha Pavlovic', 'LeBron James', 'Mo Williams']",True,"['Larry Hughes', 'Wally Szczerbiak', 'Delonte West', 'J.J. Hickson', 'Kyrie Irving', 'Daniel Gibson', 'Anderson Varejao', 'Sasha Pavlovic', 'LeBron James', 'Mo Williams']",True
Michael Redd,Luke Ridnour,"['Charlie Villanueva', 'Luc Mbah a Moute', 'Luke Ridnour']",False,"['Michael Redd', 'Ramon Sessions', 'Charlie Villanueva', 'Luc Mbah a Moute', 'Luke Ridnour']",True,"['Charlie Bell', 'Ersan Ilyasova', 'Michael Redd', 'Ramon Sessions', 'Charlie Villanueva', 'Luc Mbah a Moute', 'Luke Ridnour']",True,"['Joe Johnson', 'Richard Jefferson', 'Andrew Bogut', 'Charlie Bell', 'Ersan Ilyasova', 'Michael Redd', 'Ramon Sessions', 'Charlie Villanueva', 'Luc Mbah a Moute', 'Luke Ridnour']",True
Tony Allen,Ray Allen,"['Stephon Marbury', 'Tony Allen', 'Ray Allen']",True,"['Paul Pierce', 'Rajon Rondo', 'Stephon Marbury', 'Tony Allen', 'Ray Allen']",True,"['Glen Davis', 'Kevin Garnett', 'Paul Pierce', 'Rajon Rondo', 'Stephon Marbury', 'Tony Allen', 'Ray Allen']",True,"['Eddie House', 'Kendrick Perkins', 'Leon Powe', 'Glen Davis', 'Kevin Garnett', 'Paul Pierce', 'Rajon Rondo', 'Stephon Marbury', 'Tony Allen', 'Ray Allen']",True
Dahntay Jones,J.R. Smith,"['Chauncey Billups', 'Chris Andersen', 'J.R. Smith']",False,"['Kenyon Martin', 'Carmelo Anthony', 'Chauncey Billups', 'Chris Andersen', 'J.R. Smith']",False,"['Nene Hilario', 'Dahntay Jones', 'Kenyon Martin', 'Carmelo Anthony', 'Chauncey Billups', 'Chris Andersen', 'J.R. Smith']",True,"['Randy Foye', 'Kenneth Faried', 'Ty Lawson', 'Nene Hilario', 'Dahntay Jones', 'Kenyon Martin', 'Carmelo Anthony', 'Chauncey Billups', 'Chris Andersen', 'J.R. Smith']",True
Linas Kleiza,Linas Kleiza,"['Nene Hilario', 'J.R. Smith', 'Linas Kleiza']",True,"['Ty Lawson', 'Kenyon Martin', 'Nene Hilario', 'J.R. Smith', 'Linas Kleiza']",True,"['Carmelo Anthony', 'Chris Andersen', 'Ty Lawson', 'Kenyon Martin', 'Nene Hilario', 'J.R. Smith', 'Linas Kleiza']",True,"['Kenneth Faried', 'Anthony Carter', 'Chauncey Billups', 'Carmelo Anthony', 'Chris Andersen', 'Ty Lawson', 'Kenyon Martin', 'Nene Hilario', 'J.R. Smith', 'Linas Kleiza']",True
Quinton Ross,Rudy Gay,"['Zach Randolph', 'Quinton Ross', 'Rudy Gay']",True,"['Mike Conley', 'O.J. Mayo', 'Zach Randolph', 'Quinton Ross', 'Rudy Gay']",True,"['Marc Gasol', 'Hakim Warrick', 'Mike Conley', 'O.J. Mayo', 'Zach Randolph', 'Quinton Ross', 'Rudy Gay']",True,"['Kyle Lowry', 'Darrell Arthur', 'Mike Miller', 'Marc Gasol', 'Hakim Warrick', 'Mike Conley', 'O.J. Mayo', 'Zach Randolph', 'Quinton Ross', 'Rudy Gay']",True
Drew Gooden,Ben Gordon,"['Derrick Rose', 'Andres Nocioni', 'Ben Gordon']",False,"['Aaron Gray', 'Carlos Boozer', 'Derrick Rose', 'Andres Nocioni', 'Ben Gordon']",False,"['Joakim Noah', 'Brad Miller', 'Aaron Gray', 'Carlos Boozer', 'Derrick Rose', 'Andres Nocioni', 'Ben Gordon']",False,"['Luol Deng', 'Kirk Hinrich', 'Drew Gooden', 'Joakim Noah', 'Brad Miller', 'Aaron Gray', 'Carlos Boozer', 'Derrick Rose', 'Andres Nocioni', 'Ben Gordon']",True
Roger Mason,Roger Mason,"['Michael Finley', 'Manu Ginobili', 'Roger Mason']",True,"['Tim Duncan', 'Matt Bonner', 'Michael Finley', 'Manu Ginobili', 'Roger Mason']",True,"['Tony Parker', 'Richard Jefferson', 'Tim Duncan', 'Matt Bonner', 'Michael Finley', 'Manu Ginobili', 'Roger Mason']",True,"['Kawhi Leonard', 'Bruce Bowen', 'George Hill', 'Tony Parker', 'Richard Jefferson', 'Tim Duncan', 'Matt Bonner', 'Michael Finley', 'Manu Ginobili', 'Roger Mason']",True
Shawn Marion,Udonis Haslem,"['Dwyane Wade', 'Michael Beasley', 'Udonis Haslem']",False,"['Mario Chalmers', 'Shane Battier', 'Dwyane Wade', 'Michael Beasley', 'Udonis Haslem']",False,"['Ray Allen', 'Yakhouba Diawara', 'Mario Chalmers', 'Shane Battier', 'Dwyane Wade', 'Michael Beasley', 'Udonis Haslem']",False,"['LeBron James', 'Norris Cole', 'Mike Miller', 'Ray Allen', 'Yakhouba Diawara', 'Mario Chalmers', 'Shane Battier', 'Dwyane Wade', 'Michael Beasley', 'Udonis Haslem']",False
Dirk Nowitzki,Brandon Bass,"['Antoine Wright', 'Dirk Nowitzki', 'Brandon Bass']",True,"['Devean George', 'DeSagana Diop', 'Antoine Wright', 'Dirk Nowitzki', 'Brandon Bass']",True,"['Brendan Haywood', 'Erick Dampier', 'Devean George', 'DeSagana Diop', 'Antoine Wright', 'Dirk Nowitzki', 'Brandon Bass']",True,"['Jason Kidd', 'J.J. Barea', 'Jason Terry', 'Brendan Haywood', 'Erick Dampier', 'Devean George', 'DeSagana Diop', 'Antoine Wright', 'Dirk Nowitzki', 'Brandon Bass']",True
Mike Dunleavy,Jarrett Jack,"['Marquis Daniels', 'Jeff Foster', 'Jarrett Jack']",False,"['Danny Granger', 'Rasho Nesterovic', 'Marquis Daniels', 'Jeff Foster', 'Jarrett Jack']",False,"['Troy Murphy', 'Roy Hibbert', 'Danny Granger', 'Rasho Nesterovic', 'Marquis Daniels', 'Jeff Foster', 'Jarrett Jack']",False,"['T.J. Ford', 'Mike Dunleavy', 'Stephen Graham', 'Troy Murphy', 'Roy Hibbert', 'Danny Granger', 'Rasho Nesterovic', 'Marquis Daniels', 'Jeff Foster', 'Jarrett Jack']",True
Udonis Haslem,Mario Chalmers,"['Udonis Haslem', 'Michael Beasley', 'Mario Chalmers']",True,"['Shawn Marion', 'Dwyane Wade', 'Udonis Haslem', 'Michael Beasley', 'Mario Chalmers']",True,"['Daequan Cook', 'Joel Anthony', 'Shawn Marion', 'Dwyane Wade', 'Udonis Haslem', 'Michael Beasley', 'Mario Chalmers']",True,"['Ray Allen', 'Norris Cole', 'LeBron James', 'Daequan Cook', 'Joel Anthony', 'Shawn Marion', 'Dwyane Wade', 'Udonis Haslem', 'Michael Beasley', 'Mario Chalmers']",True
Travis Outlaw,Travis Outlaw,"['Steve Blake', 'Wesley Matthews', 'Travis Outlaw']",True,"['Zach Randolph', 'LaMarcus Aldridge', 'Steve Blake', 'Wesley Matthews', 'Travis Outlaw']",True,"['Nicolas Batum', 'Rudy Fernandez', 'Zach Randolph', 'LaMarcus Aldridge', 'Steve Blake', 'Wesley Matthews', 'Travis Outlaw']",True,"['Will Barton', 'Sergio Rodriguez', 'Brandon Roy', 'Nicolas Batum', 'Rudy Fernandez', 'Zach Randolph', 'LaMarcus Aldridge', 'Steve Blake', 'Wesley Matthews', 'Travis Outlaw']",True
Ronald Murray,Joe Johnson,"['Jamal Crawford', 'Josh Smith', 'Joe Johnson']",False,"['Monta Ellis', 'Marvin Williams', 'Jamal Crawford', 'Josh Smith', 'Joe Johnson']",False,"['J.R. Smith', 'Dwight Howard', 'Monta Ellis', 'Marvin Williams', 'Jamal Crawford', 'Josh Smith', 'Joe Johnson']",False,"['Carmelo Anthony', 'Jarrett Jack', 'Deron Williams', 'J.R. Smith', 'Dwight Howard', 'Monta Ellis', 'Marvin Williams', 'Jamal Crawford', 'Josh Smith', 'Joe Johnson']",False
Courtney Lee,Dwight Howard,"['Courtney Lee', 'Hedo Turkoglu', 'Dwight Howard']",True,"['Jameer Nelson', 'J.J. Redick', 'Courtney Lee', 'Hedo Turkoglu', 'Dwight Howard']",True,"['Grant Hill', 'Anthony Johnson', 'Jameer Nelson', 'J.J. Redick', 'Courtney Lee', 'Hedo Turkoglu', 'Dwight Howard']",True,"['Mickael Pietrus', 'Marcin Gortat', 'Rashard Lewis', 'Grant Hill', 'Anthony Johnson', 'Jameer Nelson', 'J.J. Redick', 'Courtney Lee', 'Hedo Turkoglu', 'Dwight Howard']",True
Andris Biedrins,Andris Biedrins,"['Anthony Randolph', 'Anthony Morrow', 'Andris Biedrins']",True,"['C.J. Watson', 'David Lee', 'Anthony Randolph', 'Anthony Morrow', 'Andris Biedrins']",True,"['Corey Maggette', 'Andre Iguodala', 'C.J. Watson', 'David Lee', 'Anthony Randolph', 'Anthony Morrow', 'Andris Biedrins']",True,"['Stephen Jackson', 'Al Harrington', 'Monta Ellis', 'Corey Maggette', 'Andre Iguodala', 'C.J. Watson', 'David Lee', 'Anthony Randolph', 'Anthony Morrow', 'Andris Biedrins']",True
Jordan Farmar,Andrew Bynum,"['Derek Fisher', 'Kobe Bryant', 'Andrew Bynum']",False,"['Lamar Odom', 'Jordan Farmar', 'Derek Fisher', 'Kobe Bryant', 'Andrew Bynum']",True,"['Josh Powell', 'Pau Gasol', 'Lamar Odom', 'Jordan Farmar', 'Derek Fisher', 'Kobe Bryant', 'Andrew Bynum']",True,"['Didier Ilunga-Mbenga', 'Jodie Meeks', 'Luke Walton', 'Josh Powell', 'Pau Gasol', 'Lamar Odom', 'Jordan Farmar', 'Derek Fisher', 'Kobe Bryant', 'Andrew Bynum']",True
Anthony Carter,Carmelo Anthony,"['Arron Afflalo', 'Anthony Carter', 'Carmelo Anthony']",True,"['Allen Iverson', 'J.R. Smith', 'Arron Afflalo', 'Anthony Carter', 'Carmelo Anthony']",True,"['Al Harrington', 'Chauncey Billups', 'Allen Iverson', 'J.R. Smith', 'Arron Afflalo', 'Anthony Carter', 'Carmelo Anthony']",True,"['Chris Andersen', 'Nene Hilario', 'Andre Miller', 'Al Harrington', 'Chauncey Billups', 'Allen Iverson', 'J.R. Smith', 'Arron Afflalo', 'Anthony Carter', 'Carmelo Anthony']",True
Marc Gasol,Mike Conley,"['O.J. Mayo', 'Marc Gasol', 'Mike Conley']",True,"['Hakim Warrick', 'Kyle Lowry', 'O.J. Mayo', 'Marc Gasol', 'Mike Conley']",True,"['Mike Miller', 'Rudy Gay', 'Hakim Warrick', 'Kyle Lowry', 'O.J. Mayo', 'Marc Gasol', 'Mike Conley']",True,"['Lawrence Roberts', 'Pau Gasol', 'Marko Jaric', 'Mike Miller', 'Rudy Gay', 'Hakim Warrick', 'Kyle Lowry', 'O.J. Mayo', 'Marc Gasol', 'Mike Conley']",True
Rodney Carney,Randy Foye,"['Mike Miller', 'Kevin Love', 'Randy Foye']",False,"['Ryan Gomes', 'Luke Ridnour', 'Mike Miller', 'Kevin Love', 'Randy Foye']",False,"['Joe Johnson', 'Corey Brewer', 'Ryan Gomes', 'Luke Ridnour', 'Mike Miller', 'Kevin Love', 'Randy Foye']",False,"['Josh Smith', 'Rodney Carney', 'Craig Smith', 'Joe Johnson', 'Corey Brewer', 'Ryan Gomes', 'Luke Ridnour', 'Mike Miller', 'Kevin Love', 'Randy Foye']",True
Ray Allen,Ray Allen,"['Rajon Rondo', 'Tony Allen', 'Ray Allen']",True,"['Kevin Garnett', 'Paul Pierce', 'Rajon Rondo', 'Tony Allen', 'Ray Allen']",True,"['Stephon Marbury', 'Kendrick Perkins', 'Kevin Garnett', 'Paul Pierce', 'Rajon Rondo', 'Tony Allen', 'Ray Allen']",True,"['Eddie House', 'Leon Powe', 'Glen Davis', 'Stephon Marbury', 'Kendrick Perkins', 'Kevin Garnett', 'Paul Pierce', 'Rajon Rondo', 'Tony Allen', 'Ray Allen']",True
T.J. Ford,T.J. Ford,"['Mike Dunleavy', 'Roy Hibbert', 'T.J. Ford']",True,"['Jarrett Jack', 'Jeff Foster', 'Mike Dunleavy', 'Roy Hibbert', 'T.J. Ford']",True,"['Marquis Daniels', 'Troy Murphy', 'Jarrett Jack', 'Jeff Foster', 'Mike Dunleavy', 'Roy Hibbert', 'T.J. Ford']",True,"['Paul George', 'Rasho Nesterovic', 'Danny Granger', 'Marquis Daniels', 'Troy Murphy', 'Jarrett Jack', 'Jeff Foster', 'Mike Dunleavy', 'Roy Hibbert', 'T.J. Ford']",True
Arron Afflalo,Jason Maxiell,"['Rasheed Wallace', 'Richard Hamilton', 'Jason Maxiell']",False,"['Antonio McDyess', 'Rodney Stuckey', 'Rasheed Wallace', 'Richard Hamilton', 'Jason Maxiell']",False,"['Tayshaun Prince', 'Kwame Brown', 'Antonio McDyess', 'Rodney Stuckey', 'Rasheed Wallace', 'Richard Hamilton', 'Jason Maxiell']",False,"['Amir Johnson', 'Chauncey Billups', 'Arron Afflalo', 'Tayshaun Prince', 'Kwame Brown', 'Antonio McDyess', 'Rodney Stuckey', 'Rasheed Wallace', 'Richard Hamilton', 'Jason Maxiell']",True
Eric Gordon,Eric Gordon,"['Chris Kaman', 'Brian Skinner', 'Eric Gordon']",True,"['Marcus Camby', 'DeAndre Jordan', 'Chris Kaman', 'Brian Skinner', 'Eric Gordon']",True,"['Blake Griffin', 'Baron Davis', 'Marcus Camby', 'DeAndre Jordan', 'Chris Kaman', 'Brian Skinner', 'Eric Gordon']",True,"['Chris Paul', 'Al Thornton', 'Jamal Crawford', 'Blake Griffin', 'Baron Davis', 'Marcus Camby', 'DeAndre Jordan', 'Chris Kaman', 'Brian Skinner', 'Eric Gordon']",True
Josh Howard,Josh Howard,"['Shawne Williams', 'Jason Terry', 'Josh Howard']",True,"['Dirk Nowitzki', 'Vince Carter', 'Shawne Williams', 'Jason Terry', 'Josh Howard']",True,"['Jason Kidd', 'Shawn Marion', 'Dirk Nowitzki', 'Vince Carter', 'Shawne Williams', 'Jason Terry', 'Josh Howard']",True,"['Ryan Hollins', 'Tyson Chandler', 'Jerry Stackhouse', 'Jason Kidd', 'Shawn Marion', 'Dirk Nowitzki', 'Vince Carter', 'Shawne Williams', 'Jason Terry', 'Josh Howard']",True
Shaquille O'Neal,Shaquille O'Neal,"['Leandro Barbosa', 'Matt Barnes', ""Shaquille O'Neal""]",True,"['Lou Amundson', 'Jared Dudley', 'Leandro Barbosa', 'Matt Barnes', ""Shaquille O'Neal""]",True,"['Grant Hill', 'Steve Nash', 'Lou Amundson', 'Jared Dudley', 'Leandro Barbosa', 'Matt Barnes', ""Shaquille O'Neal""]",True,"['Markieff Morris', 'Raja Bell', 'Jason Richardson', 'Grant Hill', 'Steve Nash', 'Lou Amundson', 'Jared Dudley', 'Leandro Barbosa', 'Matt Barnes', ""Shaquille O'Neal""]",True
Kevin Love,Kevin Love,"['Craig Smith', 'Corey Brewer', 'Kevin Love']",True,"['Luke Ridnour', 'Randy Foye', 'Craig Smith', 'Corey Brewer', 'Kevin Love']",True,"['Mike Miller', 'Joe Johnson', 'Luke Ridnour', 'Randy Foye', 'Craig Smith', 'Corey Brewer', 'Kevin Love']",True,"['Josh Smith', 'Kevin Garnett', 'Al Jefferson', 'Mike Miller', 'Joe Johnson', 'Luke Ridnour', 'Randy Foye', 'Craig Smith', 'Corey Brewer', 'Kevin Love']",True
Chris Duhon,Al Harrington,"['Chris Duhon', 'David Lee', 'Al Harrington']",True,"['Carmelo Anthony', ""Amar'e Stoudemire"", 'Chris Duhon', 'David Lee', 'Al Harrington']",True,"['Eddy Curry', 'Nate Robinson', 'Carmelo Anthony', ""Amar'e Stoudemire"", 'Chris Duhon', 'David Lee', 'Al Harrington']",True,"['Quentin Richardson', 'Jamal Crawford', 'Channing Frye', 'Eddy Curry', 'Nate Robinson', 'Carmelo Anthony', ""Amar'e Stoudemire"", 'Chris Duhon', 'David Lee', 'Al Harrington']",True
John Salmons,Jason Thompson,"['John Salmons', 'Francisco Garcia', 'Jason Thompson']",True,"['Donte Greene', 'Kevin Martin', 'John Salmons', 'Francisco Garcia', 'Jason Thompson']",True,"['DeMarcus Cousins', 'Brad Miller', 'Donte Greene', 'Kevin Martin', 'John Salmons', 'Francisco Garcia', 'Jason Thompson']",True,"['Spencer Hawes', 'Beno Udrih', 'Isaiah Thomas', 'DeMarcus Cousins', 'Brad Miller', 'Donte Greene', 'Kevin Martin', 'John Salmons', 'Francisco Garcia', 'Jason Thompson']",True
Ronny Turiaf,Ronny Turiaf,"['Kelenna Azubuike', 'Monta Ellis', 'Ronny Turiaf']",True,"['Jamal Crawford', 'Stephen Curry', 'Kelenna Azubuike', 'Monta Ellis', 'Ronny Turiaf']",True,"['Corey Maggette', 'Klay Thompson', 'Jamal Crawford', 'Stephen Curry', 'Kelenna Azubuike', 'Monta Ellis', 'Ronny Turiaf']",True,"['Jarrett Jack', 'Stephen Jackson', 'David Lee', 'Corey Maggette', 'Klay Thompson', 'Jamal Crawford', 'Stephen Curry', 'Kelenna Azubuike', 'Monta Ellis', 'Ronny Turiaf']",True
Ronnie Price,Paul Millsap,"['Ronnie Price', 'Ronnie Brewer', 'Paul Millsap']",True,"['Deron Williams', 'Mehmet Okur', 'Ronnie Price', 'Ronnie Brewer', 'Paul Millsap']",True,"['Brevin Knight', 'Matt Harpring', 'Deron Williams', 'Mehmet Okur', 'Ronnie Price', 'Ronnie Brewer', 'Paul Millsap']",True,"['Kyle Korver', 'Gordon Hayward', 'Trey Burke', 'Brevin Knight', 'Matt Harpring', 'Deron Williams', 'Mehmet Okur', 'Ronnie Price', 'Ronnie Brewer', 'Paul Millsap']",True
Elton Brand,Lou Williams,"['Samuel Dalembert', 'Elton Brand', 'Lou Williams']",True,"['Jrue Holiday', 'Andre Iguodala', 'Samuel Dalembert', 'Elton Brand', 'Lou Williams']",True,"['Thaddeus Young', 'Andre Miller', 'Jrue Holiday', 'Andre Iguodala', 'Samuel Dalembert', 'Elton Brand', 'Lou Williams']",True,"['Jodie Meeks', 'Evan Turner', 'Marreese Speights', 'Thaddeus Young', 'Andre Miller', 'Jrue Holiday', 'Andre Iguodala', 'Samuel Dalembert', 'Elton Brand', 'Lou Williams']",True
Erick Dampier,Erick Dampier,"['Jason Kidd', 'Dirk Nowitzki', 'Erick Dampier']",True,"['J.J. Barea', 'Jason Terry', 'Jason Kidd', 'Dirk Nowitzki', 'Erick Dampier']",True,"['Brandon Bass', 'James Singleton', 'J.J. Barea', 'Jason Terry', 'Jason Kidd', 'Dirk Nowitzki', 'Erick Dampier']",True,"['Devean George', 'Josh Howard', 'Antoine Wright', 'Brandon Bass', 'James Singleton', 'J.J. Barea', 'Jason Terry', 'Jason Kidd', 'Dirk Nowitzki', 'Erick Dampier']",True
Randy Foye,Randy Foye,"['Rodney Carney', 'Kevin Love', 'Randy Foye']",True,"['Corey Brewer', 'Mike Miller', 'Rodney Carney', 'Kevin Love', 'Randy Foye']",True,"['Ryan Gomes', 'Luke Ridnour', 'Corey Brewer', 'Mike Miller', 'Rodney Carney', 'Kevin Love', 'Randy Foye']",True,"['Marko Jaric', 'Josh Smith', 'Joe Johnson', 'Ryan Gomes', 'Luke Ridnour', 'Corey Brewer', 'Mike Miller', 'Rodney Carney', 'Kevin Love', 'Randy Foye']",True
Anthony Morrow,David Lee,"['Kelenna Azubuike', 'Corey Maggette', 'David Lee']",False,"['Anthony Randolph', 'Monta Ellis', 'Kelenna Azubuike', 'Corey Maggette', 'David Lee']",False,"['Anthony Morrow', 'Andris Biedrins', 'Anthony Randolph', 'Monta Ellis', 'Kelenna Azubuike', 'Corey Maggette', 'David Lee']",True,"['Ronny Turiaf', 'Jamal Crawford', 'C.J. Watson', 'Anthony Morrow', 'Andris Biedrins', 'Anthony Randolph', 'Monta Ellis', 'Kelenna Azubuike', 'Corey Maggette', 'David Lee']",True
Keith Bogans,Luc Mbah a Moute,"['Ramon Sessions', 'Luke Ridnour', 'Luc Mbah a Moute']",False,"['Francisco Elson', 'Keith Bogans', 'Ramon Sessions', 'Luke Ridnour', 'Luc Mbah a Moute']",True,"['Michael Redd', 'Charlie Villanueva', 'Francisco Elson', 'Keith Bogans', 'Ramon Sessions', 'Luke Ridnour', 'Luc Mbah a Moute']",True,"['Joe Johnson', 'Ersan Ilyasova', 'Charlie Bell', 'Michael Redd', 'Charlie Villanueva', 'Francisco Elson', 'Keith Bogans', 'Ramon Sessions', 'Luke Ridnour', 'Luc Mbah a Moute']",True
Ronald Murray,Zaza Pachulia,"['Vince Carter', 'Trevor Ariza', 'Zaza Pachulia']",False,"['Wilson Chandler', 'Tyreke Evans', 'Vince Carter', 'Trevor Ariza', 'Zaza Pachulia']",False,"['Joe Johnson', 'Tyson Chandler', 'Wilson Chandler', 'Tyreke Evans', 'Vince Carter', 'Trevor Ariza', 'Zaza Pachulia']",False,"['Paul Millsap', 'Rashard Lewis', 'Josh Smith', 'Joe Johnson', 'Tyson Chandler', 'Wilson Chandler', 'Tyreke Evans', 'Vince Carter', 'Trevor Ariza', 'Zaza Pachulia']",False
Dominic McGuire,Caron Butler,"['Nick Young', 'Antawn Jamison', 'Caron Butler']",False,"['DeShawn Stevenson', 'Dominic McGuire', 'Nick Young', 'Antawn Jamison', 'Caron Butler']",True,"['JaVale McGee', 'Darius Songaila', 'DeShawn Stevenson', 'Dominic McGuire', 'Nick Young', 'Antawn Jamison', 'Caron Butler']",True,"['John Wall', 'Juan Dixon', 'Javaris Crittenton', 'JaVale McGee', 'Darius Songaila', 'DeShawn Stevenson', 'Dominic McGuire', 'Nick Young', 'Antawn Jamison', 'Caron Butler']",True
Thabo Sefolosha,Tyrus Thomas,"['Thabo Sefolosha', 'Luol Deng', 'Tyrus Thomas']",True,"['Kirk Hinrich', 'Taj Gibson', 'Thabo Sefolosha', 'Luol Deng', 'Tyrus Thomas']",True,"['Tim Thomas', 'Joakim Noah', 'Kirk Hinrich', 'Taj Gibson', 'Thabo Sefolosha', 'Luol Deng', 'Tyrus Thomas']",True,"['Lindsey Hunter', 'Derrick Rose', 'P.J. Brown', 'Tim Thomas', 'Joakim Noah', 'Kirk Hinrich', 'Taj Gibson', 'Thabo Sefolosha', 'Luol Deng', 'Tyrus Thomas']",True
Ronnie Brewer,Ronnie Brewer,"['Ronnie Price', 'Paul Millsap', 'Ronnie Brewer']",True,"['Trey Burke', 'Mehmet Okur', 'Ronnie Price', 'Paul Millsap', 'Ronnie Brewer']",True,"['Matt Harpring', 'Deron Williams', 'Trey Burke', 'Mehmet Okur', 'Ronnie Price', 'Paul Millsap', 'Ronnie Brewer']",True,"['Gordon Hayward', 'Kyle Korver', 'Raja Bell', 'Matt Harpring', 'Deron Williams', 'Trey Burke', 'Mehmet Okur', 'Ronnie Price', 'Paul Millsap', 'Ronnie Brewer']",True
Anthony Johnson,Anthony Johnson,"['Courtney Lee', 'Dwight Howard', 'Anthony Johnson']",True,"['Jameer Nelson', 'Hedo Turkoglu', 'Courtney Lee', 'Dwight Howard', 'Anthony Johnson']",True,"['Arron Afflalo', 'J.J. Redick', 'Jameer Nelson', 'Hedo Turkoglu', 'Courtney Lee', 'Dwight Howard', 'Anthony Johnson']",True,"['Andrew Nicholson', 'Chris Duhon', 'Darko Milicic', 'Arron Afflalo', 'J.J. Redick', 'Jameer Nelson', 'Hedo Turkoglu', 'Courtney Lee', 'Dwight Howard', 'Anthony Johnson']",True
Russell Westbrook,Russell Westbrook,"['Nick Collison', 'Kevin Durant', 'Russell Westbrook']",True,"['Serge Ibaka', 'Thabo Sefolosha', 'Nick Collison', 'Kevin Durant', 'Russell Westbrook']",True,"['Desmond Mason', 'Jeff Green', 'Serge Ibaka', 'Thabo Sefolosha', 'Nick Collison', 'Kevin Durant', 'Russell Westbrook']",True,"['Earl Watson', 'Shaun Livingston', 'Nenad Krstic', 'Desmond Mason', 'Jeff Green', 'Serge Ibaka', 'Thabo Sefolosha', 'Nick Collison', 'Kevin Durant', 'Russell Westbrook']",True
Nick Collison,Russell Westbrook,"['Nick Collison', 'Thabo Sefolosha', 'Russell Westbrook']",True,"['Serge Ibaka', 'Kevin Durant', 'Nick Collison', 'Thabo Sefolosha', 'Russell Westbrook']",True,"['Kyle Weaver', 'Jeff Green', 'Serge Ibaka', 'Kevin Durant', 'Nick Collison', 'Thabo Sefolosha', 'Russell Westbrook']",True,"['Shaun Livingston', 'Robert Swift', 'Nenad Krstic', 'Kyle Weaver', 'Jeff Green', 'Serge Ibaka', 'Kevin Durant', 'Nick Collison', 'Thabo Sefolosha', 'Russell Westbrook']",True
Nick Collison,Kevin Durant,"['Jeff Green', 'Nenad Krstic', 'Kevin Durant']",False,"['Russell Westbrook', 'Nick Collison', 'Jeff Green', 'Nenad Krstic', 'Kevin Durant']",True,"['Earl Watson', 'Kyle Weaver', 'Russell Westbrook', 'Nick Collison', 'Jeff Green', 'Nenad Krstic', 'Kevin Durant']",True,"['Serge Ibaka', 'Kendrick Perkins', 'Desmond Mason', 'Earl Watson', 'Kyle Weaver', 'Russell Westbrook', 'Nick Collison', 'Jeff Green', 'Nenad Krstic', 'Kevin Durant']",True
Matt Harpring,Paul Millsap,"['Deron Williams', 'Mehmet Okur', 'Paul Millsap']",False,"['Kyle Korver', 'Matt Harpring', 'Deron Williams', 'Mehmet Okur', 'Paul Millsap']",True,"['Carlos Boozer', 'Gordon Hayward', 'Kyle Korver', 'Matt Harpring', 'Deron Williams', 'Mehmet Okur', 'Paul Millsap']",True,"['Enes Kanter', 'Derrick Favors', 'Ronnie Brewer', 'Carlos Boozer', 'Gordon Hayward', 'Kyle Korver', 'Matt Harpring', 'Deron Williams', 'Mehmet Okur', 'Paul Millsap']",True
Steve Novak,Tim Thomas,"['Zach Randolph', 'Eric Gordon', 'Tim Thomas']",False,"['Steve Novak', 'Marcus Camby', 'Zach Randolph', 'Eric Gordon', 'Tim Thomas']",True,"['Ryan Gomes', 'Rasual Butler', 'Steve Novak', 'Marcus Camby', 'Zach Randolph', 'Eric Gordon', 'Tim Thomas']",True,"['DeAndre Jordan', 'Mardy Collins', 'Ricky Davis', 'Ryan Gomes', 'Rasual Butler', 'Steve Novak', 'Marcus Camby', 'Zach Randolph', 'Eric Gordon', 'Tim Thomas']",True
Thaddeus Young,Thaddeus Young,"['Samuel Dalembert', 'Lou Williams', 'Thaddeus Young']",True,"['Reggie Evans', 'Andre Iguodala', 'Samuel Dalembert', 'Lou Williams', 'Thaddeus Young']",True,"['Jrue Holiday', 'Marreese Speights', 'Reggie Evans', 'Andre Iguodala', 'Samuel Dalembert', 'Lou Williams', 'Thaddeus Young']",True,"['Spencer Hawes', 'Willie Green', 'Andre Miller', 'Jrue Holiday', 'Marreese Speights', 'Reggie Evans', 'Andre Iguodala', 'Samuel Dalembert', 'Lou Williams', 'Thaddeus Young']",True
Matt Bonner,Manu Ginobili,"['Matt Bonner', 'Michael Finley', 'Manu Ginobili']",True,"['George Hill', 'Ime Udoka', 'Matt Bonner', 'Michael Finley', 'Manu Ginobili']",True,"['Tim Duncan', 'Roger Mason', 'George Hill', 'Ime Udoka', 'Matt Bonner', 'Michael Finley', 'Manu Ginobili']",True,"['Richard Jefferson', 'Kurt Thomas', 'Bruce Bowen', 'Tim Duncan', 'Roger Mason', 'George Hill', 'Ime Udoka', 'Matt Bonner', 'Michael Finley', 'Manu Ginobili']",True
Dwyane Wade,Dwyane Wade,"['Chris Bosh', 'Daequan Cook', 'Dwyane Wade']",True,"['Chris Quinn', 'Mario Chalmers', 'Chris Bosh', 'Daequan Cook', 'Dwyane Wade']",True,"['Joel Anthony', 'Michael Beasley', 'Chris Quinn', 'Mario Chalmers', 'Chris Bosh', 'Daequan Cook', 'Dwyane Wade']",True,"['Jamaal Magloire', 'Udonis Haslem', 'Chris Andersen', 'Joel Anthony', 'Michael Beasley', 'Chris Quinn', 'Mario Chalmers', 'Chris Bosh', 'Daequan Cook', 'Dwyane Wade']",True
Ben Wallace,Daniel Gibson,"['LeBron James', 'Delonte West', 'Daniel Gibson']",False,"['Kyrie Irving', 'Mo Williams', 'LeBron James', 'Delonte West', 'Daniel Gibson']",False,"['Ben Wallace', 'Anderson Varejao', 'Kyrie Irving', 'Mo Williams', 'LeBron James', 'Delonte West', 'Daniel Gibson']",True,"['Kevin Love', 'J.J. Hickson', 'Drew Gooden', 'Ben Wallace', 'Anderson Varejao', 'Kyrie Irving', 'Mo Williams', 'LeBron James', 'Delonte West', 'Daniel Gibson']",True
Roko Ukic,Roko Ukic,"['Shawn Marion', 'Jose Calderon', 'Roko Ukic']",True,"['Will Solomon', 'Chris Bosh', 'Shawn Marion', 'Jose Calderon', 'Roko Ukic']",True,"['DeMar DeRozan', 'T.J. Ford', 'Will Solomon', 'Chris Bosh', 'Shawn Marion', 'Jose Calderon', 'Roko Ukic']",True,"['Joey Graham', 'Sonny Weems', 'Linas Kleiza', 'DeMar DeRozan', 'T.J. Ford', 'Will Solomon', 'Chris Bosh', 'Shawn Marion', 'Jose Calderon', 'Roko Ukic']",True
Matt Barnes,Leandro Barbosa,"['Jared Dudley', 'Matt Barnes', 'Leandro Barbosa']",True,"['Steve Nash', ""Shaquille O'Neal"", 'Jared Dudley', 'Matt Barnes', 'Leandro Barbosa']",True,"['Jason Richardson', 'Raja Bell', 'Steve Nash', ""Shaquille O'Neal"", 'Jared Dudley', 'Matt Barnes', 'Leandro Barbosa']",True,"['Markieff Morris', 'Grant Hill', 'Lou Amundson', 'Jason Richardson', 'Raja Bell', 'Steve Nash', ""Shaquille O'Neal"", 'Jared Dudley', 'Matt Barnes', 'Leandro Barbosa']",True
Mikki Moore,Spencer Hawes,"['Mikki Moore', 'Tyreke Evans', 'Spencer Hawes']",True,"['Kevin Martin', 'Jason Thompson', 'Mikki Moore', 'Tyreke Evans', 'Spencer Hawes']",True,"['John Salmons', 'Rudy Gay', 'Kevin Martin', 'Jason Thompson', 'Mikki Moore', 'Tyreke Evans', 'Spencer Hawes']",True,"['Travis Outlaw', 'Rashad McCants', 'Francisco Garcia', 'John Salmons', 'Rudy Gay', 'Kevin Martin', 'Jason Thompson', 'Mikki Moore', 'Tyreke Evans', 'Spencer Hawes']",True
Josh Smith,Al Horford,"['Al Jefferson', 'Joe Johnson', 'Al Horford']",False,"['Dwight Howard', 'Andre Iguodala', 'Al Jefferson', 'Joe Johnson', 'Al Horford']",False,"['Al Harrington', ""Amar'e Stoudemire"", 'Dwight Howard', 'Andre Iguodala', 'Al Jefferson', 'Joe Johnson', 'Al Horford']",False,"['Andrew Bogut', 'Josh Smith', 'Carmelo Anthony', 'Al Harrington', ""Amar'e Stoudemire"", 'Dwight Howard', 'Andre Iguodala', 'Al Jefferson', 'Joe Johnson', 'Al Horford']",True
Anthony Johnson,Dwight Howard,"['Courtney Lee', 'Anthony Johnson', 'Dwight Howard']",True,"['Arron Afflalo', 'Hedo Turkoglu', 'Courtney Lee', 'Anthony Johnson', 'Dwight Howard']",True,"['J.J. Redick', 'Jameer Nelson', 'Arron Afflalo', 'Hedo Turkoglu', 'Courtney Lee', 'Anthony Johnson', 'Dwight Howard']",True,"['Carlos Arroyo', 'Darko Milicic', 'Andrew Nicholson', 'J.J. Redick', 'Jameer Nelson', 'Arron Afflalo', 'Hedo Turkoglu', 'Courtney Lee', 'Anthony Johnson', 'Dwight Howard']",True
J.R. Smith,J.R. Smith,"['Nene Hilario', 'Kenyon Martin', 'J.R. Smith']",True,"['Chris Andersen', 'Linas Kleiza', 'Nene Hilario', 'Kenyon Martin', 'J.R. Smith']",True,"['Carmelo Anthony', 'Ty Lawson', 'Chris Andersen', 'Linas Kleiza', 'Nene Hilario', 'Kenyon Martin', 'J.R. Smith']",True,"['Kenneth Faried', 'Marcus Camby', 'Chauncey Billups', 'Carmelo Anthony', 'Ty Lawson', 'Chris Andersen', 'Linas Kleiza', 'Nene Hilario', 'Kenyon Martin', 'J.R. Smith']",True
Rasho Nesterovic,Danny Granger,"['Jeff Foster', 'Jarrett Jack', 'Danny Granger']",False,"['Troy Murphy', 'Marquis Daniels', 'Jeff Foster', 'Jarrett Jack', 'Danny Granger']",False,"['Roy Hibbert', 'Brandon Rush', 'Troy Murphy', 'Marquis Daniels', 'Jeff Foster', 'Jarrett Jack', 'Danny Granger']",False,"['George Hill', 'David West', 'T.J. Ford', 'Roy Hibbert', 'Brandon Rush', 'Troy Murphy', 'Marquis Daniels', 'Jeff Foster', 'Jarrett Jack', 'Danny Granger']",False
Ricky Davis,Eric Gordon,"['Marcus Camby', 'Chris Kaman', 'Eric Gordon']",False,"['Quinton Ross', 'DeAndre Jordan', 'Marcus Camby', 'Chris Kaman', 'Eric Gordon']",False,"['Fred Jones', 'Cuttino Mobley', 'Quinton Ross', 'DeAndre Jordan', 'Marcus Camby', 'Chris Kaman', 'Eric Gordon']",False,"['Jamal Crawford', 'Baron Davis', 'Blake Griffin', 'Fred Jones', 'Cuttino Mobley', 'Quinton Ross', 'DeAndre Jordan', 'Marcus Camby', 'Chris Kaman', 'Eric Gordon']",False
Hedo Turkoglu,Hedo Turkoglu,"['Dwight Howard', 'Jameer Nelson', 'Hedo Turkoglu']",True,"['Mickael Pietrus', 'J.J. Redick', 'Dwight Howard', 'Jameer Nelson', 'Hedo Turkoglu']",True,"['Rafer Alston', 'Rashard Lewis', 'Mickael Pietrus', 'J.J. Redick', 'Dwight Howard', 'Jameer Nelson', 'Hedo Turkoglu']",True,"['Nikola Vucevic', 'Keith Bogans', 'Courtney Lee', 'Rafer Alston', 'Rashard Lewis', 'Mickael Pietrus', 'J.J. Redick', 'Dwight Howard', 'Jameer Nelson', 'Hedo Turkoglu']",True
Daequan Cook,Dwyane Wade,"['Chris Bosh', 'Daequan Cook', 'Dwyane Wade']",True,"['Chris Andersen', 'Chris Quinn', 'Chris Bosh', 'Daequan Cook', 'Dwyane Wade']",True,"['Udonis Haslem', 'Mario Chalmers', 'Chris Andersen', 'Chris Quinn', 'Chris Bosh', 'Daequan Cook', 'Dwyane Wade']",True,"['Shawn Marion', 'LeBron James', 'Joel Anthony', 'Udonis Haslem', 'Mario Chalmers', 'Chris Andersen', 'Chris Quinn', 'Chris Bosh', 'Daequan Cook', 'Dwyane Wade']",True
Raja Bell,Raja Bell,"[""Shaquille O'Neal"", 'Matt Barnes', 'Raja Bell']",True,"['Steve Nash', 'Leandro Barbosa', ""Shaquille O'Neal"", 'Matt Barnes', 'Raja Bell']",True,"['Jared Dudley', 'Grant Hill', 'Steve Nash', 'Leandro Barbosa', ""Shaquille O'Neal"", 'Matt Barnes', 'Raja Bell']",True,"['Marcin Gortat', 'Shawn Marion', 'Jason Richardson', 'Jared Dudley', 'Grant Hill', 'Steve Nash', 'Leandro Barbosa', ""Shaquille O'Neal"", 'Matt Barnes', 'Raja Bell']",True
Joe Johnson,Joe Johnson,"['Jamal Crawford', 'Josh Smith', 'Joe Johnson']",True,"['Marvin Williams', 'Dwight Howard', 'Jamal Crawford', 'Josh Smith', 'Joe Johnson']",True,"['Deron Williams', 'Carmelo Anthony', 'Marvin Williams', 'Dwight Howard', 'Jamal Crawford', 'Josh Smith', 'Joe Johnson']",True,"['David Lee', 'Chris Paul', 'J.R. Smith', 'Deron Williams', 'Carmelo Anthony', 'Marvin Williams', 'Dwight Howard', 'Jamal Crawford', 'Josh Smith', 'Joe Johnson']",True
Monta Ellis,Stephen Curry,"['Stephen Jackson', 'Monta Ellis', 'Stephen Curry']",True,"['Klay Thompson', 'Vladimir Radmanovic', 'Stephen Jackson', 'Monta Ellis', 'Stephen Curry']",True,"['Nate Robinson', 'Reggie Williams', 'Klay Thompson', 'Vladimir Radmanovic', 'Stephen Jackson', 'Monta Ellis', 'Stephen Curry']",True,"['David Lee', 'Ronny Turiaf', 'Troy Murphy', 'Nate Robinson', 'Reggie Williams', 'Klay Thompson', 'Vladimir Radmanovic', 'Stephen Jackson', 'Monta Ellis', 'Stephen Curry']",True
Kevin Garnett,Kevin Garnett,"['Rajon Rondo', 'Paul Pierce', 'Kevin Garnett']",True,"['Glen Davis', 'Kendrick Perkins', 'Rajon Rondo', 'Paul Pierce', 'Kevin Garnett']",True,"['Ray Allen', 'Marquis Daniels', 'Glen Davis', 'Kendrick Perkins', 'Rajon Rondo', 'Paul Pierce', 'Kevin Garnett']",True,"['Rasheed Wallace', 'Brandon Bass', 'Eddie House', 'Ray Allen', 'Marquis Daniels', 'Glen Davis', 'Kendrick Perkins', 'Rajon Rondo', 'Paul Pierce', 'Kevin Garnett']",True
Metta World Peace,Shannon Brown,"['Metta World Peace', 'Pau Gasol', 'Shannon Brown']",True,"['Lamar Odom', 'Sasha Vujacic', 'Metta World Peace', 'Pau Gasol', 'Shannon Brown']",True,"['Kobe Bryant', 'Steve Blake', 'Lamar Odom', 'Sasha Vujacic', 'Metta World Peace', 'Pau Gasol', 'Shannon Brown']",True,"['Luke Walton', 'Josh Powell', 'Wesley Johnson', 'Kobe Bryant', 'Steve Blake', 'Lamar Odom', 'Sasha Vujacic', 'Metta World Peace', 'Pau Gasol', 'Shannon Brown']",True
Zach Randolph,Zach Randolph,"['Sam Young', 'Rudy Gay', 'Zach Randolph']",True,"['Mike Conley', 'Marc Gasol', 'Sam Young', 'Rudy Gay', 'Zach Randolph']",True,"['O.J. Mayo', 'Stromile Swift', 'Mike Conley', 'Marc Gasol', 'Sam Young', 'Rudy Gay', 'Zach Randolph']",True,"['Tony Allen', 'Pau Gasol', 'Mike Miller', 'O.J. Mayo', 'Stromile Swift', 'Mike Conley', 'Marc Gasol', 'Sam Young', 'Rudy Gay', 'Zach Randolph']",True
Mario Chalmers,Mario Chalmers,"['Quentin Richardson', 'Michael Beasley', 'Mario Chalmers']",True,"['Dwyane Wade', 'Udonis Haslem', 'Quentin Richardson', 'Michael Beasley', 'Mario Chalmers']",True,"[""Jermaine O'Neal"", 'Joel Anthony', 'Dwyane Wade', 'Udonis Haslem', 'Quentin Richardson', 'Michael Beasley', 'Mario Chalmers']",True,"['Norris Cole', 'Dorell Wright', 'LeBron James', ""Jermaine O'Neal"", 'Joel Anthony', 'Dwyane Wade', 'Udonis Haslem', 'Quentin Richardson', 'Michael Beasley', 'Mario Chalmers']",True
Steve Nash,Steve Nash,"['Lou Amundson', 'P.J. Tucker', 'Steve Nash']",True,"['Markieff Morris', ""Amar'e Stoudemire"", 'Lou Amundson', 'P.J. Tucker', 'Steve Nash']",True,"['Leandro Barbosa', 'Jared Dudley', 'Markieff Morris', ""Amar'e Stoudemire"", 'Lou Amundson', 'P.J. Tucker', 'Steve Nash']",True,"['Goran Dragic', 'Grant Hill', 'Robin Lopez', 'Leandro Barbosa', 'Jared Dudley', 'Markieff Morris', ""Amar'e Stoudemire"", 'Lou Amundson', 'P.J. Tucker', 'Steve Nash']",True
David Andersen,Chuck Hayes,"['Kyle Lowry', 'Shane Battier', 'Chuck Hayes']",False,"['Trevor Ariza', 'Carl Landry', 'Kyle Lowry', 'Shane Battier', 'Chuck Hayes']",False,"['Aaron Brooks', 'Luis Scola', 'Trevor Ariza', 'Carl Landry', 'Kyle Lowry', 'Shane Battier', 'Chuck Hayes']",False,"['Chase Budinger', 'Kevin Martin', 'James Harden', 'Aaron Brooks', 'Luis Scola', 'Trevor Ariza', 'Carl Landry', 'Kyle Lowry', 'Shane Battier', 'Chuck Hayes']",False
Brandon Jennings,Brandon Jennings,"['Charlie Bell', 'Ersan Ilyasova', 'Brandon Jennings']",True,"['Charlie Villanueva', 'Carlos Delfino', 'Charlie Bell', 'Ersan Ilyasova', 'Brandon Jennings']",True,"['Joe Johnson', 'Luc Mbah a Moute', 'Charlie Villanueva', 'Carlos Delfino', 'Charlie Bell', 'Ersan Ilyasova', 'Brandon Jennings']",True,"['John Salmons', 'Ekpe Udoh', 'Andrew Bogut', 'Joe Johnson', 'Luc Mbah a Moute', 'Charlie Villanueva', 'Carlos Delfino', 'Charlie Bell', 'Ersan Ilyasova', 'Brandon Jennings']",True
Earl Watson,Roy Hibbert,"['T.J. Ford', 'Mike Dunleavy', 'Roy Hibbert']",False,"['Danny Granger', 'Paul George', 'T.J. Ford', 'Mike Dunleavy', 'Roy Hibbert']",False,"['Josh McRoberts', 'Jeff Foster', 'Danny Granger', 'Paul George', 'T.J. Ford', 'Mike Dunleavy', 'Roy Hibbert']",False,"['Troy Murphy', 'Luis Scola', 'Marquis Daniels', 'Josh McRoberts', 'Jeff Foster', 'Danny Granger', 'Paul George', 'T.J. Ford', 'Mike Dunleavy', 'Roy Hibbert']",False
Wesley Matthews,Wesley Matthews,"['Ronnie Brewer', 'Paul Millsap', 'Wesley Matthews']",True,"['Ronnie Price', 'Mehmet Okur', 'Ronnie Brewer', 'Paul Millsap', 'Wesley Matthews']",True,"['Deron Williams', 'Andrei Kirilenko', 'Ronnie Price', 'Mehmet Okur', 'Ronnie Brewer', 'Paul Millsap', 'Wesley Matthews']",True,"['C.J. Miles', 'Matt Harpring', 'Carlos Boozer', 'Deron Williams', 'Andrei Kirilenko', 'Ronnie Price', 'Mehmet Okur', 'Ronnie Brewer', 'Paul Millsap', 'Wesley Matthews']",True
Lou Amundson,Jason Richardson,"['Jared Dudley', 'Leandro Barbosa', 'Jason Richardson']",False,"[""Amar'e Stoudemire"", 'Robin Lopez', 'Jared Dudley', 'Leandro Barbosa', 'Jason Richardson']",False,"['Markieff Morris', 'Grant Hill', ""Amar'e Stoudemire"", 'Robin Lopez', 'Jared Dudley', 'Leandro Barbosa', 'Jason Richardson']",False,"['Shawn Marion', 'Channing Frye', 'Goran Dragic', 'Markieff Morris', 'Grant Hill', ""Amar'e Stoudemire"", 'Robin Lopez', 'Jared Dudley', 'Leandro Barbosa', 'Jason Richardson']",False
Jeff Green,Jeff Green,"['Kevin Durant', 'James Harden', 'Jeff Green']",True,"['Russell Westbrook', 'Eric Maynor', 'Kevin Durant', 'James Harden', 'Jeff Green']",True,"['Etan Thomas', 'Thabo Sefolosha', 'Russell Westbrook', 'Eric Maynor', 'Kevin Durant', 'James Harden', 'Jeff Green']",True,"['Serge Ibaka', 'Daequan Cook', 'Nick Collison', 'Etan Thomas', 'Thabo Sefolosha', 'Russell Westbrook', 'Eric Maynor', 'Kevin Durant', 'James Harden', 'Jeff Green']",True
Jason Terry,Jason Terry,"['Shawn Marion', 'Jason Kidd', 'Jason Terry']",True,"['Dirk Nowitzki', 'J.J. Barea', 'Shawn Marion', 'Jason Kidd', 'Jason Terry']",True,"['Erick Dampier', 'Josh Howard', 'Dirk Nowitzki', 'J.J. Barea', 'Shawn Marion', 'Jason Kidd', 'Jason Terry']",True,"['Drew Gooden', 'Jerry Stackhouse', 'Rodrigue Beaubois', 'Erick Dampier', 'Josh Howard', 'Dirk Nowitzki', 'J.J. Barea', 'Shawn Marion', 'Jason Kidd', 'Jason Terry']",True
Mike Dunleavy,Paul George,"['Mike Dunleavy', 'Roy Hibbert', 'Paul George']",True,"['Danny Granger', 'T.J. Ford', 'Mike Dunleavy', 'Roy Hibbert', 'Paul George']",True,"['Lance Stephenson', 'Ian Mahinmi', 'Danny Granger', 'T.J. Ford', 'Mike Dunleavy', 'Roy Hibbert', 'Paul George']",True,"['Troy Murphy', 'Jeff Foster', 'Luis Scola', 'Lance Stephenson', 'Ian Mahinmi', 'Danny Granger', 'T.J. Ford', 'Mike Dunleavy', 'Roy Hibbert', 'Paul George']",True
Jason Collins,Al Horford,"['Andre Iguodala', 'Joe Johnson', 'Al Horford']",False,"['Dwight Howard', 'Al Jefferson', 'Andre Iguodala', 'Joe Johnson', 'Al Horford']",False,"['Al Harrington', ""Amar'e Stoudemire"", 'Dwight Howard', 'Al Jefferson', 'Andre Iguodala', 'Joe Johnson', 'Al Horford']",False,"['Andrew Bogut', 'Josh Smith', 'Carmelo Anthony', 'Al Harrington', ""Amar'e Stoudemire"", 'Dwight Howard', 'Al Jefferson', 'Andre Iguodala', 'Joe Johnson', 'Al Horford']",False
Eric Gordon,Eric Gordon,"['DeAndre Jordan', 'Rasual Butler', 'Eric Gordon']",True,"['Marcus Camby', 'Chris Kaman', 'DeAndre Jordan', 'Rasual Butler', 'Eric Gordon']",True,"['Ricky Davis', 'Jamal Crawford', 'Marcus Camby', 'Chris Kaman', 'DeAndre Jordan', 'Rasual Butler', 'Eric Gordon']",True,"['Blake Griffin', 'Chris Paul', 'Steve Blake', 'Ricky Davis', 'Jamal Crawford', 'Marcus Camby', 'Chris Kaman', 'DeAndre Jordan', 'Rasual Butler', 'Eric Gordon']",True
Jannero Pargo,Kirk Hinrich,"['Luol Deng', 'Joakim Noah', 'Kirk Hinrich']",False,"['Jannero Pargo', 'John Salmons', 'Luol Deng', 'Joakim Noah', 'Kirk Hinrich']",True,"['James Johnson', 'Derrick Rose', 'Jannero Pargo', 'John Salmons', 'Luol Deng', 'Joakim Noah', 'Kirk Hinrich']",True,"['Jimmy Butler', 'Chris Duhon', 'Taj Gibson', 'James Johnson', 'Derrick Rose', 'Jannero Pargo', 'John Salmons', 'Luol Deng', 'Joakim Noah', 'Kirk Hinrich']",True
Chris Bosh,Chris Bosh,"['Jose Calderon', 'DeMar DeRozan', 'Chris Bosh']",True,"['Jarrett Jack', 'Hedo Turkoglu', 'Jose Calderon', 'DeMar DeRozan', 'Chris Bosh']",True,"['Amir Johnson', 'Andrea Bargnani', 'Jarrett Jack', 'Hedo Turkoglu', 'Jose Calderon', 'DeMar DeRozan', 'Chris Bosh']",True,"['Ed Davis', 'Kyle Lowry', 'Anthony Parker', 'Amir Johnson', 'Andrea Bargnani', 'Jarrett Jack', 'Hedo Turkoglu', 'Jose Calderon', 'DeMar DeRozan', 'Chris Bosh']",True
Channing Frye,Goran Dragic,"['Grant Hill', 'Jared Dudley', 'Goran Dragic']",False,"['Leandro Barbosa', 'Channing Frye', 'Grant Hill', 'Jared Dudley', 'Goran Dragic']",True,"['Boris Diaw', 'Jason Richardson', 'Leandro Barbosa', 'Channing Frye', 'Grant Hill', 'Jared Dudley', 'Goran Dragic']",True,"['Eric Bledsoe', 'Steve Nash', ""Amar'e Stoudemire"", 'Boris Diaw', 'Jason Richardson', 'Leandro Barbosa', 'Channing Frye', 'Grant Hill', 'Jared Dudley', 'Goran Dragic']",True
J.R. Smith,J.R. Smith,"['Chris Andersen', 'Nene Hilario', 'J.R. Smith']",True,"['Ty Lawson', 'Kenyon Martin', 'Chris Andersen', 'Nene Hilario', 'J.R. Smith']",True,"['Carmelo Anthony', 'Chauncey Billups', 'Ty Lawson', 'Kenyon Martin', 'Chris Andersen', 'Nene Hilario', 'J.R. Smith']",True,"['Marcus Camby', 'Joey Graham', 'Linas Kleiza', 'Carmelo Anthony', 'Chauncey Billups', 'Ty Lawson', 'Kenyon Martin', 'Chris Andersen', 'Nene Hilario', 'J.R. Smith']",True
Nene Hilario,J.R. Smith,"['Nene Hilario', 'Kenyon Martin', 'J.R. Smith']",True,"['Chris Andersen', 'Ty Lawson', 'Nene Hilario', 'Kenyon Martin', 'J.R. Smith']",True,"['Chauncey Billups', 'Carmelo Anthony', 'Chris Andersen', 'Ty Lawson', 'Nene Hilario', 'Kenyon Martin', 'J.R. Smith']",True,"['Kenneth Faried', 'Linas Kleiza', 'Arron Afflalo', 'Chauncey Billups', 'Carmelo Anthony', 'Chris Andersen', 'Ty Lawson', 'Nene Hilario', 'Kenyon Martin', 'J.R. Smith']",True
Deron Williams,Deron Williams,"['Paul Millsap', 'Mehmet Okur', 'Deron Williams']",True,"['Carlos Boozer', 'Kyle Korver', 'Paul Millsap', 'Mehmet Okur', 'Deron Williams']",True,"['Matt Harpring', 'Ronnie Brewer', 'Carlos Boozer', 'Kyle Korver', 'Paul Millsap', 'Mehmet Okur', 'Deron Williams']",True,"['Kyrylo Fesenko', 'C.J. Miles', 'Andrei Kirilenko', 'Matt Harpring', 'Ronnie Brewer', 'Carlos Boozer', 'Kyle Korver', 'Paul Millsap', 'Mehmet Okur', 'Deron Williams']",True
Aaron Brooks,Aaron Brooks,"['Chandler Parsons', 'Chuck Hayes', 'Aaron Brooks']",True,"['Carl Landry', 'Luis Scola', 'Chandler Parsons', 'Chuck Hayes', 'Aaron Brooks']",True,"['James Harden', 'Chase Budinger', 'Carl Landry', 'Luis Scola', 'Chandler Parsons', 'Chuck Hayes', 'Aaron Brooks']",True,"['Kyle Lowry', 'Dwight Howard', 'Shane Battier', 'James Harden', 'Chase Budinger', 'Carl Landry', 'Luis Scola', 'Chandler Parsons', 'Chuck Hayes', 'Aaron Brooks']",True
Trevor Ariza,Trevor Ariza,"['Tracy McGrady', 'Shane Battier', 'Trevor Ariza']",True,"['Luis Scola', 'Yao Ming', 'Tracy McGrady', 'Shane Battier', 'Trevor Ariza']",True,"['Patrick Patterson', 'Kyle Lowry', 'Luis Scola', 'Yao Ming', 'Tracy McGrady', 'Shane Battier', 'Trevor Ariza']",True,"['Kevin Martin', 'Chuck Hayes', 'Terrence Jones', 'Patrick Patterson', 'Kyle Lowry', 'Luis Scola', 'Yao Ming', 'Tracy McGrady', 'Shane Battier', 'Trevor Ariza']",True
Zach Randolph,Zach Randolph,"['Sam Young', 'Rudy Gay', 'Zach Randolph']",True,"['Marc Gasol', 'Mike Conley', 'Sam Young', 'Rudy Gay', 'Zach Randolph']",True,"['Stromile Swift', 'O.J. Mayo', 'Marc Gasol', 'Mike Conley', 'Sam Young', 'Rudy Gay', 'Zach Randolph']",True,"['DeMarre Carroll', 'Tony Allen', 'Mike Miller', 'Stromile Swift', 'O.J. Mayo', 'Marc Gasol', 'Mike Conley', 'Sam Young', 'Rudy Gay', 'Zach Randolph']",True
Antoine Wright,Chris Bosh,"['DeMar DeRozan', 'Antoine Wright', 'Chris Bosh']",True,"['Jose Calderon', 'Andrea Bargnani', 'DeMar DeRozan', 'Antoine Wright', 'Chris Bosh']",True,"['Amir Johnson', 'Hedo Turkoglu', 'Jose Calderon', 'Andrea Bargnani', 'DeMar DeRozan', 'Antoine Wright', 'Chris Bosh']",True,"['Sonny Weems', 'Anthony Parker', 'Jarrett Jack', 'Amir Johnson', 'Hedo Turkoglu', 'Jose Calderon', 'Andrea Bargnani', 'DeMar DeRozan', 'Antoine Wright', 'Chris Bosh']",True
Steve Blake,Rasual Butler,"['DeAndre Jordan', 'Tim Thomas', 'Rasual Butler']",False,"['Marcus Camby', 'Steve Blake', 'DeAndre Jordan', 'Tim Thomas', 'Rasual Butler']",True,"['Chris Kaman', 'Matt Barnes', 'Marcus Camby', 'Steve Blake', 'DeAndre Jordan', 'Tim Thomas', 'Rasual Butler']",True,"['Eric Gordon', 'Jamal Crawford', 'Steve Novak', 'Chris Kaman', 'Matt Barnes', 'Marcus Camby', 'Steve Blake', 'DeAndre Jordan', 'Tim Thomas', 'Rasual Butler']",True
Willie Green,Willie Green,"['Samuel Dalembert', 'Thaddeus Young', 'Willie Green']",True,"['Rodney Carney', 'Marreese Speights', 'Samuel Dalembert', 'Thaddeus Young', 'Willie Green']",True,"['Lou Williams', 'Andre Iguodala', 'Rodney Carney', 'Marreese Speights', 'Samuel Dalembert', 'Thaddeus Young', 'Willie Green']",True,"['Jrue Holiday', 'Theo Ratliff', 'Spencer Hawes', 'Lou Williams', 'Andre Iguodala', 'Rodney Carney', 'Marreese Speights', 'Samuel Dalembert', 'Thaddeus Young', 'Willie Green']",True
Shane Battier,Luis Scola,"['Kyle Lowry', 'Shane Battier', 'Luis Scola']",True,"['Chuck Hayes', 'Rafer Alston', 'Kyle Lowry', 'Shane Battier', 'Luis Scola']",True,"['Josh Smith', 'Trevor Ariza', 'Chuck Hayes', 'Rafer Alston', 'Kyle Lowry', 'Shane Battier', 'Luis Scola']",True,"['James Harden', 'Kevin Martin', 'Carl Landry', 'Josh Smith', 'Trevor Ariza', 'Chuck Hayes', 'Rafer Alston', 'Kyle Lowry', 'Shane Battier', 'Luis Scola']",True
Elton Brand,Elton Brand,"['Andre Miller', 'Andre Iguodala', 'Elton Brand']",True,"['Jason Smith', 'Jrue Holiday', 'Andre Miller', 'Andre Iguodala', 'Elton Brand']",True,"['Evan Turner', 'Lou Williams', 'Jason Smith', 'Jrue Holiday', 'Andre Miller', 'Andre Iguodala', 'Elton Brand']",True,"['Samuel Dalembert', 'Jason Kapono', 'Thaddeus Young', 'Evan Turner', 'Lou Williams', 'Jason Smith', 'Jrue Holiday', 'Andre Miller', 'Andre Iguodala', 'Elton Brand']",True
Zydrunas Ilgauskas,Zydrunas Ilgauskas,"['Tristan Thompson', 'LeBron James', 'Zydrunas Ilgauskas']",True,"[""Shaquille O'Neal"", 'Mo Williams', 'Tristan Thompson', 'LeBron James', 'Zydrunas Ilgauskas']",True,"['Daniel Gibson', 'Anderson Varejao', ""Shaquille O'Neal"", 'Mo Williams', 'Tristan Thompson', 'LeBron James', 'Zydrunas Ilgauskas']",True,"['Kyrie Irving', 'Ramon Sessions', 'Anthony Parker', 'Daniel Gibson', 'Anderson Varejao', ""Shaquille O'Neal"", 'Mo Williams', 'Tristan Thompson', 'LeBron James', 'Zydrunas Ilgauskas']",True
Jonny Flynn,Kevin Love,"['Sasha Pavlovic', 'Ryan Gomes', 'Kevin Love']",False,"['Corey Brewer', 'Ramon Sessions', 'Sasha Pavlovic', 'Ryan Gomes', 'Kevin Love']",False,"['Jonny Flynn', 'Luke Ridnour', 'Corey Brewer', 'Ramon Sessions', 'Sasha Pavlovic', 'Ryan Gomes', 'Kevin Love']",True,"['Joe Johnson', 'Nikola Pekovic', 'Randy Foye', 'Jonny Flynn', 'Luke Ridnour', 'Corey Brewer', 'Ramon Sessions', 'Sasha Pavlovic', 'Ryan Gomes', 'Kevin Love']",True
Drew Gooden,Dirk Nowitzki,"['Caron Butler', 'Brendan Haywood', 'Dirk Nowitzki']",False,"['Jason Terry', 'Erick Dampier', 'Caron Butler', 'Brendan Haywood', 'Dirk Nowitzki']",False,"['J.J. Barea', 'Drew Gooden', 'Jason Terry', 'Erick Dampier', 'Caron Butler', 'Brendan Haywood', 'Dirk Nowitzki']",True,"['Brandan Wright', 'Brandon Bass', 'Jason Kidd', 'J.J. Barea', 'Drew Gooden', 'Jason Terry', 'Erick Dampier', 'Caron Butler', 'Brendan Haywood', 'Dirk Nowitzki']",True
Andres Nocioni,Beno Udrih,"['DeMarcus Cousins', 'Andres Nocioni', 'Beno Udrih']",True,"['Jason Thompson', 'Ben McLemore', 'DeMarcus Cousins', 'Andres Nocioni', 'Beno Udrih']",True,"['Donte Greene', 'Carl Landry', 'Jason Thompson', 'Ben McLemore', 'DeMarcus Cousins', 'Andres Nocioni', 'Beno Udrih']",True,"['Aaron Brooks', 'Chuck Hayes', 'Francisco Garcia', 'Donte Greene', 'Carl Landry', 'Jason Thompson', 'Ben McLemore', 'DeMarcus Cousins', 'Andres Nocioni', 'Beno Udrih']",True
Thaddeus Young,Thaddeus Young,"['Jrue Holiday', 'Samuel Dalembert', 'Thaddeus Young']",True,"['Andre Iguodala', 'Lou Williams', 'Jrue Holiday', 'Samuel Dalembert', 'Thaddeus Young']",True,"['Marreese Speights', 'Spencer Hawes', 'Andre Iguodala', 'Lou Williams', 'Jrue Holiday', 'Samuel Dalembert', 'Thaddeus Young']",True,"['Lavoy Allen', 'Willie Green', 'Rodney Carney', 'Marreese Speights', 'Spencer Hawes', 'Andre Iguodala', 'Lou Williams', 'Jrue Holiday', 'Samuel Dalembert', 'Thaddeus Young']",True
Sergio Rodriguez,Tyreke Evans,"['Jason Thompson', 'Spencer Hawes', 'Tyreke Evans']",False,"['Sergio Rodriguez', 'Omri Casspi', 'Jason Thompson', 'Spencer Hawes', 'Tyreke Evans']",True,"['Francisco Garcia', 'Rudy Gay', 'Sergio Rodriguez', 'Omri Casspi', 'Jason Thompson', 'Spencer Hawes', 'Tyreke Evans']",True,"['John Salmons', 'Kevin Martin', 'Travis Outlaw', 'Francisco Garcia', 'Rudy Gay', 'Sergio Rodriguez', 'Omri Casspi', 'Jason Thompson', 'Spencer Hawes', 'Tyreke Evans']",True
Marcus Camby,Eric Gordon,"['DeAndre Jordan', 'Chris Kaman', 'Eric Gordon']",False,"['Marcus Camby', 'Rasual Butler', 'DeAndre Jordan', 'Chris Kaman', 'Eric Gordon']",True,"['Cuttino Mobley', 'Craig Smith', 'Marcus Camby', 'Rasual Butler', 'DeAndre Jordan', 'Chris Kaman', 'Eric Gordon']",True,"['Jamal Crawford', 'Baron Davis', 'Elton Brand', 'Cuttino Mobley', 'Craig Smith', 'Marcus Camby', 'Rasual Butler', 'DeAndre Jordan', 'Chris Kaman', 'Eric Gordon']",True
Troy Murphy,Troy Murphy,"['Tyler Hansbrough', 'Roy Hibbert', 'Troy Murphy']",True,"['Solomon Hill', 'T.J. Ford', 'Tyler Hansbrough', 'Roy Hibbert', 'Troy Murphy']",True,"['Paul George', 'Danny Granger', 'Solomon Hill', 'T.J. Ford', 'Tyler Hansbrough', 'Roy Hibbert', 'Troy Murphy']",True,"['Earl Watson', 'Jeff Foster', 'Mike Dunleavy', 'Paul George', 'Danny Granger', 'Solomon Hill', 'T.J. Ford', 'Tyler Hansbrough', 'Roy Hibbert', 'Troy Murphy']",True
Jason Maxiell,Jason Maxiell,"['Jonas Jerebko', 'Charlie Villanueva', 'Jason Maxiell']",True,"['Chucky Atkins', 'Richard Hamilton', 'Jonas Jerebko', 'Charlie Villanueva', 'Jason Maxiell']",True,"['Greg Monroe', 'Ben Wallace', 'Chucky Atkins', 'Richard Hamilton', 'Jonas Jerebko', 'Charlie Villanueva', 'Jason Maxiell']",True,"['Josh Smith', 'Tayshaun Prince', 'Rodney Stuckey', 'Greg Monroe', 'Ben Wallace', 'Chucky Atkins', 'Richard Hamilton', 'Jonas Jerebko', 'Charlie Villanueva', 'Jason Maxiell']",True
Corey Brewer,Al Jefferson,"['Kevin Love', 'Corey Brewer', 'Al Jefferson']",True,"['Damien Wilkins', 'Al Horford', 'Kevin Love', 'Corey Brewer', 'Al Jefferson']",True,"['Joe Johnson', 'Andre Iguodala', 'Damien Wilkins', 'Al Horford', 'Kevin Love', 'Corey Brewer', 'Al Jefferson']",True,"['Dwight Howard', 'Andrew Wiggins', 'Craig Smith', 'Joe Johnson', 'Andre Iguodala', 'Damien Wilkins', 'Al Horford', 'Kevin Love', 'Corey Brewer', 'Al Jefferson']",True
Eric Gordon,Chris Kaman,"['Eric Gordon', 'DeAndre Jordan', 'Chris Kaman']",True,"['Drew Gooden', 'Marcus Camby', 'Eric Gordon', 'DeAndre Jordan', 'Chris Kaman']",True,"['Craig Smith', 'Rasual Butler', 'Drew Gooden', 'Marcus Camby', 'Eric Gordon', 'DeAndre Jordan', 'Chris Kaman']",True,"['Jamal Crawford', 'Blake Griffin', 'Baron Davis', 'Craig Smith', 'Rasual Butler', 'Drew Gooden', 'Marcus Camby', 'Eric Gordon', 'DeAndre Jordan', 'Chris Kaman']",True
Eric Gordon,Eric Gordon,"['Rasual Butler', 'Marcus Camby', 'Eric Gordon']",True,"['Al Thornton', 'Chris Kaman', 'Rasual Butler', 'Marcus Camby', 'Eric Gordon']",True,"['Steve Blake', 'DeAndre Jordan', 'Al Thornton', 'Chris Kaman', 'Rasual Butler', 'Marcus Camby', 'Eric Gordon']",True,"['Jamal Crawford', 'Quinton Ross', 'Baron Davis', 'Steve Blake', 'DeAndre Jordan', 'Al Thornton', 'Chris Kaman', 'Rasual Butler', 'Marcus Camby', 'Eric Gordon']",True
Deron Williams,Andrei Kirilenko,"['C.J. Miles', 'Carlos Boozer', 'Andrei Kirilenko']",False,"['Paul Millsap', 'Deron Williams', 'C.J. Miles', 'Carlos Boozer', 'Andrei Kirilenko']",True,"['Al Jefferson', 'Mehmet Okur', 'Paul Millsap', 'Deron Williams', 'C.J. Miles', 'Carlos Boozer', 'Andrei Kirilenko']",True,"['Derrick Favors', 'Wesley Matthews', 'Kyle Korver', 'Al Jefferson', 'Mehmet Okur', 'Paul Millsap', 'Deron Williams', 'C.J. Miles', 'Carlos Boozer', 'Andrei Kirilenko']",True
Jamaal Tinsley,Mike Conley,"['Marcus Williams', 'Marc Gasol', 'Mike Conley']",False,"['Rudy Gay', 'O.J. Mayo', 'Marcus Williams', 'Marc Gasol', 'Mike Conley']",False,"['Zach Randolph', 'Jamaal Tinsley', 'Rudy Gay', 'O.J. Mayo', 'Marcus Williams', 'Marc Gasol', 'Mike Conley']",True,"['Dahntay Jones', 'Hasheem Thabeet', 'Hakim Warrick', 'Zach Randolph', 'Jamaal Tinsley', 'Rudy Gay', 'O.J. Mayo', 'Marcus Williams', 'Marc Gasol', 'Mike Conley']",True
Jeff Green,Jeff Green,"['Kevin Durant', 'James Harden', 'Jeff Green']",True,"['Russell Westbrook', 'Eric Maynor', 'Kevin Durant', 'James Harden', 'Jeff Green']",True,"['Andre Roberson', 'Kendrick Perkins', 'Russell Westbrook', 'Eric Maynor', 'Kevin Durant', 'James Harden', 'Jeff Green']",True,"['Nick Collison', 'Thabo Sefolosha', 'Anthony Morrow', 'Andre Roberson', 'Kendrick Perkins', 'Russell Westbrook', 'Eric Maynor', 'Kevin Durant', 'James Harden', 'Jeff Green']",True
Zach Randolph,Zach Randolph,"['Sam Young', 'Rudy Gay', 'Zach Randolph']",True,"['Marc Gasol', 'O.J. Mayo', 'Sam Young', 'Rudy Gay', 'Zach Randolph']",True,"['Mike Conley', 'Stromile Swift', 'Marc Gasol', 'O.J. Mayo', 'Sam Young', 'Rudy Gay', 'Zach Randolph']",True,"['Mike Miller', 'Hasheem Thabeet', 'Tarence Kinsey', 'Mike Conley', 'Stromile Swift', 'Marc Gasol', 'O.J. Mayo', 'Sam Young', 'Rudy Gay', 'Zach Randolph']",True
Nene Hilario,Nene Hilario,"['Ty Lawson', 'J.R. Smith', 'Nene Hilario']",True,"['Carmelo Anthony', 'Kenyon Martin', 'Ty Lawson', 'J.R. Smith', 'Nene Hilario']",True,"['Chris Andersen', 'Chauncey Billups', 'Carmelo Anthony', 'Kenyon Martin', 'Ty Lawson', 'J.R. Smith', 'Nene Hilario']",True,"['Linas Kleiza', 'Arron Afflalo', 'Joey Graham', 'Chris Andersen', 'Chauncey Billups', 'Carmelo Anthony', 'Kenyon Martin', 'Ty Lawson', 'J.R. Smith', 'Nene Hilario']",True
Wilson Chandler,Wilson Chandler,"['Tyson Chandler', 'Toney Douglas', 'Wilson Chandler']",True,"['Jared Jeffries', 'Tim Hardaway', 'Tyson Chandler', 'Toney Douglas', 'Wilson Chandler']",True,"['Zach Randolph', 'Stephon Marbury', 'Jared Jeffries', 'Tim Hardaway', 'Tyson Chandler', 'Toney Douglas', 'Wilson Chandler']",True,"['Raymond Felton', 'Nate Robinson', 'David Lee', 'Zach Randolph', 'Stephon Marbury', 'Jared Jeffries', 'Tim Hardaway', 'Tyson Chandler', 'Toney Douglas', 'Wilson Chandler']",True
Maurice Evans,Joe Johnson,"['Jamal Crawford', 'Josh Smith', 'Joe Johnson']",False,"['Monta Ellis', 'Marvin Williams', 'Jamal Crawford', 'Josh Smith', 'Joe Johnson']",False,"['Deron Williams', 'Dwight Howard', 'Monta Ellis', 'Marvin Williams', 'Jamal Crawford', 'Josh Smith', 'Joe Johnson']",False,"['Carmelo Anthony', 'Chris Paul', 'J.R. Smith', 'Deron Williams', 'Dwight Howard', 'Monta Ellis', 'Marvin Williams', 'Jamal Crawford', 'Josh Smith', 'Joe Johnson']",False
Andres Nocioni,Beno Udrih,"['DeMarcus Cousins', 'Andres Nocioni', 'Beno Udrih']",True,"['Jason Thompson', 'Ben McLemore', 'DeMarcus Cousins', 'Andres Nocioni', 'Beno Udrih']",True,"['Carl Landry', 'Donte Greene', 'Jason Thompson', 'Ben McLemore', 'DeMarcus Cousins', 'Andres Nocioni', 'Beno Udrih']",True,"['Aaron Brooks', 'Francisco Garcia', 'Chuck Hayes', 'Carl Landry', 'Donte Greene', 'Jason Thompson', 'Ben McLemore', 'DeMarcus Cousins', 'Andres Nocioni', 'Beno Udrih']",True
Al Jefferson,Al Jefferson,"['Kevin Love', 'Corey Brewer', 'Al Jefferson']",True,"['Damien Wilkins', 'Al Horford', 'Kevin Love', 'Corey Brewer', 'Al Jefferson']",True,"['Andre Iguodala', 'Kevin Garnett', 'Damien Wilkins', 'Al Horford', 'Kevin Love', 'Corey Brewer', 'Al Jefferson']",True,"['Andrew Wiggins', 'Craig Smith', 'Joe Johnson', 'Andre Iguodala', 'Kevin Garnett', 'Damien Wilkins', 'Al Horford', 'Kevin Love', 'Corey Brewer', 'Al Jefferson']",True
Ricky Davis,Eric Gordon,"['Rasual Butler', 'Ricky Davis', 'Eric Gordon']",True,"['DeAndre Jordan', 'Marcus Camby', 'Rasual Butler', 'Ricky Davis', 'Eric Gordon']",True,"['Chris Kaman', 'Jamal Crawford', 'DeAndre Jordan', 'Marcus Camby', 'Rasual Butler', 'Ricky Davis', 'Eric Gordon']",True,"['Chris Paul', 'Steve Blake', 'Blake Griffin', 'Chris Kaman', 'Jamal Crawford', 'DeAndre Jordan', 'Marcus Camby', 'Rasual Butler', 'Ricky Davis', 'Eric Gordon']",True
Will Bynum,Will Bynum,"['Rodney Stuckey', 'Tayshaun Prince', 'Will Bynum']",True,"['Jonas Jerebko', 'Richard Hamilton', 'Rodney Stuckey', 'Tayshaun Prince', 'Will Bynum']",True,"['Kyle Singler', 'Ronald Murray', 'Jonas Jerebko', 'Richard Hamilton', 'Rodney Stuckey', 'Tayshaun Prince', 'Will Bynum']",True,"['Kentavious Caldwell-Pope', 'Charlie Villanueva', 'Jason Maxiell', 'Kyle Singler', 'Ronald Murray', 'Jonas Jerebko', 'Richard Hamilton', 'Rodney Stuckey', 'Tayshaun Prince', 'Will Bynum']",True
Ty Lawson,Ty Lawson,"['Wilson Chandler', 'Nene Hilario', 'Ty Lawson']",True,"['Carmelo Anthony', 'Kenyon Martin', 'Wilson Chandler', 'Nene Hilario', 'Ty Lawson']",True,"['Marcus Camby', 'J.R. Smith', 'Carmelo Anthony', 'Kenyon Martin', 'Wilson Chandler', 'Nene Hilario', 'Ty Lawson']",True,"['Yakhouba Diawara', 'Chris Andersen', 'Chauncey Billups', 'Marcus Camby', 'J.R. Smith', 'Carmelo Anthony', 'Kenyon Martin', 'Wilson Chandler', 'Nene Hilario', 'Ty Lawson']",True
Andrei Kirilenko,Andrei Kirilenko,"['Carlos Boozer', 'C.J. Miles', 'Andrei Kirilenko']",True,"['Paul Millsap', 'Deron Williams', 'Carlos Boozer', 'C.J. Miles', 'Andrei Kirilenko']",True,"['Al Jefferson', 'Mehmet Okur', 'Paul Millsap', 'Deron Williams', 'Carlos Boozer', 'C.J. Miles', 'Andrei Kirilenko']",True,"['Alec Burks', 'Kyle Korver', 'Ronnie Brewer', 'Al Jefferson', 'Mehmet Okur', 'Paul Millsap', 'Deron Williams', 'Carlos Boozer', 'C.J. Miles', 'Andrei Kirilenko']",True
Samuel Dalembert,Thaddeus Young,"['Jrue Holiday', 'Samuel Dalembert', 'Thaddeus Young']",True,"['Lou Williams', 'Marreese Speights', 'Jrue Holiday', 'Samuel Dalembert', 'Thaddeus Young']",True,"['Andre Iguodala', 'Royal Ivey', 'Lou Williams', 'Marreese Speights', 'Jrue Holiday', 'Samuel Dalembert', 'Thaddeus Young']",True,"['Elton Brand', 'Spencer Hawes', 'Willie Green', 'Andre Iguodala', 'Royal Ivey', 'Lou Williams', 'Marreese Speights', 'Jrue Holiday', 'Samuel Dalembert', 'Thaddeus Young']",True
Kevin Durant,Kevin Durant,"['James Harden', 'Jeff Green', 'Kevin Durant']",True,"['Russell Westbrook', 'Nick Collison', 'James Harden', 'Jeff Green', 'Kevin Durant']",True,"['Kendrick Perkins', 'Nenad Krstic', 'Russell Westbrook', 'Nick Collison', 'James Harden', 'Jeff Green', 'Kevin Durant']",True,"['Eric Maynor', 'Serge Ibaka', 'Thabo Sefolosha', 'Kendrick Perkins', 'Nenad Krstic', 'Russell Westbrook', 'Nick Collison', 'James Harden', 'Jeff Green', 'Kevin Durant']",True
Kevin Durant,Kevin Durant,"['Russell Westbrook', 'Jeff Green', 'Kevin Durant']",True,"['James Harden', 'Nick Collison', 'Russell Westbrook', 'Jeff Green', 'Kevin Durant']",True,"['Thabo Sefolosha', 'Nenad Krstic', 'James Harden', 'Nick Collison', 'Russell Westbrook', 'Jeff Green', 'Kevin Durant']",True,"['Hasheem Thabeet', 'Serge Ibaka', 'Kendrick Perkins', 'Thabo Sefolosha', 'Nenad Krstic', 'James Harden', 'Nick Collison', 'Russell Westbrook', 'Jeff Green', 'Kevin Durant']",True
Marvin Williams,Joe Johnson,"['Jamal Crawford', 'Josh Smith', 'Joe Johnson']",False,"['Dwight Howard', 'Marvin Williams', 'Jamal Crawford', 'Josh Smith', 'Joe Johnson']",True,"['Monta Ellis', 'Deron Williams', 'Dwight Howard', 'Marvin Williams', 'Jamal Crawford', 'Josh Smith', 'Joe Johnson']",True,"['J.R. Smith', 'Jarrett Jack', 'Carmelo Anthony', 'Monta Ellis', 'Deron Williams', 'Dwight Howard', 'Marvin Williams', 'Jamal Crawford', 'Josh Smith', 'Joe Johnson']",True
Wayne Ellington,Wayne Ellington,"['Ryan Hollins', 'Ryan Gomes', 'Wayne Ellington']",True,"['Ricky Rubio', 'Kevin Love', 'Ryan Hollins', 'Ryan Gomes', 'Wayne Ellington']",True,"['Ramon Sessions', 'Sebastian Telfair', 'Ricky Rubio', 'Kevin Love', 'Ryan Hollins', 'Ryan Gomes', 'Wayne Ellington']",True,"['Nikola Pekovic', 'Wesley Johnson', 'Sasha Pavlovic', 'Ramon Sessions', 'Sebastian Telfair', 'Ricky Rubio', 'Kevin Love', 'Ryan Hollins', 'Ryan Gomes', 'Wayne Ellington']",True
Etan Thomas,Kevin Durant,"['James Harden', 'Jeff Green', 'Kevin Durant']",False,"['Russell Westbrook', 'Nick Collison', 'James Harden', 'Jeff Green', 'Kevin Durant']",False,"['Eric Maynor', 'Etan Thomas', 'Russell Westbrook', 'Nick Collison', 'James Harden', 'Jeff Green', 'Kevin Durant']",True,"['Jeremy Lamb', 'Kendrick Perkins', 'Nenad Krstic', 'Eric Maynor', 'Etan Thomas', 'Russell Westbrook', 'Nick Collison', 'James Harden', 'Jeff Green', 'Kevin Durant']",True
John Salmons,John Salmons,"['Kurt Thomas', 'Ersan Ilyasova', 'John Salmons']",True,"['Charlie Bell', 'Luc Mbah a Moute', 'Kurt Thomas', 'Ersan Ilyasova', 'John Salmons']",True,"['Luke Ridnour', 'Michael Redd', 'Charlie Bell', 'Luc Mbah a Moute', 'Kurt Thomas', 'Ersan Ilyasova', 'John Salmons']",True,"['Joe Johnson', 'Mo Williams', 'Hakim Warrick', 'Luke Ridnour', 'Michael Redd', 'Charlie Bell', 'Luc Mbah a Moute', 'Kurt Thomas', 'Ersan Ilyasova', 'John Salmons']",True
Martell Webster,Steve Blake,"['Wesley Matthews', 'Rudy Fernandez', 'Steve Blake']",False,"['Travis Outlaw', 'Nicolas Batum', 'Wesley Matthews', 'Rudy Fernandez', 'Steve Blake']",False,"['Martell Webster', 'LaMarcus Aldridge', 'Travis Outlaw', 'Nicolas Batum', 'Wesley Matthews', 'Rudy Fernandez', 'Steve Blake']",True,"['Juwan Howard', 'Zach Randolph', 'Brandon Roy', 'Martell Webster', 'LaMarcus Aldridge', 'Travis Outlaw', 'Nicolas Batum', 'Wesley Matthews', 'Rudy Fernandez', 'Steve Blake']",True
Jameer Nelson,J.J. Redick,"['Jameer Nelson', 'Dwight Howard', 'J.J. Redick']",True,"['Jason Williams', 'Hedo Turkoglu', 'Jameer Nelson', 'Dwight Howard', 'J.J. Redick']",True,"['Marcin Gortat', 'Mickael Pietrus', 'Jason Williams', 'Hedo Turkoglu', 'Jameer Nelson', 'Dwight Howard', 'J.J. Redick']",True,"['Vince Carter', 'Ryan Anderson', 'Matt Barnes', 'Marcin Gortat', 'Mickael Pietrus', 'Jason Williams', 'Hedo Turkoglu', 'Jameer Nelson', 'Dwight Howard', 'J.J. Redick']",True
Derrick Rose,Derrick Rose,"['Kirk Hinrich', 'Joakim Noah', 'Derrick Rose']",True,"['Luol Deng', 'Jimmy Butler', 'Kirk Hinrich', 'Joakim Noah', 'Derrick Rose']",True,"['John Salmons', 'Hakim Warrick', 'Luol Deng', 'Jimmy Butler', 'Kirk Hinrich', 'Joakim Noah', 'Derrick Rose']",True,"['Jannero Pargo', 'Ben Gordon', 'Ben Wallace', 'John Salmons', 'Hakim Warrick', 'Luol Deng', 'Jimmy Butler', 'Kirk Hinrich', 'Joakim Noah', 'Derrick Rose']",True
Jannero Pargo,Joakim Noah,"['John Salmons', 'Kirk Hinrich', 'Joakim Noah']",False,"['Luol Deng', 'Derrick Rose', 'John Salmons', 'Kirk Hinrich', 'Joakim Noah']",False,"['Chris Duhon', 'Ben Wallace', 'Luol Deng', 'Derrick Rose', 'John Salmons', 'Kirk Hinrich', 'Joakim Noah']",False,"['Brad Miller', 'Mike Dunleavy', 'Jannero Pargo', 'Chris Duhon', 'Ben Wallace', 'Luol Deng', 'Derrick Rose', 'John Salmons', 'Kirk Hinrich', 'Joakim Noah']",True
Andre Iguodala,Andre Iguodala,"['Elton Brand', 'Allen Iverson', 'Andre Iguodala']",True,"['Jason Kapono', 'Evan Turner', 'Elton Brand', 'Allen Iverson', 'Andre Iguodala']",True,"['Jrue Holiday', 'Thaddeus Young', 'Jason Kapono', 'Evan Turner', 'Elton Brand', 'Allen Iverson', 'Andre Iguodala']",True,"['Dorell Wright', 'Lou Williams', 'Andre Miller', 'Jrue Holiday', 'Thaddeus Young', 'Jason Kapono', 'Evan Turner', 'Elton Brand', 'Allen Iverson', 'Andre Iguodala']",True
Caron Butler,Caron Butler,"['John Wall', 'DeShawn Stevenson', 'Caron Butler']",True,"['Brendan Haywood', 'Antawn Jamison', 'John Wall', 'DeShawn Stevenson', 'Caron Butler']",True,"['Andray Blatche', 'Nick Young', 'Brendan Haywood', 'Antawn Jamison', 'John Wall', 'DeShawn Stevenson', 'Caron Butler']",True,"['Kevin Seraphin', 'Gilbert Arenas', 'JaVale McGee', 'Andray Blatche', 'Nick Young', 'Brendan Haywood', 'Antawn Jamison', 'John Wall', 'DeShawn Stevenson', 'Caron Butler']",True
Omri Casspi,Jason Thompson,"['Omri Casspi', 'Francisco Garcia', 'Jason Thompson']",True,"['DeMarcus Cousins', 'Kevin Martin', 'Omri Casspi', 'Francisco Garcia', 'Jason Thompson']",True,"['Donte Greene', 'John Salmons', 'DeMarcus Cousins', 'Kevin Martin', 'Omri Casspi', 'Francisco Garcia', 'Jason Thompson']",True,"['Beno Udrih', 'Tyreke Evans', 'Isaiah Thomas', 'Donte Greene', 'John Salmons', 'DeMarcus Cousins', 'Kevin Martin', 'Omri Casspi', 'Francisco Garcia', 'Jason Thompson']",True
Ronny Turiaf,Monta Ellis,"['Ronny Turiaf', 'Stephen Curry', 'Monta Ellis']",True,"['Klay Thompson', 'Reggie Williams', 'Ronny Turiaf', 'Stephen Curry', 'Monta Ellis']",True,"['Anthony Morrow', 'Corey Maggette', 'Klay Thompson', 'Reggie Williams', 'Ronny Turiaf', 'Stephen Curry', 'Monta Ellis']",True,"['C.J. Watson', 'David Lee', 'Andris Biedrins', 'Anthony Morrow', 'Corey Maggette', 'Klay Thompson', 'Reggie Williams', 'Ronny Turiaf', 'Stephen Curry', 'Monta Ellis']",True
Amir Johnson,Amir Johnson,"['DeMar DeRozan', 'Andrea Bargnani', 'Amir Johnson']",True,"['Chris Bosh', 'Anthony Parker', 'DeMar DeRozan', 'Andrea Bargnani', 'Amir Johnson']",True,"['Antoine Wright', 'Alan Anderson', 'Chris Bosh', 'Anthony Parker', 'DeMar DeRozan', 'Andrea Bargnani', 'Amir Johnson']",True,"['Greivis Vasquez', 'Jose Calderon', 'Marco Belinelli', 'Antoine Wright', 'Alan Anderson', 'Chris Bosh', 'Anthony Parker', 'DeMar DeRozan', 'Andrea Bargnani', 'Amir Johnson']",True
Antoine Wright,DeMar DeRozan,"['Hedo Turkoglu', 'Chris Bosh', 'DeMar DeRozan']",False,"['Jarrett Jack', 'Jose Calderon', 'Hedo Turkoglu', 'Chris Bosh', 'DeMar DeRozan']",False,"['Antoine Wright', 'Andrea Bargnani', 'Jarrett Jack', 'Jose Calderon', 'Hedo Turkoglu', 'Chris Bosh', 'DeMar DeRozan']",True,"['Kyle Lowry', 'Amir Johnson', 'Ed Davis', 'Antoine Wright', 'Andrea Bargnani', 'Jarrett Jack', 'Jose Calderon', 'Hedo Turkoglu', 'Chris Bosh', 'DeMar DeRozan']",True
Martell Webster,Martell Webster,"['Nicolas Batum', 'LaMarcus Aldridge', 'Martell Webster']",True,"['Marcus Camby', 'Rudy Fernandez', 'Nicolas Batum', 'LaMarcus Aldridge', 'Martell Webster']",True,"['Juwan Howard', 'Brandon Roy', 'Marcus Camby', 'Rudy Fernandez', 'Nicolas Batum', 'LaMarcus Aldridge', 'Martell Webster']",True,"['Steve Blake', 'Andre Miller', 'Joel Przybilla', 'Juwan Howard', 'Brandon Roy', 'Marcus Camby', 'Rudy Fernandez', 'Nicolas Batum', 'LaMarcus Aldridge', 'Martell Webster']",True
Andrew Bogut,Andrew Bogut,"['Charlie Bell', 'Brandon Jennings', 'Andrew Bogut']",True,"['Brandon Knight', 'Carlos Delfino', 'Charlie Bell', 'Brandon Jennings', 'Andrew Bogut']",True,"['Al Horford', 'Ersan Ilyasova', 'Brandon Knight', 'Carlos Delfino', 'Charlie Bell', 'Brandon Jennings', 'Andrew Bogut']",True,"['Brian Skinner', 'Joe Johnson', 'Beno Udrih', 'Al Horford', 'Ersan Ilyasova', 'Brandon Knight', 'Carlos Delfino', 'Charlie Bell', 'Brandon Jennings', 'Andrew Bogut']",True
Jason Richardson,Jared Dudley,"['Grant Hill', 'Jason Richardson', 'Jared Dudley']",True,"['Goran Dragic', 'Leandro Barbosa', 'Grant Hill', 'Jason Richardson', 'Jared Dudley']",True,"['Raja Bell', ""Amar'e Stoudemire"", 'Goran Dragic', 'Leandro Barbosa', 'Grant Hill', 'Jason Richardson', 'Jared Dudley']",True,"['Markieff Morris', 'Steve Nash', 'Channing Frye', 'Raja Bell', ""Amar'e Stoudemire"", 'Goran Dragic', 'Leandro Barbosa', 'Grant Hill', 'Jason Richardson', 'Jared Dudley']",True
J.R. Smith,J.R. Smith,"['Chris Andersen', 'Chauncey Billups', 'J.R. Smith']",True,"['Kenyon Martin', 'Carmelo Anthony', 'Chris Andersen', 'Chauncey Billups', 'J.R. Smith']",True,"['Ty Lawson', 'Nene Hilario', 'Kenyon Martin', 'Carmelo Anthony', 'Chris Andersen', 'Chauncey Billups', 'J.R. Smith']",True,"['Eduardo Najera', 'Kenneth Faried', 'Arron Afflalo', 'Ty Lawson', 'Nene Hilario', 'Kenyon Martin', 'Carmelo Anthony', 'Chris Andersen', 'Chauncey Billups', 'J.R. Smith']",True
Nate Robinson,Paul Pierce,"['Rasheed Wallace', 'Rajon Rondo', 'Paul Pierce']",False,"['Ray Allen', 'Kevin Garnett', 'Rasheed Wallace', 'Rajon Rondo', 'Paul Pierce']",False,"['Kelly Olynyk', 'Marquis Daniels', 'Ray Allen', 'Kevin Garnett', 'Rasheed Wallace', 'Rajon Rondo', 'Paul Pierce']",False,"['Nate Robinson', 'Kendrick Perkins', 'Jeff Green', 'Kelly Olynyk', 'Marquis Daniels', 'Ray Allen', 'Kevin Garnett', 'Rasheed Wallace', 'Rajon Rondo', 'Paul Pierce']",True
Nene Hilario,Nene Hilario,"['Wilson Chandler', 'Ty Lawson', 'Nene Hilario']",True,"['J.R. Smith', 'Kenyon Martin', 'Wilson Chandler', 'Ty Lawson', 'Nene Hilario']",True,"['Chris Andersen', 'Carmelo Anthony', 'J.R. Smith', 'Kenyon Martin', 'Wilson Chandler', 'Ty Lawson', 'Nene Hilario']",True,"['Marcus Camby', 'Arron Afflalo', 'Chauncey Billups', 'Chris Andersen', 'Carmelo Anthony', 'J.R. Smith', 'Kenyon Martin', 'Wilson Chandler', 'Ty Lawson', 'Nene Hilario']",True
Ersan Ilyasova,Ersan Ilyasova,"['Charlie Bell', 'Carlos Delfino', 'Ersan Ilyasova']",True,"['Luc Mbah a Moute', 'Khris Middleton', 'Charlie Bell', 'Carlos Delfino', 'Ersan Ilyasova']",True,"['Michael Redd', 'Mo Williams', 'Luc Mbah a Moute', 'Khris Middleton', 'Charlie Bell', 'Carlos Delfino', 'Ersan Ilyasova']",True,"['John Salmons', 'Andrew Bogut', 'Brandon Jennings', 'Michael Redd', 'Mo Williams', 'Luc Mbah a Moute', 'Khris Middleton', 'Charlie Bell', 'Carlos Delfino', 'Ersan Ilyasova']",True
Al Horford,Al Horford,"['Joe Johnson', 'Andre Iguodala', 'Al Horford']",True,"['Dwight Howard', 'Al Jefferson', 'Joe Johnson', 'Andre Iguodala', 'Al Horford']",True,"['Al Harrington', ""Amar'e Stoudemire"", 'Dwight Howard', 'Al Jefferson', 'Joe Johnson', 'Andre Iguodala', 'Al Horford']",True,"['Josh Smith', 'Andrew Bogut', 'Carmelo Anthony', 'Al Harrington', ""Amar'e Stoudemire"", 'Dwight Howard', 'Al Jefferson', 'Joe Johnson', 'Andre Iguodala', 'Al Horford']",True
Sergio Rodriguez,Jason Thompson,"['Omri Casspi', 'Spencer Hawes', 'Jason Thompson']",False,"['Kevin Martin', 'John Salmons', 'Omri Casspi', 'Spencer Hawes', 'Jason Thompson']",False,"['Francisco Garcia', 'Marcus Thornton', 'Kevin Martin', 'John Salmons', 'Omri Casspi', 'Spencer Hawes', 'Jason Thompson']",False,"['Beno Udrih', 'DeMarcus Cousins', 'Tyreke Evans', 'Francisco Garcia', 'Marcus Thornton', 'Kevin Martin', 'John Salmons', 'Omri Casspi', 'Spencer Hawes', 'Jason Thompson']",False
J.J. Redick,Dwight Howard,"['J.J. Redick', 'Brandon Bass', 'Dwight Howard']",True,"['Jameer Nelson', 'Carlos Arroyo', 'J.J. Redick', 'Brandon Bass', 'Dwight Howard']",True,"['Rashard Lewis', 'Jason Williams', 'Jameer Nelson', 'Carlos Arroyo', 'J.J. Redick', 'Brandon Bass', 'Dwight Howard']",True,"['Mickael Pietrus', 'Arron Afflalo', 'Marcin Gortat', 'Rashard Lewis', 'Jason Williams', 'Jameer Nelson', 'Carlos Arroyo', 'J.J. Redick', 'Brandon Bass', 'Dwight Howard']",True
Keith Bogans,Keith Bogans,"['Manu Ginobili', 'George Hill', 'Keith Bogans']",True,"['Matt Bonner', 'Tim Duncan', 'Manu Ginobili', 'George Hill', 'Keith Bogans']",True,"['Kawhi Leonard', 'DeJuan Blair', 'Matt Bonner', 'Tim Duncan', 'Manu Ginobili', 'George Hill', 'Keith Bogans']",True,"['Boris Diaw', 'Tony Parker', 'Richard Jefferson', 'Kawhi Leonard', 'DeJuan Blair', 'Matt Bonner', 'Tim Duncan', 'Manu Ginobili', 'George Hill', 'Keith Bogans']",True
Nick Collison,Kevin Durant,"['James Harden', 'Nick Collison', 'Kevin Durant']",True,"['Jeff Green', 'Russell Westbrook', 'James Harden', 'Nick Collison', 'Kevin Durant']",True,"['Kendrick Perkins', 'Thabo Sefolosha', 'Jeff Green', 'Russell Westbrook', 'James Harden', 'Nick Collison', 'Kevin Durant']",True,"['Serge Ibaka', 'Eric Maynor', 'Nenad Krstic', 'Kendrick Perkins', 'Thabo Sefolosha', 'Jeff Green', 'Russell Westbrook', 'James Harden', 'Nick Collison', 'Kevin Durant']",True
Chris Andersen,Carmelo Anthony,"['Chris Andersen', 'Chauncey Billups', 'Carmelo Anthony']",True,"['Arron Afflalo', 'J.R. Smith', 'Chris Andersen', 'Chauncey Billups', 'Carmelo Anthony']",True,"['Ty Lawson', 'Nene Hilario', 'Arron Afflalo', 'J.R. Smith', 'Chris Andersen', 'Chauncey Billups', 'Carmelo Anthony']",True,"['Danilo Gallinari', 'Andre Miller', 'Kenyon Martin', 'Ty Lawson', 'Nene Hilario', 'Arron Afflalo', 'J.R. Smith', 'Chris Andersen', 'Chauncey Billups', 'Carmelo Anthony']",True
J.J. Hickson,Daniel Gibson,"['Anthony Parker', 'J.J. Hickson', 'Daniel Gibson']",True,"['Kyrie Irving', 'Anderson Varejao', 'Anthony Parker', 'J.J. Hickson', 'Daniel Gibson']",True,"['Delonte West', 'LeBron James', 'Kyrie Irving', 'Anderson Varejao', 'Anthony Parker', 'J.J. Hickson', 'Daniel Gibson']",True,"['Jamario Moon', 'Mo Williams', 'Antawn Jamison', 'Delonte West', 'LeBron James', 'Kyrie Irving', 'Anderson Varejao', 'Anthony Parker', 'J.J. Hickson', 'Daniel Gibson']",True
Josh McRoberts,Earl Watson,"['Josh McRoberts', 'Danny Granger', 'Earl Watson']",True,"['Roy Hibbert', 'Jeff Foster', 'Josh McRoberts', 'Danny Granger', 'Earl Watson']",True,"['Troy Murphy', 'Mike Dunleavy', 'Roy Hibbert', 'Jeff Foster', 'Josh McRoberts', 'Danny Granger', 'Earl Watson']",True,"['Paul George', 'Dahntay Jones', 'Marquis Daniels', 'Troy Murphy', 'Mike Dunleavy', 'Roy Hibbert', 'Jeff Foster', 'Josh McRoberts', 'Danny Granger', 'Earl Watson']",True
Oleksiy Pecherov,Ramon Sessions,"['Damien Wilkins', 'Kevin Love', 'Ramon Sessions']",False,"['Al Jefferson', 'Corey Brewer', 'Damien Wilkins', 'Kevin Love', 'Ramon Sessions']",False,"['Randy Foye', 'Jonny Flynn', 'Al Jefferson', 'Corey Brewer', 'Damien Wilkins', 'Kevin Love', 'Ramon Sessions']",False,"['Josh Smith', 'Luke Ridnour', 'Joe Johnson', 'Randy Foye', 'Jonny Flynn', 'Al Jefferson', 'Corey Brewer', 'Damien Wilkins', 'Kevin Love', 'Ramon Sessions']",False
Roger Mason,Richard Jefferson,"['Michael Finley', 'Manu Ginobili', 'Richard Jefferson']",False,"['Matt Bonner', 'George Hill', 'Michael Finley', 'Manu Ginobili', 'Richard Jefferson']",False,"['Keith Bogans', 'Roger Mason', 'Matt Bonner', 'George Hill', 'Michael Finley', 'Manu Ginobili', 'Richard Jefferson']",True,"['Kawhi Leonard', 'Tony Parker', 'Tim Duncan', 'Keith Bogans', 'Roger Mason', 'Matt Bonner', 'George Hill', 'Michael Finley', 'Manu Ginobili', 'Richard Jefferson']",True
Nene Hilario,Ty Lawson,"['Carmelo Anthony', 'Nene Hilario', 'Ty Lawson']",True,"['Kenyon Martin', 'J.R. Smith', 'Carmelo Anthony', 'Nene Hilario', 'Ty Lawson']",True,"['Chauncey Billups', 'Wilson Chandler', 'Kenyon Martin', 'J.R. Smith', 'Carmelo Anthony', 'Nene Hilario', 'Ty Lawson']",True,"['Linas Kleiza', 'Yakhouba Diawara', 'Marcus Camby', 'Chauncey Billups', 'Wilson Chandler', 'Kenyon Martin', 'J.R. Smith', 'Carmelo Anthony', 'Nene Hilario', 'Ty Lawson']",True
Shannon Brown,Shannon Brown,"['Metta World Peace', 'Pau Gasol', 'Shannon Brown']",True,"['Kobe Bryant', 'Wesley Johnson', 'Metta World Peace', 'Pau Gasol', 'Shannon Brown']",True,"['Steve Blake', 'Sasha Vujacic', 'Kobe Bryant', 'Wesley Johnson', 'Metta World Peace', 'Pau Gasol', 'Shannon Brown']",True,"['Steve Nash', 'Ramon Sessions', 'Lamar Odom', 'Steve Blake', 'Sasha Vujacic', 'Kobe Bryant', 'Wesley Johnson', 'Metta World Peace', 'Pau Gasol', 'Shannon Brown']",True
Wilson Chandler,Wilson Chandler,"['Toney Douglas', 'Tyson Chandler', 'Wilson Chandler']",True,"['David Lee', 'Tim Hardaway', 'Toney Douglas', 'Tyson Chandler', 'Wilson Chandler']",True,"['Jared Jeffries', 'Steve Novak', 'David Lee', 'Tim Hardaway', 'Toney Douglas', 'Tyson Chandler', 'Wilson Chandler']",True,"['Danilo Gallinari', 'Raymond Felton', 'Stephon Marbury', 'Jared Jeffries', 'Steve Novak', 'David Lee', 'Tim Hardaway', 'Toney Douglas', 'Tyson Chandler', 'Wilson Chandler']",True
Hamed Haddadi,Marc Gasol,"['Hasheem Thabeet', 'Mike Conley', 'Marc Gasol']",False,"['Marcus Williams', 'O.J. Mayo', 'Hasheem Thabeet', 'Mike Conley', 'Marc Gasol']",False,"['Sam Young', 'Rudy Gay', 'Marcus Williams', 'O.J. Mayo', 'Hasheem Thabeet', 'Mike Conley', 'Marc Gasol']",False,"['Hamed Haddadi', 'Zach Randolph', 'Hakim Warrick', 'Sam Young', 'Rudy Gay', 'Marcus Williams', 'O.J. Mayo', 'Hasheem Thabeet', 'Mike Conley', 'Marc Gasol']",True
C.J. Miles,Andrei Kirilenko,"['Carlos Boozer', 'C.J. Miles', 'Andrei Kirilenko']",True,"['Paul Millsap', 'Deron Williams', 'Carlos Boozer', 'C.J. Miles', 'Andrei Kirilenko']",True,"['Mehmet Okur', 'Al Jefferson', 'Paul Millsap', 'Deron Williams', 'Carlos Boozer', 'C.J. Miles', 'Andrei Kirilenko']",True,"['Derrick Favors', 'Ronnie Brewer', 'Kyle Korver', 'Mehmet Okur', 'Al Jefferson', 'Paul Millsap', 'Deron Williams', 'Carlos Boozer', 'C.J. Miles', 'Andrei Kirilenko']",True
Ryan Anderson,Vince Carter,"['Rashard Lewis', 'Ryan Anderson', 'Vince Carter']",True,"['Mickael Pietrus', 'Trevor Ariza', 'Rashard Lewis', 'Ryan Anderson', 'Vince Carter']",True,"['Marcin Gortat', 'J.J. Redick', 'Mickael Pietrus', 'Trevor Ariza', 'Rashard Lewis', 'Ryan Anderson', 'Vince Carter']",True,"['Dwight Howard', 'Jameer Nelson', 'Matt Barnes', 'Marcin Gortat', 'J.J. Redick', 'Mickael Pietrus', 'Trevor Ariza', 'Rashard Lewis', 'Ryan Anderson', 'Vince Carter']",True
Troy Murphy,Troy Murphy,"['Tyler Hansbrough', 'Roy Hibbert', 'Troy Murphy']",True,"['Mike Dunleavy', 'T.J. Ford', 'Tyler Hansbrough', 'Roy Hibbert', 'Troy Murphy']",True,"['Danny Granger', 'Paul George', 'Mike Dunleavy', 'T.J. Ford', 'Tyler Hansbrough', 'Roy Hibbert', 'Troy Murphy']",True,"['Solomon Hill', 'George Hill', 'Josh McRoberts', 'Danny Granger', 'Paul George', 'Mike Dunleavy', 'T.J. Ford', 'Tyler Hansbrough', 'Roy Hibbert', 'Troy Murphy']",True
Goran Dragic,Grant Hill,"['Jared Dudley', 'Goran Dragic', 'Grant Hill']",True,"['Leandro Barbosa', 'Channing Frye', 'Jared Dudley', 'Goran Dragic', 'Grant Hill']",True,"['Jason Richardson', 'Boris Diaw', 'Leandro Barbosa', 'Channing Frye', 'Jared Dudley', 'Goran Dragic', 'Grant Hill']",True,"['Markieff Morris', 'Eric Bledsoe', ""Amar'e Stoudemire"", 'Jason Richardson', 'Boris Diaw', 'Leandro Barbosa', 'Channing Frye', 'Jared Dudley', 'Goran Dragic', 'Grant Hill']",True
Kobe Bryant,Kobe Bryant,"['Pau Gasol', 'Derek Fisher', 'Kobe Bryant']",True,"['Jordan Farmar', 'Lamar Odom', 'Pau Gasol', 'Derek Fisher', 'Kobe Bryant']",True,"['Josh Powell', 'Metta World Peace', 'Jordan Farmar', 'Lamar Odom', 'Pau Gasol', 'Derek Fisher', 'Kobe Bryant']",True,"['Luke Walton', 'Jordan Hill', 'Andrew Bynum', 'Josh Powell', 'Metta World Peace', 'Jordan Farmar', 'Lamar Odom', 'Pau Gasol', 'Derek Fisher', 'Kobe Bryant']",True
Toney Douglas,Wilson Chandler,"['Toney Douglas', 'Tyson Chandler', 'Wilson Chandler']",True,"['Tim Hardaway', 'Stephon Marbury', 'Toney Douglas', 'Tyson Chandler', 'Wilson Chandler']",True,"['David Lee', 'Zach Randolph', 'Tim Hardaway', 'Stephon Marbury', 'Toney Douglas', 'Tyson Chandler', 'Wilson Chandler']",True,"['Jared Jeffries', 'Renaldo Balkman', 'Nate Robinson', 'David Lee', 'Zach Randolph', 'Tim Hardaway', 'Stephon Marbury', 'Toney Douglas', 'Tyson Chandler', 'Wilson Chandler']",True
Eddie House,Eddie House,"['Kendrick Perkins', 'Glen Davis', 'Eddie House']",True,"['Avery Bradley', 'Kevin Garnett', 'Kendrick Perkins', 'Glen Davis', 'Eddie House']",True,"['Rasheed Wallace', 'Brandon Bass', 'Avery Bradley', 'Kevin Garnett', 'Kendrick Perkins', 'Glen Davis', 'Eddie House']",True,"['Brian Scalabrine', 'Rajon Rondo', 'Paul Pierce', 'Rasheed Wallace', 'Brandon Bass', 'Avery Bradley', 'Kevin Garnett', 'Kendrick Perkins', 'Glen Davis', 'Eddie House']",True
James Harden,Kevin Durant,"['Jeff Green', 'James Harden', 'Kevin Durant']",True,"['Nick Collison', 'Eric Maynor', 'Jeff Green', 'James Harden', 'Kevin Durant']",True,"['Nenad Krstic', 'Russell Westbrook', 'Nick Collison', 'Eric Maynor', 'Jeff Green', 'James Harden', 'Kevin Durant']",True,"['Thabo Sefolosha', 'Serge Ibaka', 'Kendrick Perkins', 'Nenad Krstic', 'Russell Westbrook', 'Nick Collison', 'Eric Maynor', 'Jeff Green', 'James Harden', 'Kevin Durant']",True
Chris Duhon,Dwight Howard,"['Anthony Johnson', 'Brandon Bass', 'Dwight Howard']",False,"['Hedo Turkoglu', 'J.J. Redick', 'Anthony Johnson', 'Brandon Bass', 'Dwight Howard']",False,"['Courtney Lee', 'Chris Duhon', 'Hedo Turkoglu', 'J.J. Redick', 'Anthony Johnson', 'Brandon Bass', 'Dwight Howard']",True,"['Carlos Arroyo', 'Arron Afflalo', 'Andrew Nicholson', 'Courtney Lee', 'Chris Duhon', 'Hedo Turkoglu', 'J.J. Redick', 'Anthony Johnson', 'Brandon Bass', 'Dwight Howard']",True
Marcus Camby,LaMarcus Aldridge,"['Marcus Camby', 'Nicolas Batum', 'LaMarcus Aldridge']",True,"['Brandon Roy', 'Rudy Fernandez', 'Marcus Camby', 'Nicolas Batum', 'LaMarcus Aldridge']",True,"['Dante Cunningham', 'Joel Przybilla', 'Brandon Roy', 'Rudy Fernandez', 'Marcus Camby', 'Nicolas Batum', 'LaMarcus Aldridge']",True,"['Martell Webster', 'Damian Lillard', 'Meyers Leonard', 'Dante Cunningham', 'Joel Przybilla', 'Brandon Roy', 'Rudy Fernandez', 'Marcus Camby', 'Nicolas Batum', 'LaMarcus Aldridge']",True
Lazar Hayward,Kevin Love,"['Luke Ridnour', 'Corey Brewer', 'Kevin Love']",False,"['Jonny Flynn', 'Randy Foye', 'Luke Ridnour', 'Corey Brewer', 'Kevin Love']",False,"['Martell Webster', 'Joe Johnson', 'Jonny Flynn', 'Randy Foye', 'Luke Ridnour', 'Corey Brewer', 'Kevin Love']",False,"['Nikola Pekovic', 'Josh Smith', 'Craig Smith', 'Martell Webster', 'Joe Johnson', 'Jonny Flynn', 'Randy Foye', 'Luke Ridnour', 'Corey Brewer', 'Kevin Love']",False
Gilbert Arenas,John Wall,"['JaVale McGee', 'Kirk Hinrich', 'John Wall']",False,"['Caron Butler', 'Gilbert Arenas', 'JaVale McGee', 'Kirk Hinrich', 'John Wall']",True,"['Nick Young', 'Kevin Seraphin', 'Caron Butler', 'Gilbert Arenas', 'JaVale McGee', 'Kirk Hinrich', 'John Wall']",True,"['Antawn Jamison', 'DeShawn Stevenson', 'Andray Blatche', 'Nick Young', 'Kevin Seraphin', 'Caron Butler', 'Gilbert Arenas', 'JaVale McGee', 'Kirk Hinrich', 'John Wall']",True
Corey Brewer,Corey Brewer,"['Al Jefferson', 'Anthony Tolliver', 'Corey Brewer']",True,"['Al Horford', 'Kevin Love', 'Al Jefferson', 'Anthony Tolliver', 'Corey Brewer']",True,"['Andrei Kirilenko', 'Andre Iguodala', 'Al Horford', 'Kevin Love', 'Al Jefferson', 'Anthony Tolliver', 'Corey Brewer']",True,"['Craig Smith', 'Darko Milicic', 'Joe Johnson', 'Andrei Kirilenko', 'Andre Iguodala', 'Al Horford', 'Kevin Love', 'Al Jefferson', 'Anthony Tolliver', 'Corey Brewer']",True
Shaquille O'Neal,Ray Allen,"['Rajon Rondo', ""Shaquille O'Neal"", 'Ray Allen']",True,"['Semih Erden', 'Paul Pierce', 'Rajon Rondo', ""Shaquille O'Neal"", 'Ray Allen']",True,"['Kevin Garnett', 'Von Wafer', 'Semih Erden', 'Paul Pierce', 'Rajon Rondo', ""Shaquille O'Neal"", 'Ray Allen']",True,"['Glen Davis', 'Ryan Gomes', 'Tony Allen', 'Kevin Garnett', 'Von Wafer', 'Semih Erden', 'Paul Pierce', 'Rajon Rondo', ""Shaquille O'Neal"", 'Ray Allen']",True
Paul Pierce,Paul Pierce,"['Kevin Garnett', 'Rajon Rondo', 'Paul Pierce']",True,"['Marquis Daniels', 'Ray Allen', 'Kevin Garnett', 'Rajon Rondo', 'Paul Pierce']",True,"['Nate Robinson', 'Jeff Green', 'Marquis Daniels', 'Ray Allen', 'Kevin Garnett', 'Rajon Rondo', 'Paul Pierce']",True,"['Leon Powe', 'Kendrick Perkins', 'Glen Davis', 'Nate Robinson', 'Jeff Green', 'Marquis Daniels', 'Ray Allen', 'Kevin Garnett', 'Rajon Rondo', 'Paul Pierce']",True
John Wall,John Wall,"['JaVale McGee', 'Andray Blatche', 'John Wall']",True,"['Caron Butler', 'Antawn Jamison', 'JaVale McGee', 'Andray Blatche', 'John Wall']",True,"['Kevin Seraphin', 'Nick Young', 'Caron Butler', 'Antawn Jamison', 'JaVale McGee', 'Andray Blatche', 'John Wall']",True,"['Jordan Crawford', 'Cartier Martin', 'Gilbert Arenas', 'Kevin Seraphin', 'Nick Young', 'Caron Butler', 'Antawn Jamison', 'JaVale McGee', 'Andray Blatche', 'John Wall']",True
Chris Andersen,Carmelo Anthony,"['J.R. Smith', 'Chris Andersen', 'Carmelo Anthony']",True,"['Chauncey Billups', 'Arron Afflalo', 'J.R. Smith', 'Chris Andersen', 'Carmelo Anthony']",True,"['Nene Hilario', 'Andre Miller', 'Chauncey Billups', 'Arron Afflalo', 'J.R. Smith', 'Chris Andersen', 'Carmelo Anthony']",True,"['Kenneth Faried', 'Ty Lawson', 'Danilo Gallinari', 'Nene Hilario', 'Andre Miller', 'Chauncey Billups', 'Arron Afflalo', 'J.R. Smith', 'Chris Andersen', 'Carmelo Anthony']",True
Chris Andersen,J.R. Smith,"['Nene Hilario', 'Chauncey Billups', 'J.R. Smith']",False,"['Ty Lawson', 'Chris Andersen', 'Nene Hilario', 'Chauncey Billups', 'J.R. Smith']",True,"['Arron Afflalo', 'Carmelo Anthony', 'Ty Lawson', 'Chris Andersen', 'Nene Hilario', 'Chauncey Billups', 'J.R. Smith']",True,"['Linas Kleiza', 'Kenyon Martin', 'Kenneth Faried', 'Arron Afflalo', 'Carmelo Anthony', 'Ty Lawson', 'Chris Andersen', 'Nene Hilario', 'Chauncey Billups', 'J.R. Smith']",True
Danny Granger,Danny Granger,"['James Posey', 'Darren Collison', 'Danny Granger']",True,"['Jeff Foster', 'Brandon Rush', 'James Posey', 'Darren Collison', 'Danny Granger']",True,"['Dahntay Jones', 'Mike Dunleavy', 'Jeff Foster', 'Brandon Rush', 'James Posey', 'Darren Collison', 'Danny Granger']",True,"['George Hill', 'David West', 'Roy Hibbert', 'Dahntay Jones', 'Mike Dunleavy', 'Jeff Foster', 'Brandon Rush', 'James Posey', 'Darren Collison', 'Danny Granger']",True
Tim Duncan,Tim Duncan,"['Richard Jefferson', 'Manu Ginobili', 'Tim Duncan']",True,"['Matt Bonner', 'Tiago Splitter', 'Richard Jefferson', 'Manu Ginobili', 'Tim Duncan']",True,"['DeJuan Blair', 'Tony Parker', 'Matt Bonner', 'Tiago Splitter', 'Richard Jefferson', 'Manu Ginobili', 'Tim Duncan']",True,"['Patty Mills', 'Michael Finley', 'George Hill', 'DeJuan Blair', 'Tony Parker', 'Matt Bonner', 'Tiago Splitter', 'Richard Jefferson', 'Manu Ginobili', 'Tim Duncan']",True
Shawne Williams,Raymond Felton,"['Nate Robinson', 'Toney Douglas', 'Raymond Felton']",False,"['Jamal Crawford', 'Landry Fields', 'Nate Robinson', 'Toney Douglas', 'Raymond Felton']",False,"['David Lee', 'Jared Jeffries', 'Jamal Crawford', 'Landry Fields', 'Nate Robinson', 'Toney Douglas', 'Raymond Felton']",False,"['J.R. Smith', 'Carmelo Anthony', 'Danilo Gallinari', 'David Lee', 'Jared Jeffries', 'Jamal Crawford', 'Landry Fields', 'Nate Robinson', 'Toney Douglas', 'Raymond Felton']",False
DeShawn Stevenson,Brendan Haywood,"['Caron Butler', 'Dirk Nowitzki', 'Brendan Haywood']",False,"['Brandon Bass', 'Devin Harris', 'Caron Butler', 'Dirk Nowitzki', 'Brendan Haywood']",False,"['J.J. Barea', 'Jason Terry', 'Brandon Bass', 'Devin Harris', 'Caron Butler', 'Dirk Nowitzki', 'Brendan Haywood']",False,"['DeSagana Diop', 'Brian Cardinal', 'DeShawn Stevenson', 'J.J. Barea', 'Jason Terry', 'Brandon Bass', 'Devin Harris', 'Caron Butler', 'Dirk Nowitzki', 'Brendan Haywood']",True
Mike Bibby,LeBron James,"['Joel Anthony', 'Mario Chalmers', 'LeBron James']",False,"['Chris Bosh', 'Dwyane Wade', 'Joel Anthony', 'Mario Chalmers', 'LeBron James']",False,"['Eddie House', 'James Jones', 'Chris Bosh', 'Dwyane Wade', 'Joel Anthony', 'Mario Chalmers', 'LeBron James']",False,"['Mike Bibby', 'Mike Miller', 'Norris Cole', 'Eddie House', 'James Jones', 'Chris Bosh', 'Dwyane Wade', 'Joel Anthony', 'Mario Chalmers', 'LeBron James']",True
Serge Ibaka,Thabo Sefolosha,"['Russell Westbrook', 'Serge Ibaka', 'Thabo Sefolosha']",True,"['Kevin Durant', 'Nick Collison', 'Russell Westbrook', 'Serge Ibaka', 'Thabo Sefolosha']",True,"['Steven Adams', 'James Harden', 'Kevin Durant', 'Nick Collison', 'Russell Westbrook', 'Serge Ibaka', 'Thabo Sefolosha']",True,"['Reggie Jackson', 'Jeff Green', 'Nenad Krstic', 'Steven Adams', 'James Harden', 'Kevin Durant', 'Nick Collison', 'Russell Westbrook', 'Serge Ibaka', 'Thabo Sefolosha']",True
DeMar DeRozan,DeMar DeRozan,"['Ed Davis', 'Jose Calderon', 'DeMar DeRozan']",True,"['Amir Johnson', 'Andrea Bargnani', 'Ed Davis', 'Jose Calderon', 'DeMar DeRozan']",True,"['Jerryd Bayless', 'Leandro Barbosa', 'Amir Johnson', 'Andrea Bargnani', 'Ed Davis', 'Jose Calderon', 'DeMar DeRozan']",True,"['Kyle Lowry', 'Chris Bosh', 'James Johnson', 'Jerryd Bayless', 'Leandro Barbosa', 'Amir Johnson', 'Andrea Bargnani', 'Ed Davis', 'Jose Calderon', 'DeMar DeRozan']",True
Andres Nocioni,Andre Iguodala,"['Evan Turner', 'Elton Brand', 'Andre Iguodala']",False,"['Andres Nocioni', 'Lou Williams', 'Evan Turner', 'Elton Brand', 'Andre Iguodala']",True,"['Jrue Holiday', 'Thaddeus Young', 'Andres Nocioni', 'Lou Williams', 'Evan Turner', 'Elton Brand', 'Andre Iguodala']",True,"['Dorell Wright', 'Allen Iverson', 'Andre Miller', 'Jrue Holiday', 'Thaddeus Young', 'Andres Nocioni', 'Lou Williams', 'Evan Turner', 'Elton Brand', 'Andre Iguodala']",True
Danilo Gallinari,Danilo Gallinari,"['Eddy Curry', 'Carmelo Anthony', 'Danilo Gallinari']",True,"['Raymond Felton', 'Jamal Crawford', 'Eddy Curry', 'Carmelo Anthony', 'Danilo Gallinari']",True,"['Landry Fields', 'David Lee', 'Raymond Felton', 'Jamal Crawford', 'Eddy Curry', 'Carmelo Anthony', 'Danilo Gallinari']",True,"['Jared Jeffries', ""Amar'e Stoudemire"", 'J.R. Smith', 'Landry Fields', 'David Lee', 'Raymond Felton', 'Jamal Crawford', 'Eddy Curry', 'Carmelo Anthony', 'Danilo Gallinari']",True
Toney Douglas,Raymond Felton,"['Landry Fields', 'Toney Douglas', 'Raymond Felton']",True,"['Carmelo Anthony', 'David Lee', 'Landry Fields', 'Toney Douglas', 'Raymond Felton']",True,"['Jared Jeffries', 'J.R. Smith', 'Carmelo Anthony', 'David Lee', 'Landry Fields', 'Toney Douglas', 'Raymond Felton']",True,"['Jamal Crawford', 'Danilo Gallinari', 'Nate Robinson', 'Jared Jeffries', 'J.R. Smith', 'Carmelo Anthony', 'David Lee', 'Landry Fields', 'Toney Douglas', 'Raymond Felton']",True
Rashard Lewis,J.J. Redick,"['Dwight Howard', 'Jameer Nelson', 'J.J. Redick']",False,"['Jason Richardson', 'Hedo Turkoglu', 'Dwight Howard', 'Jameer Nelson', 'J.J. Redick']",False,"['Keyon Dooling', 'Rashard Lewis', 'Jason Richardson', 'Hedo Turkoglu', 'Dwight Howard', 'Jameer Nelson', 'J.J. Redick']",True,"['Mickael Pietrus', 'Marcin Gortat', 'Quentin Richardson', 'Keyon Dooling', 'Rashard Lewis', 'Jason Richardson', 'Hedo Turkoglu', 'Dwight Howard', 'Jameer Nelson', 'J.J. Redick']",True
Kurt Thomas,Luol Deng,"['Joakim Noah', 'Kurt Thomas', 'Luol Deng']",True,"['Ronnie Brewer', 'Kirk Hinrich', 'Joakim Noah', 'Kurt Thomas', 'Luol Deng']",True,"['Carlos Boozer', 'Kyle Korver', 'Ronnie Brewer', 'Kirk Hinrich', 'Joakim Noah', 'Kurt Thomas', 'Luol Deng']",True,"['Omer Asik', 'Taj Gibson', 'Derrick Rose', 'Carlos Boozer', 'Kyle Korver', 'Ronnie Brewer', 'Kirk Hinrich', 'Joakim Noah', 'Kurt Thomas', 'Luol Deng']",True
Serge Ibaka,Thabo Sefolosha,"['Nick Collison', 'Serge Ibaka', 'Thabo Sefolosha']",True,"['Kevin Durant', 'Russell Westbrook', 'Nick Collison', 'Serge Ibaka', 'Thabo Sefolosha']",True,"['Eric Maynor', 'James Harden', 'Kevin Durant', 'Russell Westbrook', 'Nick Collison', 'Serge Ibaka', 'Thabo Sefolosha']",True,"['Steven Adams', 'Jeff Green', 'Nenad Krstic', 'Eric Maynor', 'James Harden', 'Kevin Durant', 'Russell Westbrook', 'Nick Collison', 'Serge Ibaka', 'Thabo Sefolosha']",True
Earl Watson,Paul Millsap,"['Gordon Hayward', 'Deron Williams', 'Paul Millsap']",False,"['Mehmet Okur', 'Earl Watson', 'Gordon Hayward', 'Deron Williams', 'Paul Millsap']",True,"['C.J. Miles', 'Andrei Kirilenko', 'Mehmet Okur', 'Earl Watson', 'Gordon Hayward', 'Deron Williams', 'Paul Millsap']",True,"['Al Jefferson', 'Raja Bell', 'Kyrylo Fesenko', 'C.J. Miles', 'Andrei Kirilenko', 'Mehmet Okur', 'Earl Watson', 'Gordon Hayward', 'Deron Williams', 'Paul Millsap']",True
Brandon Jennings,Andrew Bogut,"['Carlos Delfino', 'Brandon Jennings', 'Andrew Bogut']",True,"['Ersan Ilyasova', 'Charlie Bell', 'Carlos Delfino', 'Brandon Jennings', 'Andrew Bogut']",True,"['Al Horford', 'Brandon Knight', 'Ersan Ilyasova', 'Charlie Bell', 'Carlos Delfino', 'Brandon Jennings', 'Andrew Bogut']",True,"['Beno Udrih', 'John Salmons', 'Corey Maggette', 'Al Horford', 'Brandon Knight', 'Ersan Ilyasova', 'Charlie Bell', 'Carlos Delfino', 'Brandon Jennings', 'Andrew Bogut']",True
Jerryd Bayless,Jose Calderon,"['Jerryd Bayless', 'Leandro Barbosa', 'Jose Calderon']",True,"['DeMar DeRozan', 'James Johnson', 'Jerryd Bayless', 'Leandro Barbosa', 'Jose Calderon']",True,"['Sonny Weems', 'Linas Kleiza', 'DeMar DeRozan', 'James Johnson', 'Jerryd Bayless', 'Leandro Barbosa', 'Jose Calderon']",True,"['Ed Davis', 'Reggie Evans', 'Kyle Lowry', 'Sonny Weems', 'Linas Kleiza', 'DeMar DeRozan', 'James Johnson', 'Jerryd Bayless', 'Leandro Barbosa', 'Jose Calderon']",True
Earl Clark,Dwight Howard,"['Jameer Nelson', 'Hedo Turkoglu', 'Dwight Howard']",False,"['Brandon Bass', 'J.J. Redick', 'Jameer Nelson', 'Hedo Turkoglu', 'Dwight Howard']",False,"['Earl Clark', 'Chris Duhon', 'Brandon Bass', 'J.J. Redick', 'Jameer Nelson', 'Hedo Turkoglu', 'Dwight Howard']",True,"['Grant Hill', 'Rashard Lewis', 'Jason Richardson', 'Earl Clark', 'Chris Duhon', 'Brandon Bass', 'J.J. Redick', 'Jameer Nelson', 'Hedo Turkoglu', 'Dwight Howard']",True
Dorell Wright,Andris Biedrins,"['Monta Ellis', 'David Lee', 'Andris Biedrins']",False,"['Stephen Curry', 'Anthony Morrow', 'Monta Ellis', 'David Lee', 'Andris Biedrins']",False,"['Al Harrington', 'Acie Law', 'Stephen Curry', 'Anthony Morrow', 'Monta Ellis', 'David Lee', 'Andris Biedrins']",False,"['Brandon Rush', 'Andre Iguodala', 'Dorell Wright', 'Al Harrington', 'Acie Law', 'Stephen Curry', 'Anthony Morrow', 'Monta Ellis', 'David Lee', 'Andris Biedrins']",True
Zach Randolph,Zach Randolph,"['Tony Allen', 'Rudy Gay', 'Zach Randolph']",True,"['Marc Gasol', 'Mike Conley', 'Tony Allen', 'Rudy Gay', 'Zach Randolph']",True,"['O.J. Mayo', 'Sam Young', 'Marc Gasol', 'Mike Conley', 'Tony Allen', 'Rudy Gay', 'Zach Randolph']",True,"['Vince Carter', 'Mike Miller', 'Quincy Pondexter', 'O.J. Mayo', 'Sam Young', 'Marc Gasol', 'Mike Conley', 'Tony Allen', 'Rudy Gay', 'Zach Randolph']",True
Sam Young,Rudy Gay,"['Sam Young', 'O.J. Mayo', 'Rudy Gay']",True,"['Marc Gasol', 'Mike Conley', 'Sam Young', 'O.J. Mayo', 'Rudy Gay']",True,"['Tony Allen', 'Zach Randolph', 'Marc Gasol', 'Mike Conley', 'Sam Young', 'O.J. Mayo', 'Rudy Gay']",True,"['Quincy Pondexter', 'Nick Calathes', 'Mike Miller', 'Tony Allen', 'Zach Randolph', 'Marc Gasol', 'Mike Conley', 'Sam Young', 'O.J. Mayo', 'Rudy Gay']",True
Kobe Bryant,Lamar Odom,"['Pau Gasol', 'Kobe Bryant', 'Lamar Odom']",True,"['Derek Fisher', 'Metta World Peace', 'Pau Gasol', 'Kobe Bryant', 'Lamar Odom']",True,"['Shannon Brown', 'Luke Walton', 'Derek Fisher', 'Metta World Peace', 'Pau Gasol', 'Kobe Bryant', 'Lamar Odom']",True,"['Steve Blake', 'Andrew Bynum', 'Matt Barnes', 'Shannon Brown', 'Luke Walton', 'Derek Fisher', 'Metta World Peace', 'Pau Gasol', 'Kobe Bryant', 'Lamar Odom']",True
Kevin Durant,Kevin Durant,"['Russell Westbrook', 'Nick Collison', 'Kevin Durant']",True,"['James Harden', 'Jeff Green', 'Russell Westbrook', 'Nick Collison', 'Kevin Durant']",True,"['Nenad Krstic', 'Eric Maynor', 'James Harden', 'Jeff Green', 'Russell Westbrook', 'Nick Collison', 'Kevin Durant']",True,"['Reggie Jackson', 'Thabo Sefolosha', 'Serge Ibaka', 'Nenad Krstic', 'Eric Maynor', 'James Harden', 'Jeff Green', 'Russell Westbrook', 'Nick Collison', 'Kevin Durant']",True
Darko Milicic,Anthony Tolliver,"['Kevin Love', 'Corey Brewer', 'Anthony Tolliver']",False,"['Al Horford', 'Al Jefferson', 'Kevin Love', 'Corey Brewer', 'Anthony Tolliver']",False,"['Craig Smith', 'Darko Milicic', 'Al Horford', 'Al Jefferson', 'Kevin Love', 'Corey Brewer', 'Anthony Tolliver']",True,"['Dwight Howard', 'Joe Johnson', 'Andre Iguodala', 'Craig Smith', 'Darko Milicic', 'Al Horford', 'Al Jefferson', 'Kevin Love', 'Corey Brewer', 'Anthony Tolliver']",True
Dante Cunningham,LaMarcus Aldridge,"['Joel Przybilla', 'Brandon Roy', 'LaMarcus Aldridge']",False,"['Nicolas Batum', 'Dante Cunningham', 'Joel Przybilla', 'Brandon Roy', 'LaMarcus Aldridge']",True,"['Wesley Matthews', 'Gerald Wallace', 'Nicolas Batum', 'Dante Cunningham', 'Joel Przybilla', 'Brandon Roy', 'LaMarcus Aldridge']",True,"['Andre Miller', 'Damian Lillard', 'Rudy Fernandez', 'Wesley Matthews', 'Gerald Wallace', 'Nicolas Batum', 'Dante Cunningham', 'Joel Przybilla', 'Brandon Roy', 'LaMarcus Aldridge']",True
Brandan Wright,David Lee,"['Monta Ellis', 'Dorell Wright', 'David Lee']",False,"['Baron Davis', 'Andris Biedrins', 'Monta Ellis', 'Dorell Wright', 'David Lee']",False,"['Ekpe Udoh', 'Stephen Curry', 'Baron Davis', 'Andris Biedrins', 'Monta Ellis', 'Dorell Wright', 'David Lee']",False,"['C.J. Watson', 'Harrison Barnes', 'Kelenna Azubuike', 'Ekpe Udoh', 'Stephen Curry', 'Baron Davis', 'Andris Biedrins', 'Monta Ellis', 'Dorell Wright', 'David Lee']",False
Luol Deng,Luol Deng,"['Tyrus Thomas', 'Taj Gibson', 'Luol Deng']",True,"['Tony Snell', 'Ronnie Brewer', 'Tyrus Thomas', 'Taj Gibson', 'Luol Deng']",True,"['Joakim Noah', 'Omer Asik', 'Tony Snell', 'Ronnie Brewer', 'Tyrus Thomas', 'Taj Gibson', 'Luol Deng']",True,"['Richard Hamilton', 'Derrick Rose', 'Kirk Hinrich', 'Joakim Noah', 'Omer Asik', 'Tony Snell', 'Ronnie Brewer', 'Tyrus Thomas', 'Taj Gibson', 'Luol Deng']",True
Landry Fields,Landry Fields,"['Nate Robinson', 'Raymond Felton', 'Landry Fields']",True,"['Carmelo Anthony', 'Quentin Richardson', 'Nate Robinson', 'Raymond Felton', 'Landry Fields']",True,"['Jared Jeffries', 'J.R. Smith', 'Carmelo Anthony', 'Quentin Richardson', 'Nate Robinson', 'Raymond Felton', 'Landry Fields']",True,"['Toney Douglas', 'Jamal Crawford', 'David Lee', 'Jared Jeffries', 'J.R. Smith', 'Carmelo Anthony', 'Quentin Richardson', 'Nate Robinson', 'Raymond Felton', 'Landry Fields']",True
Josh Childress,Steve Nash,"['Vince Carter', 'Josh Childress', 'Steve Nash']",True,"['Jared Dudley', 'P.J. Tucker', 'Vince Carter', 'Josh Childress', 'Steve Nash']",True,"['Markieff Morris', 'Shannon Brown', 'Jared Dudley', 'P.J. Tucker', 'Vince Carter', 'Josh Childress', 'Steve Nash']",True,"['Shawn Marion', 'Jason Richardson', 'Robin Lopez', 'Markieff Morris', 'Shannon Brown', 'Jared Dudley', 'P.J. Tucker', 'Vince Carter', 'Josh Childress', 'Steve Nash']",True
J.J. Redick,Dwight Howard,"['J.J. Redick', 'Jameer Nelson', 'Dwight Howard']",True,"['Jason Richardson', 'Hedo Turkoglu', 'J.J. Redick', 'Jameer Nelson', 'Dwight Howard']",True,"['Grant Hill', 'Earl Clark', 'Jason Richardson', 'Hedo Turkoglu', 'J.J. Redick', 'Jameer Nelson', 'Dwight Howard']",True,"['Quentin Richardson', 'Brandon Bass', 'Marcin Gortat', 'Grant Hill', 'Earl Clark', 'Jason Richardson', 'Hedo Turkoglu', 'J.J. Redick', 'Jameer Nelson', 'Dwight Howard']",True
Matt Barnes,Kobe Bryant,"['Pau Gasol', 'Lamar Odom', 'Kobe Bryant']",False,"['Metta World Peace', 'Matt Barnes', 'Pau Gasol', 'Lamar Odom', 'Kobe Bryant']",True,"['Luke Walton', 'Andrew Bynum', 'Metta World Peace', 'Matt Barnes', 'Pau Gasol', 'Lamar Odom', 'Kobe Bryant']",True,"['Steve Blake', 'Derek Fisher', 'Shannon Brown', 'Luke Walton', 'Andrew Bynum', 'Metta World Peace', 'Matt Barnes', 'Pau Gasol', 'Lamar Odom', 'Kobe Bryant']",True
Luc Mbah a Moute,Luc Mbah a Moute,"['Larry Sanders', 'Zaza Pachulia', 'Luc Mbah a Moute']",True,"['Mo Williams', 'Brandon Jennings', 'Larry Sanders', 'Zaza Pachulia', 'Luc Mbah a Moute']",True,"['Trevor Ariza', 'Monta Ellis', 'Mo Williams', 'Brandon Jennings', 'Larry Sanders', 'Zaza Pachulia', 'Luc Mbah a Moute']",True,"['Michael Redd', 'Vince Carter', 'Ramon Sessions', 'Trevor Ariza', 'Monta Ellis', 'Mo Williams', 'Brandon Jennings', 'Larry Sanders', 'Zaza Pachulia', 'Luc Mbah a Moute']",True
J.R. Smith,Nene Hilario,"['J.R. Smith', 'Ty Lawson', 'Nene Hilario']",True,"['Carmelo Anthony', 'Kenyon Martin', 'J.R. Smith', 'Ty Lawson', 'Nene Hilario']",True,"['Arron Afflalo', 'Chris Andersen', 'Carmelo Anthony', 'Kenyon Martin', 'J.R. Smith', 'Ty Lawson', 'Nene Hilario']",True,"['Timofey Mozgov', 'Kenneth Faried', 'Al Harrington', 'Arron Afflalo', 'Chris Andersen', 'Carmelo Anthony', 'Kenyon Martin', 'J.R. Smith', 'Ty Lawson', 'Nene Hilario']",True
Evan Turner,Elton Brand,"['Andre Miller', 'Evan Turner', 'Elton Brand']",True,"['Jrue Holiday', 'Andre Iguodala', 'Andre Miller', 'Evan Turner', 'Elton Brand']",True,"['Jodie Meeks', 'Lou Williams', 'Jrue Holiday', 'Andre Iguodala', 'Andre Miller', 'Evan Turner', 'Elton Brand']",True,"['Joe Smith', 'Marreese Speights', 'Thaddeus Young', 'Jodie Meeks', 'Lou Williams', 'Jrue Holiday', 'Andre Iguodala', 'Andre Miller', 'Evan Turner', 'Elton Brand']",True
A.J. Price,Danny Granger,"['Brandon Rush', 'A.J. Price', 'Danny Granger']",True,"['C.J. Watson', 'C.J. Miles', 'Brandon Rush', 'A.J. Price', 'Danny Granger']",True,"['David West', 'Jeff Foster', 'C.J. Watson', 'C.J. Miles', 'Brandon Rush', 'A.J. Price', 'Danny Granger']",True,"['Al Harrington', 'Dahntay Jones', 'Darren Collison', 'David West', 'Jeff Foster', 'C.J. Watson', 'C.J. Miles', 'Brandon Rush', 'A.J. Price', 'Danny Granger']",True
Sonny Weems,Sonny Weems,"['Jose Calderon', 'Linas Kleiza', 'Sonny Weems']",True,"['Reggie Evans', 'Leandro Barbosa', 'Jose Calderon', 'Linas Kleiza', 'Sonny Weems']",True,"['Jerryd Bayless', 'DeMar DeRozan', 'Reggie Evans', 'Leandro Barbosa', 'Jose Calderon', 'Linas Kleiza', 'Sonny Weems']",True,"['T.J. Ford', 'Julian Wright', 'Andrea Bargnani', 'Jerryd Bayless', 'DeMar DeRozan', 'Reggie Evans', 'Leandro Barbosa', 'Jose Calderon', 'Linas Kleiza', 'Sonny Weems']",True
Dorell Wright,Monta Ellis,"['Dorell Wright', 'David Lee', 'Monta Ellis']",True,"['Stephen Curry', 'Baron Davis', 'Dorell Wright', 'David Lee', 'Monta Ellis']",True,"['Reggie Williams', 'Andris Biedrins', 'Stephen Curry', 'Baron Davis', 'Dorell Wright', 'David Lee', 'Monta Ellis']",True,"['Corey Maggette', 'C.J. Watson', 'Kelenna Azubuike', 'Reggie Williams', 'Andris Biedrins', 'Stephen Curry', 'Baron Davis', 'Dorell Wright', 'David Lee', 'Monta Ellis']",True
Christian Eyenga,Anderson Varejao,"['Antawn Jamison', 'Alonzo Gee', 'Anderson Varejao']",False,"['Daniel Gibson', 'Anthony Parker', 'Antawn Jamison', 'Alonzo Gee', 'Anderson Varejao']",False,"['LeBron James', 'Christian Eyenga', 'Daniel Gibson', 'Anthony Parker', 'Antawn Jamison', 'Alonzo Gee', 'Anderson Varejao']",True,"['Ben Wallace', 'Dion Waiters', 'Kyrie Irving', 'LeBron James', 'Christian Eyenga', 'Daniel Gibson', 'Anthony Parker', 'Antawn Jamison', 'Alonzo Gee', 'Anderson Varejao']",True
Wilson Chandler,Wilson Chandler,"['Toney Douglas', 'Tyson Chandler', 'Wilson Chandler']",True,"['Shawne Williams', 'Steve Novak', 'Toney Douglas', 'Tyson Chandler', 'Wilson Chandler']",True,"['Raymond Felton', 'Nate Robinson', 'Shawne Williams', 'Steve Novak', 'Toney Douglas', 'Tyson Chandler', 'Wilson Chandler']",True,"['Stephon Marbury', 'Tim Hardaway', 'Jared Jeffries', 'Raymond Felton', 'Nate Robinson', 'Shawne Williams', 'Steve Novak', 'Toney Douglas', 'Tyson Chandler', 'Wilson Chandler']",True
DeMar DeRozan,DeMar DeRozan,"['Ed Davis', 'Andrea Bargnani', 'DeMar DeRozan']",True,"['Jose Calderon', 'Chris Bosh', 'Ed Davis', 'Andrea Bargnani', 'DeMar DeRozan']",True,"['Amir Johnson', 'James Johnson', 'Jose Calderon', 'Chris Bosh', 'Ed Davis', 'Andrea Bargnani', 'DeMar DeRozan']",True,"['Anthony Parker', 'Jerryd Bayless', 'Greivis Vasquez', 'Amir Johnson', 'James Johnson', 'Jose Calderon', 'Chris Bosh', 'Ed Davis', 'Andrea Bargnani', 'DeMar DeRozan']",True
Al Jefferson,Al Jefferson,"['C.J. Miles', 'Andrei Kirilenko', 'Al Jefferson']",True,"['Derrick Favors', 'Alec Burks', 'C.J. Miles', 'Andrei Kirilenko', 'Al Jefferson']",True,"['Paul Millsap', 'Deron Williams', 'Derrick Favors', 'Alec Burks', 'C.J. Miles', 'Andrei Kirilenko', 'Al Jefferson']",True,"['Gordon Hayward', 'Earl Watson', 'Carlos Boozer', 'Paul Millsap', 'Deron Williams', 'Derrick Favors', 'Alec Burks', 'C.J. Miles', 'Andrei Kirilenko', 'Al Jefferson']",True
Monta Ellis,Monta Ellis,"['David Lee', 'Dorell Wright', 'Monta Ellis']",True,"['Ekpe Udoh', 'Stephen Curry', 'David Lee', 'Dorell Wright', 'Monta Ellis']",True,"['Harrison Barnes', 'Reggie Williams', 'Ekpe Udoh', 'Stephen Curry', 'David Lee', 'Dorell Wright', 'Monta Ellis']",True,"['Kelenna Azubuike', 'Klay Thompson', 'Andris Biedrins', 'Harrison Barnes', 'Reggie Williams', 'Ekpe Udoh', 'Stephen Curry', 'David Lee', 'Dorell Wright', 'Monta Ellis']",True
Richard Hamilton,Greg Monroe,"['Tayshaun Prince', 'Charlie Villanueva', 'Greg Monroe']",False,"['Richard Hamilton', 'Ben Gordon', 'Tayshaun Prince', 'Charlie Villanueva', 'Greg Monroe']",True,"['Jason Maxiell', 'Rodney Stuckey', 'Richard Hamilton', 'Ben Gordon', 'Tayshaun Prince', 'Charlie Villanueva', 'Greg Monroe']",True,"['Ben Wallace', 'Chris Wilcox', 'Austin Daye', 'Jason Maxiell', 'Rodney Stuckey', 'Richard Hamilton', 'Ben Gordon', 'Tayshaun Prince', 'Charlie Villanueva', 'Greg Monroe']",True
Luke Ridnour,Luke Ridnour,"['Randy Foye', 'Kevin Love', 'Luke Ridnour']",True,"['Sebastian Telfair', 'Michael Beasley', 'Randy Foye', 'Kevin Love', 'Luke Ridnour']",True,"['Corey Brewer', 'Nikola Pekovic', 'Sebastian Telfair', 'Michael Beasley', 'Randy Foye', 'Kevin Love', 'Luke Ridnour']",True,"['Joe Johnson', 'Ryan Gomes', 'Marko Jaric', 'Corey Brewer', 'Nikola Pekovic', 'Sebastian Telfair', 'Michael Beasley', 'Randy Foye', 'Kevin Love', 'Luke Ridnour']",True
Earl Watson,Gordon Hayward,"['Deron Williams', 'Earl Watson', 'Gordon Hayward']",True,"['C.J. Miles', 'Paul Millsap', 'Deron Williams', 'Earl Watson', 'Gordon Hayward']",True,"['Mehmet Okur', 'Derrick Favors', 'C.J. Miles', 'Paul Millsap', 'Deron Williams', 'Earl Watson', 'Gordon Hayward']",True,"['Andrei Kirilenko', 'Al Jefferson', 'Enes Kanter', 'Mehmet Okur', 'Derrick Favors', 'C.J. Miles', 'Paul Millsap', 'Deron Williams', 'Earl Watson', 'Gordon Hayward']",True
Kevin Love,Kevin Love,"['Nikola Pekovic', 'Luke Ridnour', 'Kevin Love']",True,"['Darko Milicic', 'Michael Beasley', 'Nikola Pekovic', 'Luke Ridnour', 'Kevin Love']",True,"['Randy Foye', 'Corey Brewer', 'Darko Milicic', 'Michael Beasley', 'Nikola Pekovic', 'Luke Ridnour', 'Kevin Love']",True,"['Josh Smith', 'Joe Johnson', 'Dante Cunningham', 'Randy Foye', 'Corey Brewer', 'Darko Milicic', 'Michael Beasley', 'Nikola Pekovic', 'Luke Ridnour', 'Kevin Love']",True
Omer Asik,Luol Deng,"['Kirk Hinrich', 'Ronnie Brewer', 'Luol Deng']",False,"['Joakim Noah', 'Omer Asik', 'Kirk Hinrich', 'Ronnie Brewer', 'Luol Deng']",True,"['Taj Gibson', 'Kyle Korver', 'Joakim Noah', 'Omer Asik', 'Kirk Hinrich', 'Ronnie Brewer', 'Luol Deng']",True,"['Carlos Boozer', 'Kurt Thomas', 'Derrick Rose', 'Taj Gibson', 'Kyle Korver', 'Joakim Noah', 'Omer Asik', 'Kirk Hinrich', 'Ronnie Brewer', 'Luol Deng']",True
Dahntay Jones,Danny Granger,"['Dahntay Jones', 'Darren Collison', 'Danny Granger']",True,"['Jeff Foster', 'Brandon Rush', 'Dahntay Jones', 'Darren Collison', 'Danny Granger']",True,"['Josh McRoberts', 'Mike Dunleavy', 'Jeff Foster', 'Brandon Rush', 'Dahntay Jones', 'Darren Collison', 'Danny Granger']",True,"['Tyler Hansbrough', 'James Posey', 'Roy Hibbert', 'Josh McRoberts', 'Mike Dunleavy', 'Jeff Foster', 'Brandon Rush', 'Dahntay Jones', 'Darren Collison', 'Danny Granger']",True
Derek Fisher,Derek Fisher,"['Lamar Odom', 'Kobe Bryant', 'Derek Fisher']",True,"['Andrew Bynum', 'Metta World Peace', 'Lamar Odom', 'Kobe Bryant', 'Derek Fisher']",True,"['Matt Barnes', 'Pau Gasol', 'Andrew Bynum', 'Metta World Peace', 'Lamar Odom', 'Kobe Bryant', 'Derek Fisher']",True,"['Luke Walton', 'Steve Blake', 'Jordan Farmar', 'Matt Barnes', 'Pau Gasol', 'Andrew Bynum', 'Metta World Peace', 'Lamar Odom', 'Kobe Bryant', 'Derek Fisher']",True
Serge Ibaka,Thabo Sefolosha,"['Russell Westbrook', 'Serge Ibaka', 'Thabo Sefolosha']",True,"['James Harden', 'Nick Collison', 'Russell Westbrook', 'Serge Ibaka', 'Thabo Sefolosha']",True,"['Jeff Green', 'Kevin Durant', 'James Harden', 'Nick Collison', 'Russell Westbrook', 'Serge Ibaka', 'Thabo Sefolosha']",True,"['Reggie Jackson', 'Steven Adams', 'Daequan Cook', 'Jeff Green', 'Kevin Durant', 'James Harden', 'Nick Collison', 'Russell Westbrook', 'Serge Ibaka', 'Thabo Sefolosha']",True
Nene Hilario,Nene Hilario,"['Ty Lawson', 'J.R. Smith', 'Nene Hilario']",True,"['Chris Andersen', 'Kenyon Martin', 'Ty Lawson', 'J.R. Smith', 'Nene Hilario']",True,"['Carmelo Anthony', 'Linas Kleiza', 'Chris Andersen', 'Kenyon Martin', 'Ty Lawson', 'J.R. Smith', 'Nene Hilario']",True,"['Kenneth Faried', 'Arron Afflalo', 'Al Harrington', 'Carmelo Anthony', 'Linas Kleiza', 'Chris Andersen', 'Kenyon Martin', 'Ty Lawson', 'J.R. Smith', 'Nene Hilario']",True
Chris Wilcox,Chris Wilcox,"['Ben Gordon', 'Austin Daye', 'Chris Wilcox']",True,"['Greg Monroe', 'Ben Wallace', 'Ben Gordon', 'Austin Daye', 'Chris Wilcox']",True,"['Antonio McDyess', 'Tayshaun Prince', 'Greg Monroe', 'Ben Wallace', 'Ben Gordon', 'Austin Daye', 'Chris Wilcox']",True,"['Andre Drummond', 'Charlie Villanueva', 'Rodney Stuckey', 'Antonio McDyess', 'Tayshaun Prince', 'Greg Monroe', 'Ben Wallace', 'Ben Gordon', 'Austin Daye', 'Chris Wilcox']",True
Zaza Pachulia,Zaza Pachulia,"['Tyreke Evans', 'Trevor Ariza', 'Zaza Pachulia']",True,"['Vince Carter', 'Wilson Chandler', 'Tyreke Evans', 'Trevor Ariza', 'Zaza Pachulia']",True,"['Thaddeus Young', 'Tyson Chandler', 'Vince Carter', 'Wilson Chandler', 'Tyreke Evans', 'Trevor Ariza', 'Zaza Pachulia']",True,"['Willie Green', 'Joe Johnson', 'Josh Smith', 'Thaddeus Young', 'Tyson Chandler', 'Vince Carter', 'Wilson Chandler', 'Tyreke Evans', 'Trevor Ariza', 'Zaza Pachulia']",True
Toney Douglas,Toney Douglas,"['Landry Fields', 'Raymond Felton', 'Toney Douglas']",True,"['Wilson Chandler', 'Nate Robinson', 'Landry Fields', 'Raymond Felton', 'Toney Douglas']",True,"['Jared Jeffries', 'David Lee', 'Wilson Chandler', 'Nate Robinson', 'Landry Fields', 'Raymond Felton', 'Toney Douglas']",True,"['J.R. Smith', 'Jamal Crawford', 'Carmelo Anthony', 'Jared Jeffries', 'David Lee', 'Wilson Chandler', 'Nate Robinson', 'Landry Fields', 'Raymond Felton', 'Toney Douglas']",True
Ian Mahinmi,Dirk Nowitzki,"['J.J. Barea', 'Jason Kidd', 'Dirk Nowitzki']",False,"['Jason Terry', 'Ian Mahinmi', 'J.J. Barea', 'Jason Kidd', 'Dirk Nowitzki']",True,"['Devin Harris', 'Erick Dampier', 'Jason Terry', 'Ian Mahinmi', 'J.J. Barea', 'Jason Kidd', 'Dirk Nowitzki']",True,"['Brian Cardinal', 'Caron Butler', 'Shawn Marion', 'Devin Harris', 'Erick Dampier', 'Jason Terry', 'Ian Mahinmi', 'J.J. Barea', 'Jason Kidd', 'Dirk Nowitzki']",True
Danny Granger,Danny Granger,"['Brandon Rush', 'Darren Collison', 'Danny Granger']",True,"['Mike Dunleavy', 'Dahntay Jones', 'Brandon Rush', 'Darren Collison', 'Danny Granger']",True,"['Roy Hibbert', 'Jeff Foster', 'Mike Dunleavy', 'Dahntay Jones', 'Brandon Rush', 'Darren Collison', 'Danny Granger']",True,"['Paul George', 'David West', 'Josh McRoberts', 'Roy Hibbert', 'Jeff Foster', 'Mike Dunleavy', 'Dahntay Jones', 'Brandon Rush', 'Darren Collison', 'Danny Granger']",True
JaVale McGee,Andray Blatche,"['Antawn Jamison', 'Al Thornton', 'Andray Blatche']",False,"['JaVale McGee', 'John Wall', 'Antawn Jamison', 'Al Thornton', 'Andray Blatche']",True,"['Cartier Martin', 'Bradley Beal', 'JaVale McGee', 'John Wall', 'Antawn Jamison', 'Al Thornton', 'Andray Blatche']",True,"['Antonio Daniels', 'Caron Butler', 'Kevin Seraphin', 'Cartier Martin', 'Bradley Beal', 'JaVale McGee', 'John Wall', 'Antawn Jamison', 'Al Thornton', 'Andray Blatche']",True
Kenyon Martin,J.R. Smith,"['Kenyon Martin', 'Nene Hilario', 'J.R. Smith']",True,"['Carmelo Anthony', 'Ty Lawson', 'Kenyon Martin', 'Nene Hilario', 'J.R. Smith']",True,"['Marcus Camby', 'Linas Kleiza', 'Carmelo Anthony', 'Ty Lawson', 'Kenyon Martin', 'Nene Hilario', 'J.R. Smith']",True,"['Chauncey Billups', 'Arron Afflalo', 'Chris Andersen', 'Marcus Camby', 'Linas Kleiza', 'Carmelo Anthony', 'Ty Lawson', 'Kenyon Martin', 'Nene Hilario', 'J.R. Smith']",True
Andre Miller,Andre Miller,"['Damian Lillard', 'Brandon Roy', 'Andre Miller']",True,"['Dante Cunningham', 'LaMarcus Aldridge', 'Damian Lillard', 'Brandon Roy', 'Andre Miller']",True,"['CJ McCollum', 'Nicolas Batum', 'Dante Cunningham', 'LaMarcus Aldridge', 'Damian Lillard', 'Brandon Roy', 'Andre Miller']",True,"['Gerald Wallace', 'Joel Przybilla', 'Rudy Fernandez', 'CJ McCollum', 'Nicolas Batum', 'Dante Cunningham', 'LaMarcus Aldridge', 'Damian Lillard', 'Brandon Roy', 'Andre Miller']",True
Jamal Crawford,Joe Johnson,"['Jamal Crawford', 'Josh Smith', 'Joe Johnson']",True,"['Carmelo Anthony', 'Dwight Howard', 'Jamal Crawford', 'Josh Smith', 'Joe Johnson']",True,"['Deron Williams', 'Marvin Williams', 'Carmelo Anthony', 'Dwight Howard', 'Jamal Crawford', 'Josh Smith', 'Joe Johnson']",True,"['David West', 'J.R. Smith', 'Chris Paul', 'Deron Williams', 'Marvin Williams', 'Carmelo Anthony', 'Dwight Howard', 'Jamal Crawford', 'Josh Smith', 'Joe Johnson']",True
Jason Kidd,Jason Terry,"['Shawn Marion', 'Jason Kidd', 'Jason Terry']",True,"['J.J. Barea', 'Dirk Nowitzki', 'Shawn Marion', 'Jason Kidd', 'Jason Terry']",True,"['Jerry Stackhouse', 'Monta Ellis', 'J.J. Barea', 'Dirk Nowitzki', 'Shawn Marion', 'Jason Kidd', 'Jason Terry']",True,"['Tyson Chandler', 'O.J. Mayo', 'Erick Dampier', 'Jerry Stackhouse', 'Monta Ellis', 'J.J. Barea', 'Dirk Nowitzki', 'Shawn Marion', 'Jason Kidd', 'Jason Terry']",True
Darrell Arthur,Marc Gasol,"['Hasheem Thabeet', 'Darrell Arthur', 'Marc Gasol']",True,"['Rudy Gay', 'Mike Conley', 'Hasheem Thabeet', 'Darrell Arthur', 'Marc Gasol']",True,"['Zach Randolph', 'Greivis Vasquez', 'Rudy Gay', 'Mike Conley', 'Hasheem Thabeet', 'Darrell Arthur', 'Marc Gasol']",True,"['Tony Allen', 'Chucky Atkins', 'O.J. Mayo', 'Zach Randolph', 'Greivis Vasquez', 'Rudy Gay', 'Mike Conley', 'Hasheem Thabeet', 'Darrell Arthur', 'Marc Gasol']",True
Andrei Kirilenko,Al Jefferson,"['Derrick Favors', 'Andrei Kirilenko', 'Al Jefferson']",True,"['C.J. Miles', 'Alec Burks', 'Derrick Favors', 'Andrei Kirilenko', 'Al Jefferson']",True,"['Deron Williams', 'Paul Millsap', 'C.J. Miles', 'Alec Burks', 'Derrick Favors', 'Andrei Kirilenko', 'Al Jefferson']",True,"['Earl Watson', 'Carlos Boozer', 'Jeremy Evans', 'Deron Williams', 'Paul Millsap', 'C.J. Miles', 'Alec Burks', 'Derrick Favors', 'Andrei Kirilenko', 'Al Jefferson']",True
Antawn Jamison,Daniel Gibson,"['Antawn Jamison', 'Anthony Parker', 'Daniel Gibson']",True,"['Kyrie Irving', 'LeBron James', 'Antawn Jamison', 'Anthony Parker', 'Daniel Gibson']",True,"['J.J. Hickson', 'Christian Eyenga', 'Kyrie Irving', 'LeBron James', 'Antawn Jamison', 'Anthony Parker', 'Daniel Gibson']",True,"['Delonte West', 'Mo Williams', 'Anderson Varejao', 'J.J. Hickson', 'Christian Eyenga', 'Kyrie Irving', 'LeBron James', 'Antawn Jamison', 'Anthony Parker', 'Daniel Gibson']",True
Antonio McDyess,Antonio McDyess,"['Bruce Bowen', 'DeJuan Blair', 'Antonio McDyess']",True,"['Brent Barry', 'George Hill', 'Bruce Bowen', 'DeJuan Blair', 'Antonio McDyess']",True,"['Gary Neal', 'Manu Ginobili', 'Brent Barry', 'George Hill', 'Bruce Bowen', 'DeJuan Blair', 'Antonio McDyess']",True,"['Richard Jefferson', 'Boris Diaw', 'Tim Duncan', 'Gary Neal', 'Manu Ginobili', 'Brent Barry', 'George Hill', 'Bruce Bowen', 'DeJuan Blair', 'Antonio McDyess']",True
Aaron Brooks,Aaron Brooks,"['Brad Miller', 'Chuck Hayes', 'Aaron Brooks']",True,"['Courtney Lee', 'Chandler Parsons', 'Brad Miller', 'Chuck Hayes', 'Aaron Brooks']",True,"['Chase Budinger', 'Luis Scola', 'Courtney Lee', 'Chandler Parsons', 'Brad Miller', 'Chuck Hayes', 'Aaron Brooks']",True,"['Carl Landry', 'Kyle Lowry', 'Shane Battier', 'Chase Budinger', 'Luis Scola', 'Courtney Lee', 'Chandler Parsons', 'Brad Miller', 'Chuck Hayes', 'Aaron Brooks']",True
Russell Westbrook,Russell Westbrook,"['Serge Ibaka', 'Nick Collison', 'Russell Westbrook']",True,"['Reggie Jackson', 'Kevin Durant', 'Serge Ibaka', 'Nick Collison', 'Russell Westbrook']",True,"['James Harden', 'Nenad Krstic', 'Reggie Jackson', 'Kevin Durant', 'Serge Ibaka', 'Nick Collison', 'Russell Westbrook']",True,"['Daequan Cook', 'Thabo Sefolosha', 'Jeff Green', 'James Harden', 'Nenad Krstic', 'Reggie Jackson', 'Kevin Durant', 'Serge Ibaka', 'Nick Collison', 'Russell Westbrook']",True
Kevin Martin,Kevin Martin,"['Shane Battier', 'Chuck Hayes', 'Kevin Martin']",True,"['Kyle Lowry', 'Luis Scola', 'Shane Battier', 'Chuck Hayes', 'Kevin Martin']",True,"['Chase Budinger', 'Rafer Alston', 'Kyle Lowry', 'Luis Scola', 'Shane Battier', 'Chuck Hayes', 'Kevin Martin']",True,"['Luther Head', 'James Harden', 'Courtney Lee', 'Chase Budinger', 'Rafer Alston', 'Kyle Lowry', 'Luis Scola', 'Shane Battier', 'Chuck Hayes', 'Kevin Martin']",True
Derek Fisher,Derek Fisher,"['Kobe Bryant', 'Andrew Bynum', 'Derek Fisher']",True,"['Pau Gasol', 'Lamar Odom', 'Kobe Bryant', 'Andrew Bynum', 'Derek Fisher']",True,"['Metta World Peace', 'Jordan Farmar', 'Pau Gasol', 'Lamar Odom', 'Kobe Bryant', 'Andrew Bynum', 'Derek Fisher']",True,"['Dwight Howard', 'Carlos Boozer', 'Jodie Meeks', 'Metta World Peace', 'Jordan Farmar', 'Pau Gasol', 'Lamar Odom', 'Kobe Bryant', 'Andrew Bynum', 'Derek Fisher']",True
Andrei Kirilenko,Al Jefferson,"['C.J. Miles', 'Andrei Kirilenko', 'Al Jefferson']",True,"['Alec Burks', 'Deron Williams', 'C.J. Miles', 'Andrei Kirilenko', 'Al Jefferson']",True,"['Derrick Favors', 'Paul Millsap', 'Alec Burks', 'Deron Williams', 'C.J. Miles', 'Andrei Kirilenko', 'Al Jefferson']",True,"['Gordon Hayward', 'Earl Watson', 'Carlos Boozer', 'Derrick Favors', 'Paul Millsap', 'Alec Burks', 'Deron Williams', 'C.J. Miles', 'Andrei Kirilenko', 'Al Jefferson']",True
Josh McRoberts,Jeff Foster,"['Danny Granger', 'Josh McRoberts', 'Jeff Foster']",True,"['Darren Collison', 'Mike Dunleavy', 'Danny Granger', 'Josh McRoberts', 'Jeff Foster']",True,"['Roy Hibbert', 'Paul George', 'Darren Collison', 'Mike Dunleavy', 'Danny Granger', 'Josh McRoberts', 'Jeff Foster']",True,"['Tyler Hansbrough', 'Brandon Rush', 'James Posey', 'Roy Hibbert', 'Paul George', 'Darren Collison', 'Mike Dunleavy', 'Danny Granger', 'Josh McRoberts', 'Jeff Foster']",True
Daniel Gibson,Daniel Gibson,"['Antawn Jamison', 'Anthony Parker', 'Daniel Gibson']",True,"['Kyrie Irving', 'J.J. Hickson', 'Antawn Jamison', 'Anthony Parker', 'Daniel Gibson']",True,"['Jamario Moon', 'LeBron James', 'Kyrie Irving', 'J.J. Hickson', 'Antawn Jamison', 'Anthony Parker', 'Daniel Gibson']",True,"['Alonzo Gee', 'Ramon Sessions', 'Anderson Varejao', 'Jamario Moon', 'LeBron James', 'Kyrie Irving', 'J.J. Hickson', 'Antawn Jamison', 'Anthony Parker', 'Daniel Gibson']",True
Manny Harris,Ramon Sessions,"['Daniel Gibson', 'J.J. Hickson', 'Ramon Sessions']",False,"['Manny Harris', 'Antawn Jamison', 'Daniel Gibson', 'J.J. Hickson', 'Ramon Sessions']",True,"['Anthony Parker', 'LeBron James', 'Manny Harris', 'Antawn Jamison', 'Daniel Gibson', 'J.J. Hickson', 'Ramon Sessions']",True,"['Kyrie Irving', 'Mo Williams', 'Jamario Moon', 'Anthony Parker', 'LeBron James', 'Manny Harris', 'Antawn Jamison', 'Daniel Gibson', 'J.J. Hickson', 'Ramon Sessions']",True
Eddie House,Chris Bosh,"['Dwyane Wade', 'Carlos Arroyo', 'Chris Bosh']",False,"['Chris Andersen', 'Eddie House', 'Dwyane Wade', 'Carlos Arroyo', 'Chris Bosh']",True,"['Joel Anthony', 'LeBron James', 'Chris Andersen', 'Eddie House', 'Dwyane Wade', 'Carlos Arroyo', 'Chris Bosh']",True,"['Udonis Haslem', 'Mario Chalmers', 'James Jones', 'Joel Anthony', 'LeBron James', 'Chris Andersen', 'Eddie House', 'Dwyane Wade', 'Carlos Arroyo', 'Chris Bosh']",True
Darko Milicic,Kevin Love,"['Luke Ridnour', 'Corey Brewer', 'Kevin Love']",False,"['Jonny Flynn', 'Darko Milicic', 'Luke Ridnour', 'Corey Brewer', 'Kevin Love']",True,"['Joe Johnson', 'Dante Cunningham', 'Jonny Flynn', 'Darko Milicic', 'Luke Ridnour', 'Corey Brewer', 'Kevin Love']",True,"['Michael Beasley', 'Josh Smith', 'Nikola Pekovic', 'Joe Johnson', 'Dante Cunningham', 'Jonny Flynn', 'Darko Milicic', 'Luke Ridnour', 'Corey Brewer', 'Kevin Love']",True
Sonny Weems,Sonny Weems,"['Linas Kleiza', 'Jose Calderon', 'Sonny Weems']",True,"['DeMar DeRozan', 'Leandro Barbosa', 'Linas Kleiza', 'Jose Calderon', 'Sonny Weems']",True,"['Andrea Bargnani', 'Reggie Evans', 'DeMar DeRozan', 'Leandro Barbosa', 'Linas Kleiza', 'Jose Calderon', 'Sonny Weems']",True,"['Chris Bosh', 'Terrence Ross', 'Amir Johnson', 'Andrea Bargnani', 'Reggie Evans', 'DeMar DeRozan', 'Leandro Barbosa', 'Linas Kleiza', 'Jose Calderon', 'Sonny Weems']",True
Mike Conley,Mike Conley,"['Rudy Gay', 'Marc Gasol', 'Mike Conley']",True,"['Zach Randolph', 'O.J. Mayo', 'Rudy Gay', 'Marc Gasol', 'Mike Conley']",True,"['Marreese Speights', 'Greivis Vasquez', 'Zach Randolph', 'O.J. Mayo', 'Rudy Gay', 'Marc Gasol', 'Mike Conley']",True,"['Jason Williams', 'Sam Young', 'Kosta Koufos', 'Marreese Speights', 'Greivis Vasquez', 'Zach Randolph', 'O.J. Mayo', 'Rudy Gay', 'Marc Gasol', 'Mike Conley']",True
Tony Allen,O.J. Mayo,"['Tony Allen', 'Rudy Gay', 'O.J. Mayo']",True,"['Mike Conley', 'Sam Young', 'Tony Allen', 'Rudy Gay', 'O.J. Mayo']",True,"['Marc Gasol', 'Xavier Henry', 'Mike Conley', 'Sam Young', 'Tony Allen', 'Rudy Gay', 'O.J. Mayo']",True,"['Tayshaun Prince', 'Mike Miller', 'Zach Randolph', 'Marc Gasol', 'Xavier Henry', 'Mike Conley', 'Sam Young', 'Tony Allen', 'Rudy Gay', 'O.J. Mayo']",True
Jeff Green,James Harden,"['Kevin Durant', 'Jeff Green', 'James Harden']",True,"['Kendrick Perkins', 'Russell Westbrook', 'Kevin Durant', 'Jeff Green', 'James Harden']",True,"['Eric Maynor', 'Daequan Cook', 'Kendrick Perkins', 'Russell Westbrook', 'Kevin Durant', 'Jeff Green', 'James Harden']",True,"['Andre Roberson', 'Anthony Morrow', 'Nick Collison', 'Eric Maynor', 'Daequan Cook', 'Kendrick Perkins', 'Russell Westbrook', 'Kevin Durant', 'Jeff Green', 'James Harden']",True
Corey Maggette,Carlos Delfino,"['John Salmons', 'Ersan Ilyasova', 'Carlos Delfino']",False,"['Corey Maggette', 'Andrew Bogut', 'John Salmons', 'Ersan Ilyasova', 'Carlos Delfino']",True,"['Brandon Jennings', 'Luc Mbah a Moute', 'Corey Maggette', 'Andrew Bogut', 'John Salmons', 'Ersan Ilyasova', 'Carlos Delfino']",True,"['Jon Brockman', 'Charlie Bell', 'Earl Boykins', 'Brandon Jennings', 'Luc Mbah a Moute', 'Corey Maggette', 'Andrew Bogut', 'John Salmons', 'Ersan Ilyasova', 'Carlos Delfino']",True
Richard Jefferson,Richard Jefferson,"['Matt Bonner', 'Manu Ginobili', 'Richard Jefferson']",True,"['George Hill', 'Tim Duncan', 'Matt Bonner', 'Manu Ginobili', 'Richard Jefferson']",True,"['Gary Neal', 'Michael Finley', 'George Hill', 'Tim Duncan', 'Matt Bonner', 'Manu Ginobili', 'Richard Jefferson']",True,"['Kawhi Leonard', 'Tony Parker', 'DeJuan Blair', 'Gary Neal', 'Michael Finley', 'George Hill', 'Tim Duncan', 'Matt Bonner', 'Manu Ginobili', 'Richard Jefferson']",True
Al Harrington,Arron Afflalo,"['Carmelo Anthony', 'Al Harrington', 'Arron Afflalo']",True,"['J.R. Smith', 'Allen Iverson', 'Carmelo Anthony', 'Al Harrington', 'Arron Afflalo']",True,"['Andre Miller', 'Anthony Carter', 'J.R. Smith', 'Allen Iverson', 'Carmelo Anthony', 'Al Harrington', 'Arron Afflalo']",True,"['Danilo Gallinari', 'Nene Hilario', 'Ty Lawson', 'Andre Miller', 'Anthony Carter', 'J.R. Smith', 'Allen Iverson', 'Carmelo Anthony', 'Al Harrington', 'Arron Afflalo']",True
Will Bynum,Tayshaun Prince,"['Rodney Stuckey', 'Will Bynum', 'Tayshaun Prince']",True,"['Greg Monroe', 'Tracy McGrady', 'Rodney Stuckey', 'Will Bynum', 'Tayshaun Prince']",True,"['Kyle Singler', 'Richard Hamilton', 'Greg Monroe', 'Tracy McGrady', 'Rodney Stuckey', 'Will Bynum', 'Tayshaun Prince']",True,"['Ronald Murray', 'Ben Gordon', 'Jason Maxiell', 'Kyle Singler', 'Richard Hamilton', 'Greg Monroe', 'Tracy McGrady', 'Rodney Stuckey', 'Will Bynum', 'Tayshaun Prince']",True
Richard Jefferson,Manu Ginobili,"['Richard Jefferson', 'Matt Bonner', 'Manu Ginobili']",True,"['Gary Neal', 'George Hill', 'Richard Jefferson', 'Matt Bonner', 'Manu Ginobili']",True,"['James Anderson', 'Michael Finley', 'Gary Neal', 'George Hill', 'Richard Jefferson', 'Matt Bonner', 'Manu Ginobili']",True,"['Francisco Elson', 'Antonio McDyess', 'Tim Duncan', 'James Anderson', 'Michael Finley', 'Gary Neal', 'George Hill', 'Richard Jefferson', 'Matt Bonner', 'Manu Ginobili']",True
Chase Budinger,Aaron Brooks,"['Chandler Parsons', 'Chuck Hayes', 'Aaron Brooks']",False,"['Luis Scola', 'Chase Budinger', 'Chandler Parsons', 'Chuck Hayes', 'Aaron Brooks']",True,"['Shane Battier', 'James Harden', 'Luis Scola', 'Chase Budinger', 'Chandler Parsons', 'Chuck Hayes', 'Aaron Brooks']",True,"['Kyle Lowry', 'Carl Landry', 'Dwight Howard', 'Shane Battier', 'James Harden', 'Luis Scola', 'Chase Budinger', 'Chandler Parsons', 'Chuck Hayes', 'Aaron Brooks']",True
Eric Maynor,Eric Maynor,"['Kevin Durant', 'James Harden', 'Eric Maynor']",True,"['Daequan Cook', 'Jeff Green', 'Kevin Durant', 'James Harden', 'Eric Maynor']",True,"['Russell Westbrook', 'Nick Collison', 'Daequan Cook', 'Jeff Green', 'Kevin Durant', 'James Harden', 'Eric Maynor']",True,"['Kendrick Perkins', 'Serge Ibaka', 'Anthony Morrow', 'Russell Westbrook', 'Nick Collison', 'Daequan Cook', 'Jeff Green', 'Kevin Durant', 'James Harden', 'Eric Maynor']",True
Zaza Pachulia,Zaza Pachulia,"['Tyreke Evans', 'Trevor Ariza', 'Zaza Pachulia']",True,"['Vince Carter', 'Wilson Chandler', 'Tyreke Evans', 'Trevor Ariza', 'Zaza Pachulia']",True,"['Thaddeus Young', 'Tyson Chandler', 'Vince Carter', 'Wilson Chandler', 'Tyreke Evans', 'Trevor Ariza', 'Zaza Pachulia']",True,"['Willie Green', 'Joe Johnson', 'Josh Smith', 'Thaddeus Young', 'Tyson Chandler', 'Vince Carter', 'Wilson Chandler', 'Tyreke Evans', 'Trevor Ariza', 'Zaza Pachulia']",True
Carmelo Anthony,Carmelo Anthony,"['J.R. Smith', 'Arron Afflalo', 'Carmelo Anthony']",True,"['Chris Andersen', 'Chauncey Billups', 'J.R. Smith', 'Arron Afflalo', 'Carmelo Anthony']",True,"['Nene Hilario', 'Ty Lawson', 'Chris Andersen', 'Chauncey Billups', 'J.R. Smith', 'Arron Afflalo', 'Carmelo Anthony']",True,"['Danilo Gallinari', 'Anthony Carter', 'Andre Miller', 'Nene Hilario', 'Ty Lawson', 'Chris Andersen', 'Chauncey Billups', 'J.R. Smith', 'Arron Afflalo', 'Carmelo Anthony']",True
Tony Allen,Zach Randolph,"['Marc Gasol', 'Tony Allen', 'Zach Randolph']",True,"['Mike Conley', 'Rudy Gay', 'Marc Gasol', 'Tony Allen', 'Zach Randolph']",True,"['Sam Young', 'O.J. Mayo', 'Mike Conley', 'Rudy Gay', 'Marc Gasol', 'Tony Allen', 'Zach Randolph']",True,"['Mike Miller', 'Shane Battier', 'Vince Carter', 'Sam Young', 'O.J. Mayo', 'Mike Conley', 'Rudy Gay', 'Marc Gasol', 'Tony Allen', 'Zach Randolph']",True
Serge Ibaka,Thabo Sefolosha,"['Russell Westbrook', 'Serge Ibaka', 'Thabo Sefolosha']",True,"['Kevin Durant', 'Nick Collison', 'Russell Westbrook', 'Serge Ibaka', 'Thabo Sefolosha']",True,"['Reggie Jackson', 'Steven Adams', 'Kevin Durant', 'Nick Collison', 'Russell Westbrook', 'Serge Ibaka', 'Thabo Sefolosha']",True,"['Nenad Krstic', 'Jeff Green', 'James Harden', 'Reggie Jackson', 'Steven Adams', 'Kevin Durant', 'Nick Collison', 'Russell Westbrook', 'Serge Ibaka', 'Thabo Sefolosha']",True
Thaddeus Young,Thaddeus Young,"['Willie Green', 'Spencer Hawes', 'Thaddeus Young']",True,"['Lavoy Allen', 'Lou Williams', 'Willie Green', 'Spencer Hawes', 'Thaddeus Young']",True,"['Elton Brand', 'Nikola Vucevic', 'Lavoy Allen', 'Lou Williams', 'Willie Green', 'Spencer Hawes', 'Thaddeus Young']",True,"['Andre Iguodala', 'Samuel Dalembert', 'Jrue Holiday', 'Elton Brand', 'Nikola Vucevic', 'Lavoy Allen', 'Lou Williams', 'Willie Green', 'Spencer Hawes', 'Thaddeus Young']",True
Amar'e Stoudemire,Amar'e Stoudemire,"['Iman Shumpert', 'Carmelo Anthony', ""Amar'e Stoudemire""]",True,"['J.R. Smith', 'Al Harrington', 'Iman Shumpert', 'Carmelo Anthony', ""Amar'e Stoudemire""]",True,"['Landry Fields', 'David Lee', 'J.R. Smith', 'Al Harrington', 'Iman Shumpert', 'Carmelo Anthony', ""Amar'e Stoudemire""]",True,"['Jared Jeffries', 'Chris Duhon', 'Tyson Chandler', 'Landry Fields', 'David Lee', 'J.R. Smith', 'Al Harrington', 'Iman Shumpert', 'Carmelo Anthony', ""Amar'e Stoudemire""]",True
Nolan Smith,Nicolas Batum,"['LaMarcus Aldridge', 'Raymond Felton', 'Nicolas Batum']",False,"['Steve Blake', 'Marcus Camby', 'LaMarcus Aldridge', 'Raymond Felton', 'Nicolas Batum']",False,"['Martell Webster', 'Jamal Crawford', 'Steve Blake', 'Marcus Camby', 'LaMarcus Aldridge', 'Raymond Felton', 'Nicolas Batum']",False,"['Sergio Rodriguez', 'Rudy Fernandez', 'Wesley Matthews', 'Martell Webster', 'Jamal Crawford', 'Steve Blake', 'Marcus Camby', 'LaMarcus Aldridge', 'Raymond Felton', 'Nicolas Batum']",False
Ramon Sessions,Steve Blake,"['Metta World Peace', 'Pau Gasol', 'Steve Blake']",False,"['Matt Barnes', 'Kobe Bryant', 'Metta World Peace', 'Pau Gasol', 'Steve Blake']",False,"['Lamar Odom', 'Sasha Vujacic', 'Matt Barnes', 'Kobe Bryant', 'Metta World Peace', 'Pau Gasol', 'Steve Blake']",False,"['Derek Fisher', 'Shannon Brown', 'Ramon Sessions', 'Lamar Odom', 'Sasha Vujacic', 'Matt Barnes', 'Kobe Bryant', 'Metta World Peace', 'Pau Gasol', 'Steve Blake']",True
Arron Afflalo,Andre Miller,"['Carmelo Anthony', 'Arron Afflalo', 'Andre Miller']",True,"['Nene Hilario', 'Danilo Gallinari', 'Carmelo Anthony', 'Arron Afflalo', 'Andre Miller']",True,"['Kenneth Faried', 'Chris Andersen', 'Nene Hilario', 'Danilo Gallinari', 'Carmelo Anthony', 'Arron Afflalo', 'Andre Miller']",True,"['Ty Lawson', 'J.R. Smith', 'Corey Brewer', 'Kenneth Faried', 'Chris Andersen', 'Nene Hilario', 'Danilo Gallinari', 'Carmelo Anthony', 'Arron Afflalo', 'Andre Miller']",True
Marcin Gortat,Marcin Gortat,"['Markieff Morris', 'Jared Dudley', 'Marcin Gortat']",True,"['Robin Lopez', 'Shannon Brown', 'Markieff Morris', 'Jared Dudley', 'Marcin Gortat']",True,"['Leandro Barbosa', 'Grant Hill', 'Robin Lopez', 'Shannon Brown', 'Markieff Morris', 'Jared Dudley', 'Marcin Gortat']",True,"['Marcus Morris', 'Sebastian Telfair', 'Steve Nash', 'Leandro Barbosa', 'Grant Hill', 'Robin Lopez', 'Shannon Brown', 'Markieff Morris', 'Jared Dudley', 'Marcin Gortat']",True
Jared Dudley,Jared Dudley,"['Marcin Gortat', 'Markieff Morris', 'Jared Dudley']",True,"['Grant Hill', 'Robin Lopez', 'Marcin Gortat', 'Markieff Morris', 'Jared Dudley']",True,"['Michael Redd', 'Leandro Barbosa', 'Grant Hill', 'Robin Lopez', 'Marcin Gortat', 'Markieff Morris', 'Jared Dudley']",True,"['Steve Nash', 'Hakim Warrick', 'Goran Dragic', 'Michael Redd', 'Leandro Barbosa', 'Grant Hill', 'Robin Lopez', 'Marcin Gortat', 'Markieff Morris', 'Jared Dudley']",True
Andre Miller,Andre Miller,"['Arron Afflalo', 'Al Harrington', 'Andre Miller']",True,"['Allen Iverson', 'Carmelo Anthony', 'Arron Afflalo', 'Al Harrington', 'Andre Miller']",True,"['Anthony Carter', 'Ty Lawson', 'Allen Iverson', 'Carmelo Anthony', 'Arron Afflalo', 'Al Harrington', 'Andre Miller']",True,"['Danilo Gallinari', 'Andre Iguodala', 'Nene Hilario', 'Anthony Carter', 'Ty Lawson', 'Allen Iverson', 'Carmelo Anthony', 'Arron Afflalo', 'Al Harrington', 'Andre Miller']",True
Vince Carter,Vince Carter,"['Jason Terry', 'Shawn Marion', 'Vince Carter']",True,"['Tyson Chandler', 'Josh Howard', 'Jason Terry', 'Shawn Marion', 'Vince Carter']",True,"['Lamar Odom', 'Rodrigue Beaubois', 'Tyson Chandler', 'Josh Howard', 'Jason Terry', 'Shawn Marion', 'Vince Carter']",True,"['Jason Kidd', 'Monta Ellis', 'Dirk Nowitzki', 'Lamar Odom', 'Rodrigue Beaubois', 'Tyson Chandler', 'Josh Howard', 'Jason Terry', 'Shawn Marion', 'Vince Carter']",True
Dexter Pittman,Dwyane Wade,"['LeBron James', 'Joel Anthony', 'Dwyane Wade']",False,"['Mario Chalmers', 'James Jones', 'LeBron James', 'Joel Anthony', 'Dwyane Wade']",False,"['Mike Miller', 'Chris Bosh', 'Mario Chalmers', 'James Jones', 'LeBron James', 'Joel Anthony', 'Dwyane Wade']",False,"['Daequan Cook', 'Udonis Haslem', 'Norris Cole', 'Mike Miller', 'Chris Bosh', 'Mario Chalmers', 'James Jones', 'LeBron James', 'Joel Anthony', 'Dwyane Wade']",False
Marcin Gortat,Marcin Gortat,"['Jared Dudley', 'Shannon Brown', 'Marcin Gortat']",True,"['Robin Lopez', 'Markieff Morris', 'Jared Dudley', 'Shannon Brown', 'Marcin Gortat']",True,"['Grant Hill', 'Steve Nash', 'Robin Lopez', 'Markieff Morris', 'Jared Dudley', 'Shannon Brown', 'Marcin Gortat']",True,"['Sebastian Telfair', 'Channing Frye', 'Leandro Barbosa', 'Grant Hill', 'Steve Nash', 'Robin Lopez', 'Markieff Morris', 'Jared Dudley', 'Shannon Brown', 'Marcin Gortat']",True
Brandon Jennings,Brandon Jennings,"['Ersan Ilyasova', 'Carlos Delfino', 'Brandon Jennings']",True,"['Ekpe Udoh', 'Charlie Bell', 'Ersan Ilyasova', 'Carlos Delfino', 'Brandon Jennings']",True,"['Charlie Villanueva', 'Beno Udrih', 'Ekpe Udoh', 'Charlie Bell', 'Ersan Ilyasova', 'Carlos Delfino', 'Brandon Jennings']",True,"['Andrew Bogut', 'Mike Dunleavy', 'Luc Mbah a Moute', 'Charlie Villanueva', 'Beno Udrih', 'Ekpe Udoh', 'Charlie Bell', 'Ersan Ilyasova', 'Carlos Delfino', 'Brandon Jennings']",True
Earl Clark,Dwight Howard,"['Hedo Turkoglu', 'Jameer Nelson', 'Dwight Howard']",False,"['Glen Davis', 'J.J. Redick', 'Hedo Turkoglu', 'Jameer Nelson', 'Dwight Howard']",False,"['Nikola Vucevic', 'Darko Milicic', 'Glen Davis', 'J.J. Redick', 'Hedo Turkoglu', 'Jameer Nelson', 'Dwight Howard']",False,"['Grant Hill', 'Chris Duhon', 'Earl Clark', 'Nikola Vucevic', 'Darko Milicic', 'Glen Davis', 'J.J. Redick', 'Hedo Turkoglu', 'Jameer Nelson', 'Dwight Howard']",True
Brandon Bass,Brandon Bass,"['Rajon Rondo', 'Avery Bradley', 'Brandon Bass']",True,"['Glen Davis', 'Chris Wilcox', 'Rajon Rondo', 'Avery Bradley', 'Brandon Bass']",True,"['Paul Pierce', ""Jermaine O'Neal"", 'Glen Davis', 'Chris Wilcox', 'Rajon Rondo', 'Avery Bradley', 'Brandon Bass']",True,"['Kendrick Perkins', 'Kevin Garnett', 'Eddie House', 'Paul Pierce', ""Jermaine O'Neal"", 'Glen Davis', 'Chris Wilcox', 'Rajon Rondo', 'Avery Bradley', 'Brandon Bass']",True
Jerryd Bayless,Jose Calderon,"['James Johnson', 'Jerryd Bayless', 'Jose Calderon']",True,"['Jamario Moon', 'DeMar DeRozan', 'James Johnson', 'Jerryd Bayless', 'Jose Calderon']",True,"['Andrea Bargnani', 'Leandro Barbosa', 'Jamario Moon', 'DeMar DeRozan', 'James Johnson', 'Jerryd Bayless', 'Jose Calderon']",True,"['Amir Johnson', 'Kyle Lowry', 'Ed Davis', 'Andrea Bargnani', 'Leandro Barbosa', 'Jamario Moon', 'DeMar DeRozan', 'James Johnson', 'Jerryd Bayless', 'Jose Calderon']",True
Cartier Martin,Andray Blatche,"['John Wall', 'Antawn Jamison', 'Andray Blatche']",False,"['Bradley Beal', 'Chris Singleton', 'John Wall', 'Antawn Jamison', 'Andray Blatche']",False,"['Cartier Martin', 'Jan Vesely', 'Bradley Beal', 'Chris Singleton', 'John Wall', 'Antawn Jamison', 'Andray Blatche']",True,"['Kevin Seraphin', 'Brian Cook', 'JaVale McGee', 'Cartier Martin', 'Jan Vesely', 'Bradley Beal', 'Chris Singleton', 'John Wall', 'Antawn Jamison', 'Andray Blatche']",True
JaVale McGee,Andray Blatche,"['John Wall', 'JaVale McGee', 'Andray Blatche']",True,"['Bradley Beal', 'Antawn Jamison', 'John Wall', 'JaVale McGee', 'Andray Blatche']",True,"['Chris Singleton', 'Cartier Martin', 'Bradley Beal', 'Antawn Jamison', 'John Wall', 'JaVale McGee', 'Andray Blatche']",True,"['Andre Miller', 'Jordan Crawford', 'Kevin Seraphin', 'Chris Singleton', 'Cartier Martin', 'Bradley Beal', 'Antawn Jamison', 'John Wall', 'JaVale McGee', 'Andray Blatche']",True
J.R. Smith,Carmelo Anthony,"['Jared Jeffries', 'J.R. Smith', 'Carmelo Anthony']",True,"['Landry Fields', 'Iman Shumpert', 'Jared Jeffries', 'J.R. Smith', 'Carmelo Anthony']",True,"['Jamal Crawford', ""Amar'e Stoudemire"", 'Landry Fields', 'Iman Shumpert', 'Jared Jeffries', 'J.R. Smith', 'Carmelo Anthony']",True,"['Raymond Felton', 'David Lee', 'Tyson Chandler', 'Jamal Crawford', ""Amar'e Stoudemire"", 'Landry Fields', 'Iman Shumpert', 'Jared Jeffries', 'J.R. Smith', 'Carmelo Anthony']",True
E'Twaun Moore,Kevin Garnett,"['Paul Pierce', 'Brandon Bass', 'Kevin Garnett']",False,"['Jeff Green', 'Rajon Rondo', 'Paul Pierce', 'Brandon Bass', 'Kevin Garnett']",False,"['Glen Davis', 'Jared Sullinger', 'Jeff Green', 'Rajon Rondo', 'Paul Pierce', 'Brandon Bass', 'Kevin Garnett']",False,"['Ray Allen', 'Kendrick Perkins', 'Avery Bradley', 'Glen Davis', 'Jared Sullinger', 'Jeff Green', 'Rajon Rondo', 'Paul Pierce', 'Brandon Bass', 'Kevin Garnett']",False
Brandon Jennings,Brandon Jennings,"['Beno Udrih', 'Andrew Bogut', 'Brandon Jennings']",True,"['Brandon Knight', 'Ersan Ilyasova', 'Beno Udrih', 'Andrew Bogut', 'Brandon Jennings']",True,"['Carlos Delfino', 'Charlie Bell', 'Brandon Knight', 'Ersan Ilyasova', 'Beno Udrih', 'Andrew Bogut', 'Brandon Jennings']",True,"['Al Horford', 'Mike Dunleavy', 'Luc Mbah a Moute', 'Carlos Delfino', 'Charlie Bell', 'Brandon Knight', 'Ersan Ilyasova', 'Beno Udrih', 'Andrew Bogut', 'Brandon Jennings']",True
Joel Anthony,Joel Anthony,"['LeBron James', 'Mario Chalmers', 'Joel Anthony']",True,"['Norris Cole', 'Dwyane Wade', 'LeBron James', 'Mario Chalmers', 'Joel Anthony']",True,"['Shane Battier', 'Chris Bosh', 'Norris Cole', 'Dwyane Wade', 'LeBron James', 'Mario Chalmers', 'Joel Anthony']",True,"['James Jones', 'Udonis Haslem', 'Mike Miller', 'Shane Battier', 'Chris Bosh', 'Norris Cole', 'Dwyane Wade', 'LeBron James', 'Mario Chalmers', 'Joel Anthony']",True
Semih Erden,Tristan Thompson,"['Ryan Hollins', 'Samardo Samuels', 'Tristan Thompson']",False,"['LeBron James', 'Zydrunas Ilgauskas', 'Ryan Hollins', 'Samardo Samuels', 'Tristan Thompson']",False,"['Antawn Jamison', 'Ramon Sessions', 'LeBron James', 'Zydrunas Ilgauskas', 'Ryan Hollins', 'Samardo Samuels', 'Tristan Thompson']",False,"['Mo Williams', 'Daniel Gibson', 'Kyrie Irving', 'Antawn Jamison', 'Ramon Sessions', 'LeBron James', 'Zydrunas Ilgauskas', 'Ryan Hollins', 'Samardo Samuels', 'Tristan Thompson']",False
Jan Vesely,John Wall,"['Antawn Jamison', 'Caron Butler', 'John Wall']",False,"['Nick Young', 'JaVale McGee', 'Antawn Jamison', 'Caron Butler', 'John Wall']",False,"['Antonio Daniels', 'Kevin Seraphin', 'Nick Young', 'JaVale McGee', 'Antawn Jamison', 'Caron Butler', 'John Wall']",False,"['DeShawn Stevenson', 'Andray Blatche', 'Jordan Crawford', 'Antonio Daniels', 'Kevin Seraphin', 'Nick Young', 'JaVale McGee', 'Antawn Jamison', 'Caron Butler', 'John Wall']",False
Derrick Rose,Derrick Rose,"['Carlos Boozer', 'Joakim Noah', 'Derrick Rose']",True,"['Luol Deng', 'Kyle Korver', 'Carlos Boozer', 'Joakim Noah', 'Derrick Rose']",True,"['Ben Gordon', 'Jimmy Butler', 'Luol Deng', 'Kyle Korver', 'Carlos Boozer', 'Joakim Noah', 'Derrick Rose']",True,"['Ben Wallace', 'John Lucas III', 'Kirk Hinrich', 'Ben Gordon', 'Jimmy Butler', 'Luol Deng', 'Kyle Korver', 'Carlos Boozer', 'Joakim Noah', 'Derrick Rose']",True
Chris Bosh,Chris Bosh,"['Joel Anthony', 'Dwyane Wade', 'Chris Bosh']",True,"['Chris Andersen', 'LeBron James', 'Joel Anthony', 'Dwyane Wade', 'Chris Bosh']",True,"['Udonis Haslem', 'Mario Chalmers', 'Chris Andersen', 'LeBron James', 'Joel Anthony', 'Dwyane Wade', 'Chris Bosh']",True,"['Shane Battier', 'Carlos Arroyo', 'Norris Cole', 'Udonis Haslem', 'Mario Chalmers', 'Chris Andersen', 'LeBron James', 'Joel Anthony', 'Dwyane Wade', 'Chris Bosh']",True
Kenyon Martin,DeAndre Jordan,"['Chris Paul', 'Blake Griffin', 'DeAndre Jordan']",False,"['Mo Williams', 'Jamal Crawford', 'Chris Paul', 'Blake Griffin', 'DeAndre Jordan']",False,"['Nick Young', 'Kenyon Martin', 'Mo Williams', 'Jamal Crawford', 'Chris Paul', 'Blake Griffin', 'DeAndre Jordan']",True,"['Matt Barnes', 'Reggie Evans', 'Randy Foye', 'Nick Young', 'Kenyon Martin', 'Mo Williams', 'Jamal Crawford', 'Chris Paul', 'Blake Griffin', 'DeAndre Jordan']",True
Matt Bonner,Tim Duncan,"['Manu Ginobili', 'Matt Bonner', 'Tim Duncan']",True,"['Tiago Splitter', 'Patty Mills', 'Manu Ginobili', 'Matt Bonner', 'Tim Duncan']",True,"['Richard Jefferson', 'Michael Finley', 'Tiago Splitter', 'Patty Mills', 'Manu Ginobili', 'Matt Bonner', 'Tim Duncan']",True,"['Kawhi Leonard', 'T.J. Ford', 'Stephen Jackson', 'Richard Jefferson', 'Michael Finley', 'Tiago Splitter', 'Patty Mills', 'Manu Ginobili', 'Matt Bonner', 'Tim Duncan']",True
Jeff Teague,Al Horford,"['Joe Johnson', 'Andre Iguodala', 'Al Horford']",False,"['Dwight Howard', 'Al Jefferson', 'Joe Johnson', 'Andre Iguodala', 'Al Horford']",False,"['Al Harrington', ""Amar'e Stoudemire"", 'Dwight Howard', 'Al Jefferson', 'Joe Johnson', 'Andre Iguodala', 'Al Horford']",False,"['Josh Smith', 'Andrew Bogut', 'Carmelo Anthony', 'Al Harrington', ""Amar'e Stoudemire"", 'Dwight Howard', 'Al Jefferson', 'Joe Johnson', 'Andre Iguodala', 'Al Horford']",False
Jerry Stackhouse,Joe Johnson,"['Jamal Crawford', 'Josh Smith', 'Joe Johnson']",False,"['Dwight Howard', 'Marvin Williams', 'Jamal Crawford', 'Josh Smith', 'Joe Johnson']",False,"['Deron Williams', 'Monta Ellis', 'Dwight Howard', 'Marvin Williams', 'Jamal Crawford', 'Josh Smith', 'Joe Johnson']",False,"['Chris Paul', 'J.R. Smith', 'Carmelo Anthony', 'Deron Williams', 'Monta Ellis', 'Dwight Howard', 'Marvin Williams', 'Jamal Crawford', 'Josh Smith', 'Joe Johnson']",False
Shelvin Mack,John Wall,"['Kevin Seraphin', 'Nick Young', 'John Wall']",False,"['Jordan Crawford', 'Caron Butler', 'Kevin Seraphin', 'Nick Young', 'John Wall']",False,"['Antawn Jamison', 'DeShawn Stevenson', 'Jordan Crawford', 'Caron Butler', 'Kevin Seraphin', 'Nick Young', 'John Wall']",False,"['Andray Blatche', 'Gilbert Arenas', 'JaVale McGee', 'Antawn Jamison', 'DeShawn Stevenson', 'Jordan Crawford', 'Caron Butler', 'Kevin Seraphin', 'Nick Young', 'John Wall']",False
Drew Gooden,Ersan Ilyasova,"['Luc Mbah a Moute', 'Carlos Delfino', 'Ersan Ilyasova']",False,"['Drew Gooden', 'Brandon Jennings', 'Luc Mbah a Moute', 'Carlos Delfino', 'Ersan Ilyasova']",True,"['Ekpe Udoh', 'Mike Dunleavy', 'Drew Gooden', 'Brandon Jennings', 'Luc Mbah a Moute', 'Carlos Delfino', 'Ersan Ilyasova']",True,"['Joe Johnson', 'Monta Ellis', 'Larry Sanders', 'Ekpe Udoh', 'Mike Dunleavy', 'Drew Gooden', 'Brandon Jennings', 'Luc Mbah a Moute', 'Carlos Delfino', 'Ersan Ilyasova']",True
Raymond Felton,Raymond Felton,"['LaMarcus Aldridge', 'Nicolas Batum', 'Raymond Felton']",True,"['Wesley Matthews', 'Marcus Camby', 'LaMarcus Aldridge', 'Nicolas Batum', 'Raymond Felton']",True,"['Gerald Wallace', 'Steve Blake', 'Wesley Matthews', 'Marcus Camby', 'LaMarcus Aldridge', 'Nicolas Batum', 'Raymond Felton']",True,"['Martell Webster', 'Jamal Crawford', 'Rudy Fernandez', 'Gerald Wallace', 'Steve Blake', 'Wesley Matthews', 'Marcus Camby', 'LaMarcus Aldridge', 'Nicolas Batum', 'Raymond Felton']",True
Jared Dudley,Jared Dudley,"['Markieff Morris', 'Grant Hill', 'Jared Dudley']",True,"['Josh Childress', 'Marcin Gortat', 'Markieff Morris', 'Grant Hill', 'Jared Dudley']",True,"['Channing Frye', 'Goran Dragic', 'Josh Childress', 'Marcin Gortat', 'Markieff Morris', 'Grant Hill', 'Jared Dudley']",True,"['Steve Nash', 'Boris Diaw', 'Leandro Barbosa', 'Channing Frye', 'Goran Dragic', 'Josh Childress', 'Marcin Gortat', 'Markieff Morris', 'Grant Hill', 'Jared Dudley']",True
Quincy Pondexter,O.J. Mayo,"['Tony Allen', 'Rudy Gay', 'O.J. Mayo']",False,"['Quincy Pondexter', 'Mike Conley', 'Tony Allen', 'Rudy Gay', 'O.J. Mayo']",True,"['Mike Miller', 'Marc Gasol', 'Quincy Pondexter', 'Mike Conley', 'Tony Allen', 'Rudy Gay', 'O.J. Mayo']",True,"['Zach Randolph', 'Tayshaun Prince', 'Marreese Speights', 'Mike Miller', 'Marc Gasol', 'Quincy Pondexter', 'Mike Conley', 'Tony Allen', 'Rudy Gay', 'O.J. Mayo']",True
Nikola Vucevic,Thaddeus Young,"['Willie Green', 'Spencer Hawes', 'Thaddeus Young']",False,"['Lavoy Allen', 'Nikola Vucevic', 'Willie Green', 'Spencer Hawes', 'Thaddeus Young']",True,"['Jrue Holiday', 'Lou Williams', 'Lavoy Allen', 'Nikola Vucevic', 'Willie Green', 'Spencer Hawes', 'Thaddeus Young']",True,"['Samuel Dalembert', 'Elton Brand', 'Tony Battie', 'Jrue Holiday', 'Lou Williams', 'Lavoy Allen', 'Nikola Vucevic', 'Willie Green', 'Spencer Hawes', 'Thaddeus Young']",True
Eric Bledsoe,Chris Paul,"['DeAndre Jordan', 'Blake Griffin', 'Chris Paul']",False,"['Eric Bledsoe', 'Jamal Crawford', 'DeAndre Jordan', 'Blake Griffin', 'Chris Paul']",True,"['Chris Kaman', 'Eric Gordon', 'Eric Bledsoe', 'Jamal Crawford', 'DeAndre Jordan', 'Blake Griffin', 'Chris Paul']",True,"['Corey Maggette', 'Caron Butler', 'Cuttino Mobley', 'Chris Kaman', 'Eric Gordon', 'Eric Bledsoe', 'Jamal Crawford', 'DeAndre Jordan', 'Blake Griffin', 'Chris Paul']",True
Andrea Bargnani,DeMar DeRozan,"['Ed Davis', 'Andrea Bargnani', 'DeMar DeRozan']",True,"['Jose Calderon', 'Chris Bosh', 'Ed Davis', 'Andrea Bargnani', 'DeMar DeRozan']",True,"['Jonas Valanciunas', 'Amir Johnson', 'Jose Calderon', 'Chris Bosh', 'Ed Davis', 'Andrea Bargnani', 'DeMar DeRozan']",True,"['Ben Uzoh', 'James Johnson', 'Anthony Parker', 'Jonas Valanciunas', 'Amir Johnson', 'Jose Calderon', 'Chris Bosh', 'Ed Davis', 'Andrea Bargnani', 'DeMar DeRozan']",True
James Harden,James Harden,"['Kevin Durant', 'Daequan Cook', 'James Harden']",True,"['Derek Fisher', 'Nick Collison', 'Kevin Durant', 'Daequan Cook', 'James Harden']",True,"['Russell Westbrook', 'Kendrick Perkins', 'Derek Fisher', 'Nick Collison', 'Kevin Durant', 'Daequan Cook', 'James Harden']",True,"['Anthony Morrow', 'Jeff Green', 'Eric Maynor', 'Russell Westbrook', 'Kendrick Perkins', 'Derek Fisher', 'Nick Collison', 'Kevin Durant', 'Daequan Cook', 'James Harden']",True
James Johnson,Jose Calderon,"['DeMar DeRozan', 'James Johnson', 'Jose Calderon']",True,"['Rasho Nesterovic', 'Ed Davis', 'DeMar DeRozan', 'James Johnson', 'Jose Calderon']",True,"['Andrea Bargnani', 'Leandro Barbosa', 'Rasho Nesterovic', 'Ed Davis', 'DeMar DeRozan', 'James Johnson', 'Jose Calderon']",True,"['Gary Forbes', 'Amir Johnson', 'Jerryd Bayless', 'Andrea Bargnani', 'Leandro Barbosa', 'Rasho Nesterovic', 'Ed Davis', 'DeMar DeRozan', 'James Johnson', 'Jose Calderon']",True
Chuck Hayes,DeMarcus Cousins,"['Beno Udrih', 'Chuck Hayes', 'DeMarcus Cousins']",True,"['Jason Thompson', 'Ben McLemore', 'Beno Udrih', 'Chuck Hayes', 'DeMarcus Cousins']",True,"['Isaiah Thomas', 'Francisco Garcia', 'Jason Thompson', 'Ben McLemore', 'Beno Udrih', 'Chuck Hayes', 'DeMarcus Cousins']",True,"['Donte Greene', 'Andres Nocioni', 'Aaron Brooks', 'Isaiah Thomas', 'Francisco Garcia', 'Jason Thompson', 'Ben McLemore', 'Beno Udrih', 'Chuck Hayes', 'DeMarcus Cousins']",True
Ish Smith,Monta Ellis,"['David Lee', 'Dorell Wright', 'Monta Ellis']",False,"['Klay Thompson', 'Stephen Curry', 'David Lee', 'Dorell Wright', 'Monta Ellis']",False,"['Harrison Barnes', 'Baron Davis', 'Klay Thompson', 'Stephen Curry', 'David Lee', 'Dorell Wright', 'Monta Ellis']",False,"['Matt Barnes', 'Ekpe Udoh', 'Andris Biedrins', 'Harrison Barnes', 'Baron Davis', 'Klay Thompson', 'Stephen Curry', 'David Lee', 'Dorell Wright', 'Monta Ellis']",False
Lance Stephenson,George Hill,"['David West', 'Lance Stephenson', 'George Hill']",True,"['Paul George', 'Roy Hibbert', 'David West', 'Lance Stephenson', 'George Hill']",True,"['Danny Granger', 'Jeff Foster', 'Paul George', 'Roy Hibbert', 'David West', 'Lance Stephenson', 'George Hill']",True,"['Ian Mahinmi', 'A.J. Price', 'Mike Dunleavy', 'Danny Granger', 'Jeff Foster', 'Paul George', 'Roy Hibbert', 'David West', 'Lance Stephenson', 'George Hill']",True
Amir Johnson,DeMar DeRozan,"['Chris Bosh', 'Andrea Bargnani', 'DeMar DeRozan']",False,"['Ed Davis', 'Amir Johnson', 'Chris Bosh', 'Andrea Bargnani', 'DeMar DeRozan']",True,"['Jose Calderon', 'Anthony Parker', 'Ed Davis', 'Amir Johnson', 'Chris Bosh', 'Andrea Bargnani', 'DeMar DeRozan']",True,"['Alan Anderson', 'James Johnson', 'Jerryd Bayless', 'Jose Calderon', 'Anthony Parker', 'Ed Davis', 'Amir Johnson', 'Chris Bosh', 'Andrea Bargnani', 'DeMar DeRozan']",True
Mike Bibby,Landry Fields,"['Jared Jeffries', 'Steve Novak', 'Landry Fields']",False,"['Carmelo Anthony', 'Toney Douglas', 'Jared Jeffries', 'Steve Novak', 'Landry Fields']",False,"['Iman Shumpert', 'J.R. Smith', 'Carmelo Anthony', 'Toney Douglas', 'Jared Jeffries', 'Steve Novak', 'Landry Fields']",False,"['Nate Robinson', 'Jamal Crawford', 'David Lee', 'Iman Shumpert', 'J.R. Smith', 'Carmelo Anthony', 'Toney Douglas', 'Jared Jeffries', 'Steve Novak', 'Landry Fields']",False
Paul Pierce,Paul Pierce,"['Rajon Rondo', 'Kevin Garnett', 'Paul Pierce']",True,"['Keyon Dooling', 'Jeff Green', 'Rajon Rondo', 'Kevin Garnett', 'Paul Pierce']",True,"['Brandon Bass', 'Mickael Pietrus', 'Keyon Dooling', 'Jeff Green', 'Rajon Rondo', 'Kevin Garnett', 'Paul Pierce']",True,"['Greg Stiemsma', 'Marquis Daniels', ""Jermaine O'Neal"", 'Brandon Bass', 'Mickael Pietrus', 'Keyon Dooling', 'Jeff Green', 'Rajon Rondo', 'Kevin Garnett', 'Paul Pierce']",True
Carlos Boozer,Carlos Boozer,"['Ben Gordon', 'C.J. Watson', 'Carlos Boozer']",True,"['Andres Nocioni', 'Derrick Rose', 'Ben Gordon', 'C.J. Watson', 'Carlos Boozer']",True,"['Luol Deng', 'Joakim Noah', 'Andres Nocioni', 'Derrick Rose', 'Ben Gordon', 'C.J. Watson', 'Carlos Boozer']",True,"['Kirk Hinrich', 'Brad Miller', 'Jimmy Butler', 'Luol Deng', 'Joakim Noah', 'Andres Nocioni', 'Derrick Rose', 'Ben Gordon', 'C.J. Watson', 'Carlos Boozer']",True
Anthony Parker,Daniel Gibson,"['Antawn Jamison', 'Kyrie Irving', 'Daniel Gibson']",False,"['Anthony Parker', 'LeBron James', 'Antawn Jamison', 'Kyrie Irving', 'Daniel Gibson']",True,"['Ramon Sessions', 'Anderson Varejao', 'Anthony Parker', 'LeBron James', 'Antawn Jamison', 'Kyrie Irving', 'Daniel Gibson']",True,"['J.J. Hickson', 'Alonzo Gee', 'Tristan Thompson', 'Ramon Sessions', 'Anderson Varejao', 'Anthony Parker', 'LeBron James', 'Antawn Jamison', 'Kyrie Irving', 'Daniel Gibson']",True
Amir Johnson,DeMar DeRozan,"['Andrea Bargnani', 'Ed Davis', 'DeMar DeRozan']",False,"['Chris Bosh', 'Anthony Parker', 'Andrea Bargnani', 'Ed Davis', 'DeMar DeRozan']",False,"['Jose Calderon', 'Linas Kleiza', 'Chris Bosh', 'Anthony Parker', 'Andrea Bargnani', 'Ed Davis', 'DeMar DeRozan']",False,"['Jamaal Magloire', 'Ben Uzoh', 'Amir Johnson', 'Jose Calderon', 'Linas Kleiza', 'Chris Bosh', 'Anthony Parker', 'Andrea Bargnani', 'Ed Davis', 'DeMar DeRozan']",True
Tyson Chandler,Tyson Chandler,"['Steve Novak', 'Wilson Chandler', 'Tyson Chandler']",True,"['Carmelo Anthony', 'Toney Douglas', 'Steve Novak', 'Wilson Chandler', 'Tyson Chandler']",True,"['J.R. Smith', 'Jared Jeffries', 'Carmelo Anthony', 'Toney Douglas', 'Steve Novak', 'Wilson Chandler', 'Tyson Chandler']",True,"['Raymond Felton', ""Amar'e Stoudemire"", 'Landry Fields', 'J.R. Smith', 'Jared Jeffries', 'Carmelo Anthony', 'Toney Douglas', 'Steve Novak', 'Wilson Chandler', 'Tyson Chandler']",True
Jon Leuer,Monta Ellis,"['Shaun Livingston', 'Mike Dunleavy', 'Monta Ellis']",False,"['Ersan Ilyasova', 'Jon Leuer', 'Shaun Livingston', 'Mike Dunleavy', 'Monta Ellis']",True,"['Zaza Pachulia', 'Luc Mbah a Moute', 'Ersan Ilyasova', 'Jon Leuer', 'Shaun Livingston', 'Mike Dunleavy', 'Monta Ellis']",True,"['Brandon Jennings', 'Tobias Harris', 'Mo Williams', 'Zaza Pachulia', 'Luc Mbah a Moute', 'Ersan Ilyasova', 'Jon Leuer', 'Shaun Livingston', 'Mike Dunleavy', 'Monta Ellis']",True
Chris Bosh,Chris Bosh,"['LeBron James', 'Dwyane Wade', 'Chris Bosh']",True,"['Joel Anthony', 'James Jones', 'LeBron James', 'Dwyane Wade', 'Chris Bosh']",True,"['Shane Battier', 'Mario Chalmers', 'Joel Anthony', 'James Jones', 'LeBron James', 'Dwyane Wade', 'Chris Bosh']",True,"['Norris Cole', 'Udonis Haslem', 'Chris Andersen', 'Shane Battier', 'Mario Chalmers', 'Joel Anthony', 'James Jones', 'LeBron James', 'Dwyane Wade', 'Chris Bosh']",True
Rodney Stuckey,Rodney Stuckey,"['Tayshaun Prince', 'Jonas Jerebko', 'Rodney Stuckey']",True,"['Richard Hamilton', 'Jason Maxiell', 'Tayshaun Prince', 'Jonas Jerebko', 'Rodney Stuckey']",True,"['Rasheed Wallace', 'Greg Monroe', 'Richard Hamilton', 'Jason Maxiell', 'Tayshaun Prince', 'Jonas Jerebko', 'Rodney Stuckey']",True,"['Ronald Murray', 'Damien Wilkins', 'Ben Gordon', 'Rasheed Wallace', 'Greg Monroe', 'Richard Hamilton', 'Jason Maxiell', 'Tayshaun Prince', 'Jonas Jerebko', 'Rodney Stuckey']",True
Joakim Noah,Joakim Noah,"['Kirk Hinrich', 'Luol Deng', 'Joakim Noah']",True,"['Derrick Rose', 'Kyle Korver', 'Kirk Hinrich', 'Luol Deng', 'Joakim Noah']",True,"['Chris Duhon', 'Carlos Boozer', 'Derrick Rose', 'Kyle Korver', 'Kirk Hinrich', 'Luol Deng', 'Joakim Noah']",True,"['Jimmy Butler', 'Ben Wallace', 'Mike James', 'Chris Duhon', 'Carlos Boozer', 'Derrick Rose', 'Kyle Korver', 'Kirk Hinrich', 'Luol Deng', 'Joakim Noah']",True
Shane Battier,Shane Battier,"['Norris Cole', 'Mario Chalmers', 'Shane Battier']",True,"['Mike Miller', 'LeBron James', 'Norris Cole', 'Mario Chalmers', 'Shane Battier']",True,"['Chris Bosh', 'Udonis Haslem', 'Mike Miller', 'LeBron James', 'Norris Cole', 'Mario Chalmers', 'Shane Battier']",True,"['Ray Allen', 'Michael Beasley', 'Dwyane Wade', 'Chris Bosh', 'Udonis Haslem', 'Mike Miller', 'LeBron James', 'Norris Cole', 'Mario Chalmers', 'Shane Battier']",True
DeJuan Blair,Danny Green,"['Boris Diaw', 'DeJuan Blair', 'Danny Green']",True,"['Bruce Bowen', 'Gary Neal', 'Boris Diaw', 'DeJuan Blair', 'Danny Green']",True,"['Manu Ginobili', 'Tim Duncan', 'Bruce Bowen', 'Gary Neal', 'Boris Diaw', 'DeJuan Blair', 'Danny Green']",True,"['Matt Bonner', 'Antonio McDyess', 'Kawhi Leonard', 'Manu Ginobili', 'Tim Duncan', 'Bruce Bowen', 'Gary Neal', 'Boris Diaw', 'DeJuan Blair', 'Danny Green']",True
Lavoy Allen,Jrue Holiday,"['Jodie Meeks', 'Lou Williams', 'Jrue Holiday']",False,"['Lavoy Allen', 'Evan Turner', 'Jodie Meeks', 'Lou Williams', 'Jrue Holiday']",True,"['Thaddeus Young', 'Elton Brand', 'Lavoy Allen', 'Evan Turner', 'Jodie Meeks', 'Lou Williams', 'Jrue Holiday']",True,"['Spencer Hawes', 'Samuel Dalembert', 'Andre Iguodala', 'Thaddeus Young', 'Elton Brand', 'Lavoy Allen', 'Evan Turner', 'Jodie Meeks', 'Lou Williams', 'Jrue Holiday']",True
Patrick Patterson,Patrick Patterson,"['Trevor Ariza', 'Samuel Dalembert', 'Patrick Patterson']",True,"['Shane Battier', 'Luis Scola', 'Trevor Ariza', 'Samuel Dalembert', 'Patrick Patterson']",True,"['Kyle Lowry', 'Yao Ming', 'Shane Battier', 'Luis Scola', 'Trevor Ariza', 'Samuel Dalembert', 'Patrick Patterson']",True,"['Kevin Martin', 'Terrence Jones', 'Tracy McGrady', 'Kyle Lowry', 'Yao Ming', 'Shane Battier', 'Luis Scola', 'Trevor Ariza', 'Samuel Dalembert', 'Patrick Patterson']",True
Andris Biedrins,Andris Biedrins,"['Brandon Rush', 'David Lee', 'Andris Biedrins']",True,"['Monta Ellis', 'Al Harrington', 'Brandon Rush', 'David Lee', 'Andris Biedrins']",True,"['Andre Iguodala', 'Anthony Morrow', 'Monta Ellis', 'Al Harrington', 'Brandon Rush', 'David Lee', 'Andris Biedrins']",True,"['Klay Thompson', 'Baron Davis', 'Stephen Curry', 'Andre Iguodala', 'Anthony Morrow', 'Monta Ellis', 'Al Harrington', 'Brandon Rush', 'David Lee', 'Andris Biedrins']",True
James Harden,James Harden,"['Kendrick Perkins', 'Daequan Cook', 'James Harden']",True,"['Derek Fisher', 'Kevin Durant', 'Kendrick Perkins', 'Daequan Cook', 'James Harden']",True,"['Eric Maynor', 'Russell Westbrook', 'Derek Fisher', 'Kevin Durant', 'Kendrick Perkins', 'Daequan Cook', 'James Harden']",True,"['Serge Ibaka', 'Nick Collison', 'Jeff Green', 'Eric Maynor', 'Russell Westbrook', 'Derek Fisher', 'Kevin Durant', 'Kendrick Perkins', 'Daequan Cook', 'James Harden']",True
Nikola Pekovic,Kevin Love,"['Luke Ridnour', 'Nikola Pekovic', 'Kevin Love']",True,"['Randy Foye', 'Ricky Rubio', 'Luke Ridnour', 'Nikola Pekovic', 'Kevin Love']",True,"['J.J. Barea', 'Michael Beasley', 'Randy Foye', 'Ricky Rubio', 'Luke Ridnour', 'Nikola Pekovic', 'Kevin Love']",True,"['Josh Smith', 'Corey Brewer', 'Ryan Gomes', 'J.J. Barea', 'Michael Beasley', 'Randy Foye', 'Ricky Rubio', 'Luke Ridnour', 'Nikola Pekovic', 'Kevin Love']",True
Paul Millsap,Paul Millsap,"['Enes Kanter', 'Gordon Hayward', 'Paul Millsap']",True,"['Derrick Favors', 'Earl Watson', 'Enes Kanter', 'Gordon Hayward', 'Paul Millsap']",True,"['Deron Williams', 'Mehmet Okur', 'Derrick Favors', 'Earl Watson', 'Enes Kanter', 'Gordon Hayward', 'Paul Millsap']",True,"['Devin Harris', 'Matt Harpring', 'Josh Howard', 'Deron Williams', 'Mehmet Okur', 'Derrick Favors', 'Earl Watson', 'Enes Kanter', 'Gordon Hayward', 'Paul Millsap']",True
Blake Griffin,Blake Griffin,"['Al Thornton', 'Bobby Simmons', 'Blake Griffin']",True,"['Chris Paul', 'Chris Kaman', 'Al Thornton', 'Bobby Simmons', 'Blake Griffin']",True,"['DeAndre Jordan', 'Baron Davis', 'Chris Paul', 'Chris Kaman', 'Al Thornton', 'Bobby Simmons', 'Blake Griffin']",True,"['Jamal Crawford', 'Corey Maggette', 'Eric Bledsoe', 'DeAndre Jordan', 'Baron Davis', 'Chris Paul', 'Chris Kaman', 'Al Thornton', 'Bobby Simmons', 'Blake Griffin']",True
Jared Dudley,Channing Frye,"['Jared Dudley', ""Amar'e Stoudemire"", 'Channing Frye']",True,"['Goran Dragic', 'Hakim Warrick', 'Jared Dudley', ""Amar'e Stoudemire"", 'Channing Frye']",True,"['Boris Diaw', 'Grant Hill', 'Goran Dragic', 'Hakim Warrick', 'Jared Dudley', ""Amar'e Stoudemire"", 'Channing Frye']",True,"['Marcin Gortat', 'Steve Nash', 'Markieff Morris', 'Boris Diaw', 'Grant Hill', 'Goran Dragic', 'Hakim Warrick', 'Jared Dudley', ""Amar'e Stoudemire"", 'Channing Frye']",True
Justin Dentmon,Ed Davis,"['DeMar DeRozan', 'Jose Calderon', 'Ed Davis']",False,"['Gary Forbes', 'James Johnson', 'DeMar DeRozan', 'Jose Calderon', 'Ed Davis']",False,"['Linas Kleiza', 'Leandro Barbosa', 'Gary Forbes', 'James Johnson', 'DeMar DeRozan', 'Jose Calderon', 'Ed Davis']",False,"['Jorge Garbajosa', 'Chris Bosh', 'Juan Dixon', 'Linas Kleiza', 'Leandro Barbosa', 'Gary Forbes', 'James Johnson', 'DeMar DeRozan', 'Jose Calderon', 'Ed Davis']",False
Baron Davis,Amar'e Stoudemire,"['Iman Shumpert', 'Carmelo Anthony', ""Amar'e Stoudemire""]",False,"['Al Harrington', 'J.R. Smith', 'Iman Shumpert', 'Carmelo Anthony', ""Amar'e Stoudemire""]",False,"['Tyson Chandler', 'David Lee', 'Al Harrington', 'J.R. Smith', 'Iman Shumpert', 'Carmelo Anthony', ""Amar'e Stoudemire""]",False,"['Jared Jeffries', 'Landry Fields', 'Chris Duhon', 'Tyson Chandler', 'David Lee', 'Al Harrington', 'J.R. Smith', 'Iman Shumpert', 'Carmelo Anthony', ""Amar'e Stoudemire""]",False
David West,David West,"['Paul George', 'George Hill', 'David West']",True,"['Roy Hibbert', 'Lance Stephenson', 'Paul George', 'George Hill', 'David West']",True,"['Jeff Foster', 'Danny Granger', 'Roy Hibbert', 'Lance Stephenson', 'Paul George', 'George Hill', 'David West']",True,"['Ian Mahinmi', 'Leandro Barbosa', 'Darren Collison', 'Jeff Foster', 'Danny Granger', 'Roy Hibbert', 'Lance Stephenson', 'Paul George', 'George Hill', 'David West']",True
Steve Novak,Steve Novak,"['J.R. Smith', 'Landry Fields', 'Steve Novak']",True,"['Carmelo Anthony', 'Toney Douglas', 'J.R. Smith', 'Landry Fields', 'Steve Novak']",True,"[""Amar'e Stoudemire"", 'Jared Jeffries', 'Carmelo Anthony', 'Toney Douglas', 'J.R. Smith', 'Landry Fields', 'Steve Novak']",True,"['David Lee', 'Raymond Felton', 'Iman Shumpert', ""Amar'e Stoudemire"", 'Jared Jeffries', 'Carmelo Anthony', 'Toney Douglas', 'J.R. Smith', 'Landry Fields', 'Steve Novak']",True
Carmelo Anthony,Amar'e Stoudemire,"['Al Harrington', 'Carmelo Anthony', ""Amar'e Stoudemire""]",True,"['J.R. Smith', 'Iman Shumpert', 'Al Harrington', 'Carmelo Anthony', ""Amar'e Stoudemire""]",True,"['Chris Duhon', 'Baron Davis', 'J.R. Smith', 'Iman Shumpert', 'Al Harrington', 'Carmelo Anthony', ""Amar'e Stoudemire""]",True,"['Tyson Chandler', 'Henry Walker', 'David Lee', 'Chris Duhon', 'Baron Davis', 'J.R. Smith', 'Iman Shumpert', 'Al Harrington', 'Carmelo Anthony', ""Amar'e Stoudemire""]",True
Lamar Odom,Jason Terry,"['Rodrigue Beaubois', 'Shawn Marion', 'Jason Terry']",False,"['Jason Kidd', 'Dirk Nowitzki', 'Rodrigue Beaubois', 'Shawn Marion', 'Jason Terry']",False,"['J.J. Barea', 'Lamar Odom', 'Jason Kidd', 'Dirk Nowitzki', 'Rodrigue Beaubois', 'Shawn Marion', 'Jason Terry']",True,"['Jerry Stackhouse', 'Monta Ellis', 'Vince Carter', 'J.J. Barea', 'Lamar Odom', 'Jason Kidd', 'Dirk Nowitzki', 'Rodrigue Beaubois', 'Shawn Marion', 'Jason Terry']",True
Jared Jeffries,J.R. Smith,"['Jared Jeffries', 'Carmelo Anthony', 'J.R. Smith']",True,"['Landry Fields', 'Iman Shumpert', 'Jared Jeffries', 'Carmelo Anthony', 'J.R. Smith']",True,"[""Amar'e Stoudemire"", 'Tyson Chandler', 'Landry Fields', 'Iman Shumpert', 'Jared Jeffries', 'Carmelo Anthony', 'J.R. Smith']",True,"['Jeremy Lin', 'Raymond Felton', 'David Lee', ""Amar'e Stoudemire"", 'Tyson Chandler', 'Landry Fields', 'Iman Shumpert', 'Jared Jeffries', 'Carmelo Anthony', 'J.R. Smith']",True
Brian Cook,Blake Griffin,"['DeAndre Jordan', 'Chris Paul', 'Blake Griffin']",False,"['Chris Kaman', 'Al Thornton', 'DeAndre Jordan', 'Chris Paul', 'Blake Griffin']",False,"['Eric Bledsoe', 'Jamal Crawford', 'Chris Kaman', 'Al Thornton', 'DeAndre Jordan', 'Chris Paul', 'Blake Griffin']",False,"['Matt Barnes', 'Brian Cook', 'Baron Davis', 'Eric Bledsoe', 'Jamal Crawford', 'Chris Kaman', 'Al Thornton', 'DeAndre Jordan', 'Chris Paul', 'Blake Griffin']",True
Andrea Bargnani,Amir Johnson,"['DeMar DeRozan', 'Andrea Bargnani', 'Amir Johnson']",True,"['Anthony Parker', 'Ed Davis', 'DeMar DeRozan', 'Andrea Bargnani', 'Amir Johnson']",True,"['Aaron Gray', 'Alan Anderson', 'Anthony Parker', 'Ed Davis', 'DeMar DeRozan', 'Andrea Bargnani', 'Amir Johnson']",True,"['Jose Calderon', 'James Johnson', 'Chris Bosh', 'Aaron Gray', 'Alan Anderson', 'Anthony Parker', 'Ed Davis', 'DeMar DeRozan', 'Andrea Bargnani', 'Amir Johnson']",True
LeBron James,Dwyane Wade,"['Joel Anthony', 'LeBron James', 'Dwyane Wade']",True,"['Mario Chalmers', 'James Jones', 'Joel Anthony', 'LeBron James', 'Dwyane Wade']",True,"['Chris Bosh', 'Mike Miller', 'Mario Chalmers', 'James Jones', 'Joel Anthony', 'LeBron James', 'Dwyane Wade']",True,"['Udonis Haslem', 'Daequan Cook', 'Norris Cole', 'Chris Bosh', 'Mike Miller', 'Mario Chalmers', 'James Jones', 'Joel Anthony', 'LeBron James', 'Dwyane Wade']",True
Randy Foye,DeAndre Jordan,"['Randy Foye', 'Matt Barnes', 'DeAndre Jordan']",True,"['Jamal Crawford', 'Reggie Evans', 'Randy Foye', 'Matt Barnes', 'DeAndre Jordan']",True,"['Jared Dudley', 'Blake Griffin', 'Jamal Crawford', 'Reggie Evans', 'Randy Foye', 'Matt Barnes', 'DeAndre Jordan']",True,"['Willie Green', 'Ryan Gomes', 'Mo Williams', 'Jared Dudley', 'Blake Griffin', 'Jamal Crawford', 'Reggie Evans', 'Randy Foye', 'Matt Barnes', 'DeAndre Jordan']",True
Serge Ibaka,Serge Ibaka,"['Russell Westbrook', 'Thabo Sefolosha', 'Serge Ibaka']",True,"['Kevin Durant', 'Nick Collison', 'Russell Westbrook', 'Thabo Sefolosha', 'Serge Ibaka']",True,"['Reggie Jackson', 'Steven Adams', 'Kevin Durant', 'Nick Collison', 'Russell Westbrook', 'Thabo Sefolosha', 'Serge Ibaka']",True,"['Royal Ivey', 'James Harden', 'Kendrick Perkins', 'Reggie Jackson', 'Steven Adams', 'Kevin Durant', 'Nick Collison', 'Russell Westbrook', 'Thabo Sefolosha', 'Serge Ibaka']",True
Andrea Bargnani,Amir Johnson,"['DeMar DeRozan', 'Andrea Bargnani', 'Amir Johnson']",True,"['Chris Bosh', 'Anthony Parker', 'DeMar DeRozan', 'Andrea Bargnani', 'Amir Johnson']",True,"['Ed Davis', 'Aaron Gray', 'Chris Bosh', 'Anthony Parker', 'DeMar DeRozan', 'Andrea Bargnani', 'Amir Johnson']",True,"['James Johnson', 'Alan Anderson', 'Jose Calderon', 'Ed Davis', 'Aaron Gray', 'Chris Bosh', 'Anthony Parker', 'DeMar DeRozan', 'Andrea Bargnani', 'Amir Johnson']",True
Ed Davis,DeMar DeRozan,"['Andrea Bargnani', 'Ed Davis', 'DeMar DeRozan']",True,"['Jose Calderon', 'Chris Bosh', 'Andrea Bargnani', 'Ed Davis', 'DeMar DeRozan']",True,"['Anthony Parker', 'Gary Forbes', 'Jose Calderon', 'Chris Bosh', 'Andrea Bargnani', 'Ed Davis', 'DeMar DeRozan']",True,"['Leandro Barbosa', 'James Johnson', 'Amir Johnson', 'Anthony Parker', 'Gary Forbes', 'Jose Calderon', 'Chris Bosh', 'Andrea Bargnani', 'Ed Davis', 'DeMar DeRozan']",True
Thaddeus Young,Thaddeus Young,"['Willie Green', 'Spencer Hawes', 'Thaddeus Young']",True,"['Andre Iguodala', 'Lou Williams', 'Willie Green', 'Spencer Hawes', 'Thaddeus Young']",True,"['Jrue Holiday', 'Lavoy Allen', 'Andre Iguodala', 'Lou Williams', 'Willie Green', 'Spencer Hawes', 'Thaddeus Young']",True,"['Elton Brand', 'Evan Turner', 'Samuel Dalembert', 'Jrue Holiday', 'Lavoy Allen', 'Andre Iguodala', 'Lou Williams', 'Willie Green', 'Spencer Hawes', 'Thaddeus Young']",True
Chris Duhon,Dwight Howard,"['Darko Milicic', 'Chris Duhon', 'Dwight Howard']",True,"['Carlos Arroyo', 'Jameer Nelson', 'Darko Milicic', 'Chris Duhon', 'Dwight Howard']",True,"['J.J. Redick', 'Brandon Bass', 'Carlos Arroyo', 'Jameer Nelson', 'Darko Milicic', 'Chris Duhon', 'Dwight Howard']",True,"['Hedo Turkoglu', 'Glen Davis', 'Arron Afflalo', 'J.J. Redick', 'Brandon Bass', 'Carlos Arroyo', 'Jameer Nelson', 'Darko Milicic', 'Chris Duhon', 'Dwight Howard']",True
Hamed Haddadi,Marc Gasol,"['Hakim Warrick', 'Mike Conley', 'Marc Gasol']",False,"['Hamed Haddadi', 'O.J. Mayo', 'Hakim Warrick', 'Mike Conley', 'Marc Gasol']",True,"['Rudy Gay', 'Marreese Speights', 'Hamed Haddadi', 'O.J. Mayo', 'Hakim Warrick', 'Mike Conley', 'Marc Gasol']",True,"['Damon Stoudamire', 'Jeremy Pargo', 'Dahntay Jones', 'Rudy Gay', 'Marreese Speights', 'Hamed Haddadi', 'O.J. Mayo', 'Hakim Warrick', 'Mike Conley', 'Marc Gasol']",True
Richard Hamilton,Taj Gibson,"['Ronnie Brewer', 'Richard Hamilton', 'Taj Gibson']",True,"['Tyrus Thomas', 'Luol Deng', 'Ronnie Brewer', 'Richard Hamilton', 'Taj Gibson']",True,"['Kirk Hinrich', 'Tony Snell', 'Tyrus Thomas', 'Luol Deng', 'Ronnie Brewer', 'Richard Hamilton', 'Taj Gibson']",True,"['Omer Asik', 'Carlos Boozer', 'Joakim Noah', 'Kirk Hinrich', 'Tony Snell', 'Tyrus Thomas', 'Luol Deng', 'Ronnie Brewer', 'Richard Hamilton', 'Taj Gibson']",True
Josh Smith,Joe Johnson,"['Jamal Crawford', 'Josh Smith', 'Joe Johnson']",True,"['Dwight Howard', 'Marvin Williams', 'Jamal Crawford', 'Josh Smith', 'Joe Johnson']",True,"['Deron Williams', 'Monta Ellis', 'Dwight Howard', 'Marvin Williams', 'Jamal Crawford', 'Josh Smith', 'Joe Johnson']",True,"['J.R. Smith', 'Chris Paul', 'Carmelo Anthony', 'Deron Williams', 'Monta Ellis', 'Dwight Howard', 'Marvin Williams', 'Jamal Crawford', 'Josh Smith', 'Joe Johnson']",True
Tyreke Evans,Tyreke Evans,"['Travis Outlaw', 'Marcus Thornton', 'Tyreke Evans']",True,"['DeMarcus Cousins', 'Jason Thompson', 'Travis Outlaw', 'Marcus Thornton', 'Tyreke Evans']",True,"['Omri Casspi', 'Rudy Gay', 'DeMarcus Cousins', 'Jason Thompson', 'Travis Outlaw', 'Marcus Thornton', 'Tyreke Evans']",True,"['John Salmons', 'Spencer Hawes', 'Terrence Williams', 'Omri Casspi', 'Rudy Gay', 'DeMarcus Cousins', 'Jason Thompson', 'Travis Outlaw', 'Marcus Thornton', 'Tyreke Evans']",True
Danny Granger,Danny Granger,"['Brandon Rush', 'A.J. Price', 'Danny Granger']",True,"['David West', 'George Hill', 'Brandon Rush', 'A.J. Price', 'Danny Granger']",True,"['Al Harrington', 'Darren Collison', 'David West', 'George Hill', 'Brandon Rush', 'A.J. Price', 'Danny Granger']",True,"['C.J. Watson', 'Jeff Foster', 'Dahntay Jones', 'Al Harrington', 'Darren Collison', 'David West', 'George Hill', 'Brandon Rush', 'A.J. Price', 'Danny Granger']",True
David Lee,Brandon Rush,"['David Lee', 'Andris Biedrins', 'Brandon Rush']",True,"['Al Harrington', 'Andre Iguodala', 'David Lee', 'Andris Biedrins', 'Brandon Rush']",True,"['Anthony Morrow', 'Monta Ellis', 'Al Harrington', 'Andre Iguodala', 'David Lee', 'Andris Biedrins', 'Brandon Rush']",True,"['Dorell Wright', 'Stephen Curry', 'Klay Thompson', 'Anthony Morrow', 'Monta Ellis', 'Al Harrington', 'Andre Iguodala', 'David Lee', 'Andris Biedrins', 'Brandon Rush']",True
Paul George,Paul George,"['George Hill', 'Roy Hibbert', 'Paul George']",True,"['Lou Amundson', 'Lance Stephenson', 'George Hill', 'Roy Hibbert', 'Paul George']",True,"['Tyler Hansbrough', 'David West', 'Lou Amundson', 'Lance Stephenson', 'George Hill', 'Roy Hibbert', 'Paul George']",True,"['Jeff Foster', 'Danny Granger', 'Luis Scola', 'Tyler Hansbrough', 'David West', 'Lou Amundson', 'Lance Stephenson', 'George Hill', 'Roy Hibbert', 'Paul George']",True
James Harden,James Harden,"['Kendrick Perkins', 'Kevin Durant', 'James Harden']",True,"['Nick Collison', 'Russell Westbrook', 'Kendrick Perkins', 'Kevin Durant', 'James Harden']",True,"['Eric Maynor', 'Jeff Green', 'Nick Collison', 'Russell Westbrook', 'Kendrick Perkins', 'Kevin Durant', 'James Harden']",True,"['Derek Fisher', 'Serge Ibaka', 'Daequan Cook', 'Eric Maynor', 'Jeff Green', 'Nick Collison', 'Russell Westbrook', 'Kendrick Perkins', 'Kevin Durant', 'James Harden']",True
Lavoy Allen,Jrue Holiday,"['Thaddeus Young', 'Lou Williams', 'Jrue Holiday']",False,"['Evan Turner', 'Spencer Hawes', 'Thaddeus Young', 'Lou Williams', 'Jrue Holiday']",False,"['Samuel Dalembert', 'Lavoy Allen', 'Evan Turner', 'Spencer Hawes', 'Thaddeus Young', 'Lou Williams', 'Jrue Holiday']",True,"['Elton Brand', 'Andre Iguodala', 'Jodie Meeks', 'Samuel Dalembert', 'Lavoy Allen', 'Evan Turner', 'Spencer Hawes', 'Thaddeus Young', 'Lou Williams', 'Jrue Holiday']",True
Brandon Rush,Brandon Rush,"['David Lee', 'Andris Biedrins', 'Brandon Rush']",True,"['Monta Ellis', 'Andre Iguodala', 'David Lee', 'Andris Biedrins', 'Brandon Rush']",True,"['Stephen Curry', 'Al Harrington', 'Monta Ellis', 'Andre Iguodala', 'David Lee', 'Andris Biedrins', 'Brandon Rush']",True,"['Baron Davis', 'Klay Thompson', 'Anthony Morrow', 'Stephen Curry', 'Al Harrington', 'Monta Ellis', 'Andre Iguodala', 'David Lee', 'Andris Biedrins', 'Brandon Rush']",True
Roy Hibbert,Roy Hibbert,"['Paul George', 'Tyler Hansbrough', 'Roy Hibbert']",True,"['Danny Granger', 'Troy Murphy', 'Paul George', 'Tyler Hansbrough', 'Roy Hibbert']",True,"['Mike Dunleavy', 'George Hill', 'Danny Granger', 'Troy Murphy', 'Paul George', 'Tyler Hansbrough', 'Roy Hibbert']",True,"['Lou Amundson', 'Lance Stephenson', 'David West', 'Mike Dunleavy', 'George Hill', 'Danny Granger', 'Troy Murphy', 'Paul George', 'Tyler Hansbrough', 'Roy Hibbert']",True
Anthony Parker,Kyrie Irving,"['LeBron James', 'Daniel Gibson', 'Kyrie Irving']",False,"['Anthony Parker', 'Antawn Jamison', 'LeBron James', 'Daniel Gibson', 'Kyrie Irving']",True,"['Tristan Thompson', 'Anderson Varejao', 'Anthony Parker', 'Antawn Jamison', 'LeBron James', 'Daniel Gibson', 'Kyrie Irving']",True,"['J.J. Hickson', 'Alonzo Gee', 'Ramon Sessions', 'Tristan Thompson', 'Anderson Varejao', 'Anthony Parker', 'Antawn Jamison', 'LeBron James', 'Daniel Gibson', 'Kyrie Irving']",True
Norris Cole,Shane Battier,"['Norris Cole', 'LeBron James', 'Shane Battier']",True,"['Mike Miller', 'Mario Chalmers', 'Norris Cole', 'LeBron James', 'Shane Battier']",True,"['Chris Bosh', 'Udonis Haslem', 'Mike Miller', 'Mario Chalmers', 'Norris Cole', 'LeBron James', 'Shane Battier']",True,"['Michael Beasley', 'Dwyane Wade', 'Joel Anthony', 'Chris Bosh', 'Udonis Haslem', 'Mike Miller', 'Mario Chalmers', 'Norris Cole', 'LeBron James', 'Shane Battier']",True
Kyrie Irving,Kyrie Irving,"['Omri Casspi', 'LeBron James', 'Kyrie Irving']",True,"['Anthony Parker', 'Mo Williams', 'Omri Casspi', 'LeBron James', 'Kyrie Irving']",True,"['Tristan Thompson', 'Daniel Gibson', 'Anthony Parker', 'Mo Williams', 'Omri Casspi', 'LeBron James', 'Kyrie Irving']",True,"['Ryan Hollins', 'Anderson Varejao', 'Ramon Sessions', 'Tristan Thompson', 'Daniel Gibson', 'Anthony Parker', 'Mo Williams', 'Omri Casspi', 'LeBron James', 'Kyrie Irving']",True
Marcus Thornton,Marcus Thornton,"['John Salmons', 'Jason Thompson', 'Marcus Thornton']",True,"['DeMarcus Cousins', 'Jimmer Fredette', 'John Salmons', 'Jason Thompson', 'Marcus Thornton']",True,"['Kevin Martin', 'Francisco Garcia', 'DeMarcus Cousins', 'Jimmer Fredette', 'John Salmons', 'Jason Thompson', 'Marcus Thornton']",True,"['Tyreke Evans', 'Omri Casspi', 'Isaiah Thomas', 'Kevin Martin', 'Francisco Garcia', 'DeMarcus Cousins', 'Jimmer Fredette', 'John Salmons', 'Jason Thompson', 'Marcus Thornton']",True
Devin Harris,Gordon Hayward,"['Derrick Favors', 'Earl Watson', 'Gordon Hayward']",False,"['C.J. Miles', 'Devin Harris', 'Derrick Favors', 'Earl Watson', 'Gordon Hayward']",True,"['Enes Kanter', 'Al Jefferson', 'C.J. Miles', 'Devin Harris', 'Derrick Favors', 'Earl Watson', 'Gordon Hayward']",True,"['Alec Burks', 'Paul Millsap', 'Deron Williams', 'Enes Kanter', 'Al Jefferson', 'C.J. Miles', 'Devin Harris', 'Derrick Favors', 'Earl Watson', 'Gordon Hayward']",True
Kwame Brown,Monta Ellis,"['Klay Thompson', 'Dorell Wright', 'Monta Ellis']",False,"['David Lee', 'Stephen Curry', 'Klay Thompson', 'Dorell Wright', 'Monta Ellis']",False,"['Andris Biedrins', 'Ish Smith', 'David Lee', 'Stephen Curry', 'Klay Thompson', 'Dorell Wright', 'Monta Ellis']",False,"['Harrison Barnes', 'Ronny Turiaf', 'Jarrett Jack', 'Andris Biedrins', 'Ish Smith', 'David Lee', 'Stephen Curry', 'Klay Thompson', 'Dorell Wright', 'Monta Ellis']",False
James Harden,James Harden,"['Kevin Durant', 'Kendrick Perkins', 'James Harden']",True,"['Nick Collison', 'Russell Westbrook', 'Kevin Durant', 'Kendrick Perkins', 'James Harden']",True,"['Daequan Cook', 'Serge Ibaka', 'Nick Collison', 'Russell Westbrook', 'Kevin Durant', 'Kendrick Perkins', 'James Harden']",True,"['Derek Fisher', 'Eric Maynor', 'Jeff Green', 'Daequan Cook', 'Serge Ibaka', 'Nick Collison', 'Russell Westbrook', 'Kevin Durant', 'Kendrick Perkins', 'James Harden']",True
Shelvin Mack,Nick Young,"['John Wall', 'Trevor Booker', 'Nick Young']",False,"['Roger Mason', 'Kevin Seraphin', 'John Wall', 'Trevor Booker', 'Nick Young']",False,"['Trevor Ariza', 'Nene Hilario', 'Roger Mason', 'Kevin Seraphin', 'John Wall', 'Trevor Booker', 'Nick Young']",False,"['Rashard Lewis', 'Shelvin Mack', 'Gilbert Arenas', 'Trevor Ariza', 'Nene Hilario', 'Roger Mason', 'Kevin Seraphin', 'John Wall', 'Trevor Booker', 'Nick Young']",True
Derrick Rose,Derrick Rose,"['Luol Deng', 'Joakim Noah', 'Derrick Rose']",True,"['Kirk Hinrich', 'Carlos Boozer', 'Luol Deng', 'Joakim Noah', 'Derrick Rose']",True,"['Jimmy Butler', 'Kyle Korver', 'Kirk Hinrich', 'Carlos Boozer', 'Luol Deng', 'Joakim Noah', 'Derrick Rose']",True,"['John Lucas III', 'Ben Wallace', 'Ben Gordon', 'Jimmy Butler', 'Kyle Korver', 'Kirk Hinrich', 'Carlos Boozer', 'Luol Deng', 'Joakim Noah', 'Derrick Rose']",True
Nazr Mohammed,Nick Collison,"['Nazr Mohammed', 'Russell Westbrook', 'Nick Collison']",True,"['Kevin Durant', 'Serge Ibaka', 'Nazr Mohammed', 'Russell Westbrook', 'Nick Collison']",True,"['Reggie Jackson', 'James Harden', 'Kevin Durant', 'Serge Ibaka', 'Nazr Mohammed', 'Russell Westbrook', 'Nick Collison']",True,"['Thabo Sefolosha', 'Kendrick Perkins', 'Derek Fisher', 'Reggie Jackson', 'James Harden', 'Kevin Durant', 'Serge Ibaka', 'Nazr Mohammed', 'Russell Westbrook', 'Nick Collison']",True
Klay Thompson,Klay Thompson,"['Monta Ellis', 'Jarrett Jack', 'Klay Thompson']",True,"['David Lee', 'Stephen Curry', 'Monta Ellis', 'Jarrett Jack', 'Klay Thompson']",True,"['Andris Biedrins', 'Harrison Barnes', 'David Lee', 'Stephen Curry', 'Monta Ellis', 'Jarrett Jack', 'Klay Thompson']",True,"['Andrew Bogut', 'Carl Landry', 'Marreese Speights', 'Andris Biedrins', 'Harrison Barnes', 'David Lee', 'Stephen Curry', 'Monta Ellis', 'Jarrett Jack', 'Klay Thompson']",True
JaVale McGee,Danilo Gallinari,"['Corey Brewer', 'Andre Miller', 'Danilo Gallinari']",False,"['Carmelo Anthony', 'Kenneth Faried', 'Corey Brewer', 'Andre Miller', 'Danilo Gallinari']",False,"['Evan Fournier', 'Ty Lawson', 'Carmelo Anthony', 'Kenneth Faried', 'Corey Brewer', 'Andre Miller', 'Danilo Gallinari']",False,"['Arron Afflalo', 'Chauncey Billups', 'Andre Iguodala', 'Evan Fournier', 'Ty Lawson', 'Carmelo Anthony', 'Kenneth Faried', 'Corey Brewer', 'Andre Miller', 'Danilo Gallinari']",False
Omer Asik,Shane Battier,"['Omer Asik', 'Yao Ming', 'Shane Battier']",True,"['Trevor Ariza', 'Patrick Patterson', 'Omer Asik', 'Yao Ming', 'Shane Battier']",True,"['Tracy McGrady', 'Toney Douglas', 'Trevor Ariza', 'Patrick Patterson', 'Omer Asik', 'Yao Ming', 'Shane Battier']",True,"['Patrick Beverley', 'Terrence Jones', 'Luis Scola', 'Tracy McGrady', 'Toney Douglas', 'Trevor Ariza', 'Patrick Patterson', 'Omer Asik', 'Yao Ming', 'Shane Battier']",True
O.J. Mayo,O.J. Mayo,"['Jae Crowder', 'Shawn Marion', 'O.J. Mayo']",True,"['Mike James', 'Jason Terry', 'Jae Crowder', 'Shawn Marion', 'O.J. Mayo']",True,"['Darren Collison', 'Dirk Nowitzki', 'Mike James', 'Jason Terry', 'Jae Crowder', 'Shawn Marion', 'O.J. Mayo']",True,"['J.J. Barea', 'Rodrigue Beaubois', 'Jason Kidd', 'Darren Collison', 'Dirk Nowitzki', 'Mike James', 'Jason Terry', 'Jae Crowder', 'Shawn Marion', 'O.J. Mayo']",True
Eric Bledsoe,Jamal Crawford,"['Caron Butler', 'Chris Paul', 'Jamal Crawford']",False,"['DeAndre Jordan', 'Eric Bledsoe', 'Caron Butler', 'Chris Paul', 'Jamal Crawford']",True,"['Blake Griffin', 'Lamar Odom', 'DeAndre Jordan', 'Eric Bledsoe', 'Caron Butler', 'Chris Paul', 'Jamal Crawford']",True,"['Eric Gordon', 'J.J. Redick', 'Matt Barnes', 'Blake Griffin', 'Lamar Odom', 'DeAndre Jordan', 'Eric Bledsoe', 'Caron Butler', 'Chris Paul', 'Jamal Crawford']",True
Tyson Chandler,Tyson Chandler,"['Wilson Chandler', 'Steve Novak', 'Tyson Chandler']",True,"['Raymond Felton', 'J.R. Smith', 'Wilson Chandler', 'Steve Novak', 'Tyson Chandler']",True,"['Carmelo Anthony', 'Toney Douglas', 'Raymond Felton', 'J.R. Smith', 'Wilson Chandler', 'Steve Novak', 'Tyson Chandler']",True,"['Tim Hardaway', 'Stephon Marbury', 'Jason Kidd', 'Carmelo Anthony', 'Toney Douglas', 'Raymond Felton', 'J.R. Smith', 'Wilson Chandler', 'Steve Novak', 'Tyson Chandler']",True
LeBron James,Ray Allen,"['Norris Cole', 'Mario Chalmers', 'Ray Allen']",False,"['LeBron James', 'Rashard Lewis', 'Norris Cole', 'Mario Chalmers', 'Ray Allen']",True,"['Shane Battier', 'Dwyane Wade', 'LeBron James', 'Rashard Lewis', 'Norris Cole', 'Mario Chalmers', 'Ray Allen']",True,"['Joel Anthony', 'Udonis Haslem', 'Michael Beasley', 'Shane Battier', 'Dwyane Wade', 'LeBron James', 'Rashard Lewis', 'Norris Cole', 'Mario Chalmers', 'Ray Allen']",True
Hasheem Thabeet,Kevin Durant,"['Kevin Martin', 'Nick Collison', 'Kevin Durant']",False,"['Russell Westbrook', 'Hasheem Thabeet', 'Kevin Martin', 'Nick Collison', 'Kevin Durant']",True,"['Eric Maynor', 'Reggie Jackson', 'Russell Westbrook', 'Hasheem Thabeet', 'Kevin Martin', 'Nick Collison', 'Kevin Durant']",True,"['Jeremy Lamb', 'Jeff Green', 'Serge Ibaka', 'Eric Maynor', 'Reggie Jackson', 'Russell Westbrook', 'Hasheem Thabeet', 'Kevin Martin', 'Nick Collison', 'Kevin Durant']",True
Omer Asik,Yao Ming,"['Trevor Ariza', 'Shane Battier', 'Yao Ming']",False,"['Patrick Patterson', 'Omer Asik', 'Trevor Ariza', 'Shane Battier', 'Yao Ming']",True,"['Toney Douglas', 'Tracy McGrady', 'Patrick Patterson', 'Omer Asik', 'Trevor Ariza', 'Shane Battier', 'Yao Ming']",True,"['Terrence Jones', 'Chandler Parsons', 'Luis Scola', 'Toney Douglas', 'Tracy McGrady', 'Patrick Patterson', 'Omer Asik', 'Trevor Ariza', 'Shane Battier', 'Yao Ming']",True
Martell Webster,Trevor Ariza,"['John Wall', 'Nene Hilario', 'Trevor Ariza']",False,"['Martell Webster', 'Trevor Booker', 'John Wall', 'Nene Hilario', 'Trevor Ariza']",True,"['Nick Young', 'Kevin Seraphin', 'Martell Webster', 'Trevor Booker', 'John Wall', 'Nene Hilario', 'Trevor Ariza']",True,"['Gilbert Arenas', 'Roger Mason', 'Bradley Beal', 'Nick Young', 'Kevin Seraphin', 'Martell Webster', 'Trevor Booker', 'John Wall', 'Nene Hilario', 'Trevor Ariza']",True
Zach Randolph,Zach Randolph,"['Tony Allen', 'Rudy Gay', 'Zach Randolph']",True,"['Marc Gasol', 'Mike Conley', 'Tony Allen', 'Rudy Gay', 'Zach Randolph']",True,"['Quincy Pondexter', 'Wayne Ellington', 'Marc Gasol', 'Mike Conley', 'Tony Allen', 'Rudy Gay', 'Zach Randolph']",True,"['Darrell Arthur', 'Jerryd Bayless', 'Mike Miller', 'Quincy Pondexter', 'Wayne Ellington', 'Marc Gasol', 'Mike Conley', 'Tony Allen', 'Rudy Gay', 'Zach Randolph']",True
Tony Parker,Tony Parker,"['Tiago Splitter', 'Tim Duncan', 'Tony Parker']",True,"['Stephen Jackson', 'Matt Bonner', 'Tiago Splitter', 'Tim Duncan', 'Tony Parker']",True,"['Gary Neal', 'Manu Ginobili', 'Stephen Jackson', 'Matt Bonner', 'Tiago Splitter', 'Tim Duncan', 'Tony Parker']",True,"['Nando De Colo', 'Patty Mills', 'Kawhi Leonard', 'Gary Neal', 'Manu Ginobili', 'Stephen Jackson', 'Matt Bonner', 'Tiago Splitter', 'Tim Duncan', 'Tony Parker']",True
Marvin Williams,Paul Millsap,"['Marvin Williams', 'Gordon Hayward', 'Paul Millsap']",True,"['Earl Watson', 'Derrick Favors', 'Marvin Williams', 'Gordon Hayward', 'Paul Millsap']",True,"['Deron Williams', 'Enes Kanter', 'Earl Watson', 'Derrick Favors', 'Marvin Williams', 'Gordon Hayward', 'Paul Millsap']",True,"['Randy Foye', 'Mehmet Okur', 'Mo Williams', 'Deron Williams', 'Enes Kanter', 'Earl Watson', 'Derrick Favors', 'Marvin Williams', 'Gordon Hayward', 'Paul Millsap']",True
Stephen Curry,Stephen Curry,"['Monta Ellis', 'Stephen Jackson', 'Stephen Curry']",True,"['Richard Jefferson', 'Klay Thompson', 'Monta Ellis', 'Stephen Jackson', 'Stephen Curry']",True,"['David Lee', 'Jarrett Jack', 'Richard Jefferson', 'Klay Thompson', 'Monta Ellis', 'Stephen Jackson', 'Stephen Curry']",True,"['Harrison Barnes', 'Festus Ezeli', 'Vladimir Radmanovic', 'David Lee', 'Jarrett Jack', 'Richard Jefferson', 'Klay Thompson', 'Monta Ellis', 'Stephen Jackson', 'Stephen Curry']",True
Earl Watson,Marvin Williams,"['Derrick Favors', 'Gordon Hayward', 'Marvin Williams']",False,"['Earl Watson', 'Mo Williams', 'Derrick Favors', 'Gordon Hayward', 'Marvin Williams']",True,"['Paul Millsap', 'Enes Kanter', 'Earl Watson', 'Mo Williams', 'Derrick Favors', 'Gordon Hayward', 'Marvin Williams']",True,"['Jamaal Tinsley', 'Al Jefferson', 'Deron Williams', 'Paul Millsap', 'Enes Kanter', 'Earl Watson', 'Mo Williams', 'Derrick Favors', 'Gordon Hayward', 'Marvin Williams']",True
Thomas Robinson,John Salmons,"['Jason Thompson', 'Marcus Thornton', 'John Salmons']",False,"['Patrick Patterson', 'Thomas Robinson', 'Jason Thompson', 'Marcus Thornton', 'John Salmons']",True,"['Omri Casspi', 'Kevin Martin', 'Patrick Patterson', 'Thomas Robinson', 'Jason Thompson', 'Marcus Thornton', 'John Salmons']",True,"['Isaiah Thomas', 'Francisco Garcia', 'DeMarcus Cousins', 'Omri Casspi', 'Kevin Martin', 'Patrick Patterson', 'Thomas Robinson', 'Jason Thompson', 'Marcus Thornton', 'John Salmons']",True
Kwame Brown,Kwame Brown,"['Nick Young', 'Jrue Holiday', 'Kwame Brown']",True,"['Spencer Hawes', 'Lavoy Allen', 'Nick Young', 'Jrue Holiday', 'Kwame Brown']",True,"['Lou Williams', 'Thaddeus Young', 'Spencer Hawes', 'Lavoy Allen', 'Nick Young', 'Jrue Holiday', 'Kwame Brown']",True,"['Evan Turner', 'Royal Ivey', 'Samuel Dalembert', 'Lou Williams', 'Thaddeus Young', 'Spencer Hawes', 'Lavoy Allen', 'Nick Young', 'Jrue Holiday', 'Kwame Brown']",True
C.J. Watson,Deron Williams,"['Joe Johnson', 'C.J. Watson', 'Deron Williams']",True,"['Gerald Wallace', 'Josh Smith', 'Joe Johnson', 'C.J. Watson', 'Deron Williams']",True,"['Jamal Crawford', 'Brook Lopez', 'Gerald Wallace', 'Josh Smith', 'Joe Johnson', 'C.J. Watson', 'Deron Williams']",True,"['Marvin Williams', 'Carmelo Anthony', 'Jarrett Jack', 'Jamal Crawford', 'Brook Lopez', 'Gerald Wallace', 'Josh Smith', 'Joe Johnson', 'C.J. Watson', 'Deron Williams']",True
Stephen Jackson,Manu Ginobili,"['Kawhi Leonard', 'Matt Bonner', 'Manu Ginobili']",False,"['Tim Duncan', 'Tiago Splitter', 'Kawhi Leonard', 'Matt Bonner', 'Manu Ginobili']",False,"['Richard Jefferson', 'Stephen Jackson', 'Tim Duncan', 'Tiago Splitter', 'Kawhi Leonard', 'Matt Bonner', 'Manu Ginobili']",True,"['Danny Green', 'Gary Neal', 'Michael Finley', 'Richard Jefferson', 'Stephen Jackson', 'Tim Duncan', 'Tiago Splitter', 'Kawhi Leonard', 'Matt Bonner', 'Manu Ginobili']",True
Rudy Gay,Rudy Gay,"['Quincy Pondexter', 'Tony Allen', 'Rudy Gay']",True,"['Tayshaun Prince', 'Mike Conley', 'Quincy Pondexter', 'Tony Allen', 'Rudy Gay']",True,"['Wayne Ellington', 'O.J. Mayo', 'Tayshaun Prince', 'Mike Conley', 'Quincy Pondexter', 'Tony Allen', 'Rudy Gay']",True,"['Zach Randolph', 'Mike Miller', 'Marc Gasol', 'Wayne Ellington', 'O.J. Mayo', 'Tayshaun Prince', 'Mike Conley', 'Quincy Pondexter', 'Tony Allen', 'Rudy Gay']",True
Metta World Peace,Metta World Peace,"['Kobe Bryant', 'Pau Gasol', 'Metta World Peace']",True,"['Dwight Howard', 'Jodie Meeks', 'Kobe Bryant', 'Pau Gasol', 'Metta World Peace']",True,"['Lamar Odom', 'Steve Blake', 'Dwight Howard', 'Jodie Meeks', 'Kobe Bryant', 'Pau Gasol', 'Metta World Peace']",True,"['Jordan Hill', 'Nick Young', 'Darius Morris', 'Lamar Odom', 'Steve Blake', 'Dwight Howard', 'Jodie Meeks', 'Kobe Bryant', 'Pau Gasol', 'Metta World Peace']",True
Andrew Nicholson,Andrew Nicholson,"['Dwight Howard', 'Arron Afflalo', 'Andrew Nicholson']",True,"['Jameer Nelson', ""E'Twaun Moore"", 'Dwight Howard', 'Arron Afflalo', 'Andrew Nicholson']",True,"['J.J. Redick', 'Brandon Bass', 'Jameer Nelson', ""E'Twaun Moore"", 'Dwight Howard', 'Arron Afflalo', 'Andrew Nicholson']",True,"['Al Harrington', 'Chris Duhon', 'Glen Davis', 'J.J. Redick', 'Brandon Bass', 'Jameer Nelson', ""E'Twaun Moore"", 'Dwight Howard', 'Arron Afflalo', 'Andrew Nicholson']",True
Evan Fournier,Ty Lawson,"['Kosta Koufos', 'JaVale McGee', 'Ty Lawson']",False,"['Kenneth Faried', 'Danilo Gallinari', 'Kosta Koufos', 'JaVale McGee', 'Ty Lawson']",False,"['J.R. Smith', 'Nene Hilario', 'Kenneth Faried', 'Danilo Gallinari', 'Kosta Koufos', 'JaVale McGee', 'Ty Lawson']",False,"['Kenyon Martin', 'Corey Brewer', 'Timofey Mozgov', 'J.R. Smith', 'Nene Hilario', 'Kenneth Faried', 'Danilo Gallinari', 'Kosta Koufos', 'JaVale McGee', 'Ty Lawson']",False
Zaza Pachulia,Zaza Pachulia,"['Tyreke Evans', 'Trevor Ariza', 'Zaza Pachulia']",True,"['Wilson Chandler', 'Vince Carter', 'Tyreke Evans', 'Trevor Ariza', 'Zaza Pachulia']",True,"['Tony Parker', 'Tyson Chandler', 'Wilson Chandler', 'Vince Carter', 'Tyreke Evans', 'Trevor Ariza', 'Zaza Pachulia']",True,"['Joe Johnson', 'Paul Millsap', 'Josh Smith', 'Tony Parker', 'Tyson Chandler', 'Wilson Chandler', 'Vince Carter', 'Tyreke Evans', 'Trevor Ariza', 'Zaza Pachulia']",True
Kevin Martin,Kevin Durant,"['Nick Collison', 'Kevin Martin', 'Kevin Durant']",True,"['Russell Westbrook', 'Hasheem Thabeet', 'Nick Collison', 'Kevin Martin', 'Kevin Durant']",True,"['Eric Maynor', 'Reggie Jackson', 'Russell Westbrook', 'Hasheem Thabeet', 'Nick Collison', 'Kevin Martin', 'Kevin Durant']",True,"['Jeff Green', 'Jeremy Lamb', 'Serge Ibaka', 'Eric Maynor', 'Reggie Jackson', 'Russell Westbrook', 'Hasheem Thabeet', 'Nick Collison', 'Kevin Martin', 'Kevin Durant']",True
Goran Dragic,Goran Dragic,"[""Amar'e Stoudemire"", 'Jared Dudley', 'Goran Dragic']",True,"['Grant Hill', 'Channing Frye', ""Amar'e Stoudemire"", 'Jared Dudley', 'Goran Dragic']",True,"['Luis Scola', 'Marcin Gortat', 'Grant Hill', 'Channing Frye', ""Amar'e Stoudemire"", 'Jared Dudley', 'Goran Dragic']",True,"[""Jermaine O'Neal"", 'Boris Diaw', 'Markieff Morris', 'Luis Scola', 'Marcin Gortat', 'Grant Hill', 'Channing Frye', ""Amar'e Stoudemire"", 'Jared Dudley', 'Goran Dragic']",True
Eric Maynor,Kevin Durant,"['Nick Collison', 'Kevin Martin', 'Kevin Durant']",False,"['Eric Maynor', 'Hasheem Thabeet', 'Nick Collison', 'Kevin Martin', 'Kevin Durant']",True,"['Kendrick Perkins', 'Russell Westbrook', 'Eric Maynor', 'Hasheem Thabeet', 'Nick Collison', 'Kevin Martin', 'Kevin Durant']",True,"['Serge Ibaka', 'Perry Jones', 'James Harden', 'Kendrick Perkins', 'Russell Westbrook', 'Eric Maynor', 'Hasheem Thabeet', 'Nick Collison', 'Kevin Martin', 'Kevin Durant']",True
Goran Dragic,Goran Dragic,"['Channing Frye', ""Amar'e Stoudemire"", 'Goran Dragic']",True,"['Boris Diaw', 'Jared Dudley', 'Channing Frye', ""Amar'e Stoudemire"", 'Goran Dragic']",True,"['Kendall Marshall', 'Grant Hill', 'Boris Diaw', 'Jared Dudley', 'Channing Frye', ""Amar'e Stoudemire"", 'Goran Dragic']",True,"['Leandro Barbosa', 'Steve Nash', ""Jermaine O'Neal"", 'Kendall Marshall', 'Grant Hill', 'Boris Diaw', 'Jared Dudley', 'Channing Frye', ""Amar'e Stoudemire"", 'Goran Dragic']",True
Dirk Nowitzki,Darren Collison,"['Elton Brand', 'Dirk Nowitzki', 'Darren Collison']",True,"['O.J. Mayo', 'Brandan Wright', 'Elton Brand', 'Dirk Nowitzki', 'Darren Collison']",True,"['Jae Crowder', 'Shawn Marion', 'O.J. Mayo', 'Brandan Wright', 'Elton Brand', 'Dirk Nowitzki', 'Darren Collison']",True,"['Vince Carter', 'Jason Terry', 'Erick Dampier', 'Jae Crowder', 'Shawn Marion', 'O.J. Mayo', 'Brandan Wright', 'Elton Brand', 'Dirk Nowitzki', 'Darren Collison']",True
Kyrie Irving,Tristan Thompson,"['LeBron James', 'Kyrie Irving', 'Tristan Thompson']",True,"['Dion Waiters', 'Shaun Livingston', 'LeBron James', 'Kyrie Irving', 'Tristan Thompson']",True,"['Daniel Gibson', 'Anderson Varejao', 'Dion Waiters', 'Shaun Livingston', 'LeBron James', 'Kyrie Irving', 'Tristan Thompson']",True,"['Luke Walton', 'Mo Williams', 'Marreese Speights', 'Daniel Gibson', 'Anderson Varejao', 'Dion Waiters', 'Shaun Livingston', 'LeBron James', 'Kyrie Irving', 'Tristan Thompson']",True
Brandon Jennings,Brandon Jennings,"['Beno Udrih', 'Andrew Bogut', 'Brandon Jennings']",True,"['Charlie Bell', 'Ersan Ilyasova', 'Beno Udrih', 'Andrew Bogut', 'Brandon Jennings']",True,"['Luc Mbah a Moute', 'Brandon Knight', 'Charlie Bell', 'Ersan Ilyasova', 'Beno Udrih', 'Andrew Bogut', 'Brandon Jennings']",True,"['Al Horford', 'Charlie Villanueva', 'Ekpe Udoh', 'Luc Mbah a Moute', 'Brandon Knight', 'Charlie Bell', 'Ersan Ilyasova', 'Beno Udrih', 'Andrew Bogut', 'Brandon Jennings']",True
Jeff Green,Paul Pierce,"['Jeff Green', 'Rajon Rondo', 'Paul Pierce']",True,"['Ray Allen', 'Kevin Garnett', 'Jeff Green', 'Rajon Rondo', 'Paul Pierce']",True,"['Courtney Lee', 'Jason Terry', 'Ray Allen', 'Kevin Garnett', 'Jeff Green', 'Rajon Rondo', 'Paul Pierce']",True,"['Kelly Olynyk', 'Avery Bradley', 'Brandon Bass', 'Courtney Lee', 'Jason Terry', 'Ray Allen', 'Kevin Garnett', 'Jeff Green', 'Rajon Rondo', 'Paul Pierce']",True
Brandon Bass,Jason Terry,"['Kevin Garnett', 'Brandon Bass', 'Jason Terry']",True,"['Paul Pierce', 'Jared Sullinger', 'Kevin Garnett', 'Brandon Bass', 'Jason Terry']",True,"['Jeff Green', 'Courtney Lee', 'Paul Pierce', 'Jared Sullinger', 'Kevin Garnett', 'Brandon Bass', 'Jason Terry']",True,"['Avery Bradley', 'Rajon Rondo', 'Chris Wilcox', 'Jeff Green', 'Courtney Lee', 'Paul Pierce', 'Jared Sullinger', 'Kevin Garnett', 'Brandon Bass', 'Jason Terry']",True
O.J. Mayo,Vince Carter,"['O.J. Mayo', 'Shawn Marion', 'Vince Carter']",True,"['Jason Terry', 'Josh Howard', 'O.J. Mayo', 'Shawn Marion', 'Vince Carter']",True,"['Rodrigue Beaubois', 'Tyson Chandler', 'Jason Terry', 'Josh Howard', 'O.J. Mayo', 'Shawn Marion', 'Vince Carter']",True,"['Chris Kaman', 'Troy Murphy', 'Dirk Nowitzki', 'Rodrigue Beaubois', 'Tyson Chandler', 'Jason Terry', 'Josh Howard', 'O.J. Mayo', 'Shawn Marion', 'Vince Carter']",True
Zach Randolph,Zach Randolph,"['Tony Allen', 'Quincy Pondexter', 'Zach Randolph']",True,"['Marc Gasol', 'Mike Conley', 'Tony Allen', 'Quincy Pondexter', 'Zach Randolph']",True,"['Rudy Gay', 'Tayshaun Prince', 'Marc Gasol', 'Mike Conley', 'Tony Allen', 'Quincy Pondexter', 'Zach Randolph']",True,"['O.J. Mayo', 'Tony Wroten', 'Wayne Ellington', 'Rudy Gay', 'Tayshaun Prince', 'Marc Gasol', 'Mike Conley', 'Tony Allen', 'Quincy Pondexter', 'Zach Randolph']",True
Wilson Chandler,Wilson Chandler,"['Nene Hilario', 'Ty Lawson', 'Wilson Chandler']",True,"['Kenneth Faried', 'Danilo Gallinari', 'Nene Hilario', 'Ty Lawson', 'Wilson Chandler']",True,"['Timofey Mozgov', 'Yakhouba Diawara', 'Kenneth Faried', 'Danilo Gallinari', 'Nene Hilario', 'Ty Lawson', 'Wilson Chandler']",True,"['Marcus Camby', 'Corey Brewer', 'J.R. Smith', 'Timofey Mozgov', 'Yakhouba Diawara', 'Kenneth Faried', 'Danilo Gallinari', 'Nene Hilario', 'Ty Lawson', 'Wilson Chandler']",True
Rodney Stuckey,Rodney Stuckey,"['Will Bynum', 'Tayshaun Prince', 'Rodney Stuckey']",True,"['Richard Hamilton', 'Kyle Singler', 'Will Bynum', 'Tayshaun Prince', 'Rodney Stuckey']",True,"['Tracy McGrady', 'Jason Maxiell', 'Richard Hamilton', 'Kyle Singler', 'Will Bynum', 'Tayshaun Prince', 'Rodney Stuckey']",True,"['Ronald Murray', 'Greg Monroe', 'Jonas Jerebko', 'Tracy McGrady', 'Jason Maxiell', 'Richard Hamilton', 'Kyle Singler', 'Will Bynum', 'Tayshaun Prince', 'Rodney Stuckey']",True
Mario Chalmers,Mario Chalmers,"['Norris Cole', 'LeBron James', 'Mario Chalmers']",True,"['Joel Anthony', 'Dwyane Wade', 'Norris Cole', 'LeBron James', 'Mario Chalmers']",True,"['Mike Miller', 'Ray Allen', 'Joel Anthony', 'Dwyane Wade', 'Norris Cole', 'LeBron James', 'Mario Chalmers']",True,"['Shane Battier', 'Rashard Lewis', 'Chris Bosh', 'Mike Miller', 'Ray Allen', 'Joel Anthony', 'Dwyane Wade', 'Norris Cole', 'LeBron James', 'Mario Chalmers']",True
Gustavo Ayon,Maurice Harkless,"['J.J. Redick', 'Jameer Nelson', 'Maurice Harkless']",False,"[""Kyle O'Quinn"", 'Nikola Vucevic', 'J.J. Redick', 'Jameer Nelson', 'Maurice Harkless']",False,"['Dwight Howard', ""E'Twaun Moore"", ""Kyle O'Quinn"", 'Nikola Vucevic', 'J.J. Redick', 'Jameer Nelson', 'Maurice Harkless']",False,"['Josh McRoberts', 'Tobias Harris', 'Hedo Turkoglu', 'Dwight Howard', ""E'Twaun Moore"", ""Kyle O'Quinn"", 'Nikola Vucevic', 'J.J. Redick', 'Jameer Nelson', 'Maurice Harkless']",False
Tony Parker,Tony Parker,"['Tim Duncan', 'Tiago Splitter', 'Tony Parker']",True,"['Stephen Jackson', 'Kawhi Leonard', 'Tim Duncan', 'Tiago Splitter', 'Tony Parker']",True,"['Danny Green', 'Manu Ginobili', 'Stephen Jackson', 'Kawhi Leonard', 'Tim Duncan', 'Tiago Splitter', 'Tony Parker']",True,"['Gary Neal', 'Matt Bonner', 'Patty Mills', 'Danny Green', 'Manu Ginobili', 'Stephen Jackson', 'Kawhi Leonard', 'Tim Duncan', 'Tiago Splitter', 'Tony Parker']",True
Kevin Seraphin,John Wall,"['Kevin Seraphin', 'Nene Hilario', 'John Wall']",True,"['Emeka Okafor', 'Bradley Beal', 'Kevin Seraphin', 'Nene Hilario', 'John Wall']",True,"['Jordan Crawford', 'Martell Webster', 'Emeka Okafor', 'Bradley Beal', 'Kevin Seraphin', 'Nene Hilario', 'John Wall']",True,"['Caron Butler', 'Marcin Gortat', 'Trevor Ariza', 'Jordan Crawford', 'Martell Webster', 'Emeka Okafor', 'Bradley Beal', 'Kevin Seraphin', 'Nene Hilario', 'John Wall']",True
Jared Sullinger,Jared Sullinger,"['Jeff Green', 'Brandon Bass', 'Jared Sullinger']",True,"['Kevin Garnett', 'Courtney Lee', 'Jeff Green', 'Brandon Bass', 'Jared Sullinger']",True,"['Paul Pierce', 'Jason Terry', 'Kevin Garnett', 'Courtney Lee', 'Jeff Green', 'Brandon Bass', 'Jared Sullinger']",True,"['Chris Wilcox', 'Glen Davis', 'Rajon Rondo', 'Paul Pierce', 'Jason Terry', 'Kevin Garnett', 'Courtney Lee', 'Jeff Green', 'Brandon Bass', 'Jared Sullinger']",True
Kyle Korver,Josh Smith,"['Jamal Crawford', 'Joe Johnson', 'Josh Smith']",False,"['Dwight Howard', 'Marvin Williams', 'Jamal Crawford', 'Joe Johnson', 'Josh Smith']",False,"['Jarrett Jack', 'Monta Ellis', 'Dwight Howard', 'Marvin Williams', 'Jamal Crawford', 'Joe Johnson', 'Josh Smith']",False,"['Carmelo Anthony', 'Deron Williams', 'J.R. Smith', 'Jarrett Jack', 'Monta Ellis', 'Dwight Howard', 'Marvin Williams', 'Jamal Crawford', 'Joe Johnson', 'Josh Smith']",False
Marco Belinelli,Nate Robinson,"['Marco Belinelli', 'Luol Deng', 'Nate Robinson']",True,"['Joakim Noah', 'Kirk Hinrich', 'Marco Belinelli', 'Luol Deng', 'Nate Robinson']",True,"['Jimmy Butler', 'Taj Gibson', 'Joakim Noah', 'Kirk Hinrich', 'Marco Belinelli', 'Luol Deng', 'Nate Robinson']",True,"['Nazr Mohammed', 'Marquis Teague', 'Carlos Boozer', 'Jimmy Butler', 'Taj Gibson', 'Joakim Noah', 'Kirk Hinrich', 'Marco Belinelli', 'Luol Deng', 'Nate Robinson']",True
Lavoy Allen,Lavoy Allen,"['Thaddeus Young', 'Jrue Holiday', 'Lavoy Allen']",True,"['Nick Young', 'Spencer Hawes', 'Thaddeus Young', 'Jrue Holiday', 'Lavoy Allen']",True,"['Lou Williams', 'Kwame Brown', 'Nick Young', 'Spencer Hawes', 'Thaddeus Young', 'Jrue Holiday', 'Lavoy Allen']",True,"['Andre Iguodala', 'Samuel Dalembert', 'Evan Turner', 'Lou Williams', 'Kwame Brown', 'Nick Young', 'Spencer Hawes', 'Thaddeus Young', 'Jrue Holiday', 'Lavoy Allen']",True
Wilson Chandler,Wilson Chandler,"['Nene Hilario', 'Ty Lawson', 'Wilson Chandler']",True,"['Kenneth Faried', 'Timofey Mozgov', 'Nene Hilario', 'Ty Lawson', 'Wilson Chandler']",True,"['Marcus Camby', 'Danilo Gallinari', 'Kenneth Faried', 'Timofey Mozgov', 'Nene Hilario', 'Ty Lawson', 'Wilson Chandler']",True,"['Andre Iguodala', 'Randy Foye', 'J.R. Smith', 'Marcus Camby', 'Danilo Gallinari', 'Kenneth Faried', 'Timofey Mozgov', 'Nene Hilario', 'Ty Lawson', 'Wilson Chandler']",True
Rajon Rondo,Rajon Rondo,"['Ray Allen', 'Paul Pierce', 'Rajon Rondo']",True,"['Leandro Barbosa', 'Brandon Bass', 'Ray Allen', 'Paul Pierce', 'Rajon Rondo']",True,"['Jeff Green', 'Kevin Garnett', 'Leandro Barbosa', 'Brandon Bass', 'Ray Allen', 'Paul Pierce', 'Rajon Rondo']",True,"['Tony Allen', 'Courtney Lee', 'Terrence Williams', 'Jeff Green', 'Kevin Garnett', 'Leandro Barbosa', 'Brandon Bass', 'Ray Allen', 'Paul Pierce', 'Rajon Rondo']",True
Will Barton,Wesley Matthews,"['Travis Outlaw', 'Will Barton', 'Wesley Matthews']",True,"['Zach Randolph', 'Nicolas Batum', 'Travis Outlaw', 'Will Barton', 'Wesley Matthews']",True,"['Steve Blake', 'LaMarcus Aldridge', 'Zach Randolph', 'Nicolas Batum', 'Travis Outlaw', 'Will Barton', 'Wesley Matthews']",True,"['Nolan Smith', 'Victor Claver', 'Rudy Fernandez', 'Steve Blake', 'LaMarcus Aldridge', 'Zach Randolph', 'Nicolas Batum', 'Travis Outlaw', 'Will Barton', 'Wesley Matthews']",True
Jeff Green,Kevin Garnett,"['Rajon Rondo', 'Paul Pierce', 'Kevin Garnett']",False,"['Courtney Lee', 'Jeff Green', 'Rajon Rondo', 'Paul Pierce', 'Kevin Garnett']",True,"['Brandon Bass', 'Jason Terry', 'Courtney Lee', 'Jeff Green', 'Rajon Rondo', 'Paul Pierce', 'Kevin Garnett']",True,"['Avery Bradley', 'Ray Allen', 'Ryan Gomes', 'Brandon Bass', 'Jason Terry', 'Courtney Lee', 'Jeff Green', 'Rajon Rondo', 'Paul Pierce', 'Kevin Garnett']",True
Jared Dudley,Jared Dudley,"['Grant Hill', 'Goran Dragic', 'Jared Dudley']",True,"['Marcin Gortat', 'Luis Scola', 'Grant Hill', 'Goran Dragic', 'Jared Dudley']",True,"['Leandro Barbosa', 'Markieff Morris', 'Marcin Gortat', 'Luis Scola', 'Grant Hill', 'Goran Dragic', 'Jared Dudley']",True,"['Boris Diaw', 'Hamed Haddadi', 'Kendall Marshall', 'Leandro Barbosa', 'Markieff Morris', 'Marcin Gortat', 'Luis Scola', 'Grant Hill', 'Goran Dragic', 'Jared Dudley']",True
Chuck Hayes,DeMarcus Cousins,"['Aaron Brooks', 'Beno Udrih', 'DeMarcus Cousins']",False,"['Ben McLemore', 'Chuck Hayes', 'Aaron Brooks', 'Beno Udrih', 'DeMarcus Cousins']",True,"['Francisco Garcia', 'Jason Thompson', 'Ben McLemore', 'Chuck Hayes', 'Aaron Brooks', 'Beno Udrih', 'DeMarcus Cousins']",True,"['Carl Landry', 'Isaiah Thomas', 'Andres Nocioni', 'Francisco Garcia', 'Jason Thompson', 'Ben McLemore', 'Chuck Hayes', 'Aaron Brooks', 'Beno Udrih', 'DeMarcus Cousins']",True
Al Jefferson,Al Jefferson,"['Derrick Favors', 'Andrei Kirilenko', 'Al Jefferson']",True,"['DeMarre Carroll', 'Alec Burks', 'Derrick Favors', 'Andrei Kirilenko', 'Al Jefferson']",True,"['Gordon Hayward', 'Carlos Boozer', 'DeMarre Carroll', 'Alec Burks', 'Derrick Favors', 'Andrei Kirilenko', 'Al Jefferson']",True,"['Paul Millsap', 'C.J. Miles', 'Deron Williams', 'Gordon Hayward', 'Carlos Boozer', 'DeMarre Carroll', 'Alec Burks', 'Derrick Favors', 'Andrei Kirilenko', 'Al Jefferson']",True
LaMarcus Aldridge,LaMarcus Aldridge,"['Nicolas Batum', 'J.J. Hickson', 'LaMarcus Aldridge']",True,"['Jared Jeffries', 'Eric Maynor', 'Nicolas Batum', 'J.J. Hickson', 'LaMarcus Aldridge']",True,"['Luke Babbitt', 'Damian Lillard', 'Jared Jeffries', 'Eric Maynor', 'Nicolas Batum', 'J.J. Hickson', 'LaMarcus Aldridge']",True,"['Joel Freeland', 'Meyers Leonard', 'Brandon Roy', 'Luke Babbitt', 'Damian Lillard', 'Jared Jeffries', 'Eric Maynor', 'Nicolas Batum', 'J.J. Hickson', 'LaMarcus Aldridge']",True
Udonis Haslem,Udonis Haslem,"['Mike Miller', 'Shane Battier', 'Udonis Haslem']",True,"['Mario Chalmers', 'Ray Allen', 'Mike Miller', 'Shane Battier', 'Udonis Haslem']",True,"['Norris Cole', 'LeBron James', 'Mario Chalmers', 'Ray Allen', 'Mike Miller', 'Shane Battier', 'Udonis Haslem']",True,"['Chris Bosh', 'Dwyane Wade', 'Rashard Lewis', 'Norris Cole', 'LeBron James', 'Mario Chalmers', 'Ray Allen', 'Mike Miller', 'Shane Battier', 'Udonis Haslem']",True
J.J. Barea,Luke Ridnour,"['J.J. Barea', 'Kevin Love', 'Luke Ridnour']",True,"['Nikola Pekovic', 'Dante Cunningham', 'J.J. Barea', 'Kevin Love', 'Luke Ridnour']",True,"['Randy Foye', 'Marko Jaric', 'Nikola Pekovic', 'Dante Cunningham', 'J.J. Barea', 'Kevin Love', 'Luke Ridnour']",True,"['Josh Smith', 'Joe Johnson', 'Corey Brewer', 'Randy Foye', 'Marko Jaric', 'Nikola Pekovic', 'Dante Cunningham', 'J.J. Barea', 'Kevin Love', 'Luke Ridnour']",True
Stephen Jackson,Tim Duncan,"['Tiago Splitter', 'Stephen Jackson', 'Tim Duncan']",True,"['Matt Bonner', 'Manu Ginobili', 'Tiago Splitter', 'Stephen Jackson', 'Tim Duncan']",True,"['Michael Finley', 'Patty Mills', 'Matt Bonner', 'Manu Ginobili', 'Tiago Splitter', 'Stephen Jackson', 'Tim Duncan']",True,"['Kawhi Leonard', 'Tony Parker', 'Gary Neal', 'Michael Finley', 'Patty Mills', 'Matt Bonner', 'Manu Ginobili', 'Tiago Splitter', 'Stephen Jackson', 'Tim Duncan']",True
Spencer Hawes,Thaddeus Young,"['Willie Green', 'Spencer Hawes', 'Thaddeus Young']",True,"['Samuel Dalembert', 'Jrue Holiday', 'Willie Green', 'Spencer Hawes', 'Thaddeus Young']",True,"['Lavoy Allen', 'Nick Young', 'Samuel Dalembert', 'Jrue Holiday', 'Willie Green', 'Spencer Hawes', 'Thaddeus Young']",True,"['Evan Turner', 'Royal Ivey', 'Lou Williams', 'Lavoy Allen', 'Nick Young', 'Samuel Dalembert', 'Jrue Holiday', 'Willie Green', 'Spencer Hawes', 'Thaddeus Young']",True
Linas Kleiza,Jose Calderon,"['Linas Kleiza', 'Kyle Lowry', 'Jose Calderon']",True,"['Landry Fields', 'DeMar DeRozan', 'Linas Kleiza', 'Kyle Lowry', 'Jose Calderon']",True,"['Jonas Valanciunas', 'Amir Johnson', 'Landry Fields', 'DeMar DeRozan', 'Linas Kleiza', 'Kyle Lowry', 'Jose Calderon']",True,"['Terrence Ross', 'Ed Davis', 'Rudy Gay', 'Jonas Valanciunas', 'Amir Johnson', 'Landry Fields', 'DeMar DeRozan', 'Linas Kleiza', 'Kyle Lowry', 'Jose Calderon']",True
Steve Novak,Tyson Chandler,"['Steve Novak', 'Wilson Chandler', 'Tyson Chandler']",True,"['J.R. Smith', 'Raymond Felton', 'Steve Novak', 'Wilson Chandler', 'Tyson Chandler']",True,"['Tim Hardaway', 'Toney Douglas', 'J.R. Smith', 'Raymond Felton', 'Steve Novak', 'Wilson Chandler', 'Tyson Chandler']",True,"['Zach Randolph', 'Jason Kidd', 'Carmelo Anthony', 'Tim Hardaway', 'Toney Douglas', 'J.R. Smith', 'Raymond Felton', 'Steve Novak', 'Wilson Chandler', 'Tyson Chandler']",True
Jason Maxiell,Jason Maxiell,"['Jonas Jerebko', 'Greg Monroe', 'Jason Maxiell']",True,"['Kyle Singler', 'Charlie Villanueva', 'Jonas Jerebko', 'Greg Monroe', 'Jason Maxiell']",True,"['Rodney Stuckey', 'Richard Hamilton', 'Kyle Singler', 'Charlie Villanueva', 'Jonas Jerebko', 'Greg Monroe', 'Jason Maxiell']",True,"['Jose Calderon', 'Brandon Knight', 'Tayshaun Prince', 'Rodney Stuckey', 'Richard Hamilton', 'Kyle Singler', 'Charlie Villanueva', 'Jonas Jerebko', 'Greg Monroe', 'Jason Maxiell']",True
Raymond Felton,Raymond Felton,"['Pablo Prigioni', 'J.R. Smith', 'Raymond Felton']",True,"['Jason Kidd', 'Ronnie Brewer', 'Pablo Prigioni', 'J.R. Smith', 'Raymond Felton']",True,"['Steve Novak', 'Carmelo Anthony', 'Jason Kidd', 'Ronnie Brewer', 'Pablo Prigioni', 'J.R. Smith', 'Raymond Felton']",True,"['David Lee', 'Jamal Crawford', 'Shawne Williams', 'Steve Novak', 'Carmelo Anthony', 'Jason Kidd', 'Ronnie Brewer', 'Pablo Prigioni', 'J.R. Smith', 'Raymond Felton']",True
Kevin Martin,Russell Westbrook,"['Serge Ibaka', 'Nick Collison', 'Russell Westbrook']",False,"['Kevin Martin', 'Kevin Durant', 'Serge Ibaka', 'Nick Collison', 'Russell Westbrook']",True,"['Kendrick Perkins', 'Reggie Jackson', 'Kevin Martin', 'Kevin Durant', 'Serge Ibaka', 'Nick Collison', 'Russell Westbrook']",True,"['James Harden', 'Eric Maynor', 'Thabo Sefolosha', 'Kendrick Perkins', 'Reggie Jackson', 'Kevin Martin', 'Kevin Durant', 'Serge Ibaka', 'Nick Collison', 'Russell Westbrook']",True
John Wall,John Wall,"['Kevin Seraphin', 'Nene Hilario', 'John Wall']",True,"['Emeka Okafor', 'Martell Webster', 'Kevin Seraphin', 'Nene Hilario', 'John Wall']",True,"['Garrett Temple', 'Bradley Beal', 'Emeka Okafor', 'Martell Webster', 'Kevin Seraphin', 'Nene Hilario', 'John Wall']",True,"['Marcin Gortat', 'Trevor Ariza', 'Caron Butler', 'Garrett Temple', 'Bradley Beal', 'Emeka Okafor', 'Martell Webster', 'Kevin Seraphin', 'Nene Hilario', 'John Wall']",True
Carmelo Anthony,Carmelo Anthony,"['J.R. Smith', ""Amar'e Stoudemire"", 'Carmelo Anthony']",True,"['David Lee', 'Al Harrington', 'J.R. Smith', ""Amar'e Stoudemire"", 'Carmelo Anthony']",True,"['Chris Duhon', 'Chris Copeland', 'David Lee', 'Al Harrington', 'J.R. Smith', ""Amar'e Stoudemire"", 'Carmelo Anthony']",True,"['Jason Kidd', 'Iman Shumpert', 'Raymond Felton', 'Chris Duhon', 'Chris Copeland', 'David Lee', 'Al Harrington', 'J.R. Smith', ""Amar'e Stoudemire"", 'Carmelo Anthony']",True
Raymond Felton,Tyson Chandler,"['Raymond Felton', 'Steve Novak', 'Tyson Chandler']",True,"['Toney Douglas', 'Wilson Chandler', 'Raymond Felton', 'Steve Novak', 'Tyson Chandler']",True,"['Carmelo Anthony', 'J.R. Smith', 'Toney Douglas', 'Wilson Chandler', 'Raymond Felton', 'Steve Novak', 'Tyson Chandler']",True,"['Zaza Pachulia', 'Landry Fields', 'Tim Hardaway', 'Carmelo Anthony', 'J.R. Smith', 'Toney Douglas', 'Wilson Chandler', 'Raymond Felton', 'Steve Novak', 'Tyson Chandler']",True
Stephen Curry,Stephen Curry,"['Monta Ellis', 'Stephen Jackson', 'Stephen Curry']",True,"['Klay Thompson', 'Jarrett Jack', 'Monta Ellis', 'Stephen Jackson', 'Stephen Curry']",True,"['Vladimir Radmanovic', 'Richard Jefferson', 'Klay Thompson', 'Jarrett Jack', 'Monta Ellis', 'Stephen Jackson', 'Stephen Curry']",True,"['Nate Robinson', 'David Lee', 'Reggie Williams', 'Vladimir Radmanovic', 'Richard Jefferson', 'Klay Thompson', 'Jarrett Jack', 'Monta Ellis', 'Stephen Jackson', 'Stephen Curry']",True
Ekpe Udoh,Ekpe Udoh,"['Brandon Jennings', 'Ersan Ilyasova', 'Ekpe Udoh']",True,"['Mike Dunleavy', 'Charlie Bell', 'Brandon Jennings', 'Ersan Ilyasova', 'Ekpe Udoh']",True,"['Charlie Villanueva', 'Monta Ellis', 'Mike Dunleavy', 'Charlie Bell', 'Brandon Jennings', 'Ersan Ilyasova', 'Ekpe Udoh']",True,"['Samuel Dalembert', 'Luc Mbah a Moute', 'Joe Johnson', 'Charlie Villanueva', 'Monta Ellis', 'Mike Dunleavy', 'Charlie Bell', 'Brandon Jennings', 'Ersan Ilyasova', 'Ekpe Udoh']",True
Dirk Nowitzki,Darren Collison,"['Brandan Wright', 'Dirk Nowitzki', 'Darren Collison']",True,"['Elton Brand', 'Chris Kaman', 'Brandan Wright', 'Dirk Nowitzki', 'Darren Collison']",True,"['Shawn Marion', 'Brendan Haywood', 'Elton Brand', 'Chris Kaman', 'Brandan Wright', 'Dirk Nowitzki', 'Darren Collison']",True,"['Bernard James', 'O.J. Mayo', 'Brandon Bass', 'Shawn Marion', 'Brendan Haywood', 'Elton Brand', 'Chris Kaman', 'Brandan Wright', 'Dirk Nowitzki', 'Darren Collison']",True
James Johnson,John Salmons,"['Marcus Thornton', 'Jason Thompson', 'John Salmons']",False,"['Kevin Martin', 'Francisco Garcia', 'Marcus Thornton', 'Jason Thompson', 'John Salmons']",False,"['DeMarcus Cousins', 'Omri Casspi', 'Kevin Martin', 'Francisco Garcia', 'Marcus Thornton', 'Jason Thompson', 'John Salmons']",False,"['Isaiah Thomas', 'Jimmer Fredette', 'Thomas Robinson', 'DeMarcus Cousins', 'Omri Casspi', 'Kevin Martin', 'Francisco Garcia', 'Marcus Thornton', 'Jason Thompson', 'John Salmons']",False
Alec Burks,Al Jefferson,"['Derrick Favors', 'Alec Burks', 'Al Jefferson']",True,"['DeMarre Carroll', 'Andrei Kirilenko', 'Derrick Favors', 'Alec Burks', 'Al Jefferson']",True,"['Carlos Boozer', 'Dante Exum', 'DeMarre Carroll', 'Andrei Kirilenko', 'Derrick Favors', 'Alec Burks', 'Al Jefferson']",True,"['Enes Kanter', 'C.J. Miles', 'Deron Williams', 'Carlos Boozer', 'Dante Exum', 'DeMarre Carroll', 'Andrei Kirilenko', 'Derrick Favors', 'Alec Burks', 'Al Jefferson']",True
O.J. Mayo,O.J. Mayo,"['Shawn Marion', 'Jae Crowder', 'O.J. Mayo']",True,"['Mike James', 'Jason Terry', 'Shawn Marion', 'Jae Crowder', 'O.J. Mayo']",True,"['Jason Kidd', 'Dirk Nowitzki', 'Mike James', 'Jason Terry', 'Shawn Marion', 'Jae Crowder', 'O.J. Mayo']",True,"['J.J. Barea', 'Rodrigue Beaubois', 'Darren Collison', 'Jason Kidd', 'Dirk Nowitzki', 'Mike James', 'Jason Terry', 'Shawn Marion', 'Jae Crowder', 'O.J. Mayo']",True
Stephen Curry,Stephen Curry,"['Monta Ellis', 'Stephen Jackson', 'Stephen Curry']",True,"['Jarrett Jack', 'Klay Thompson', 'Monta Ellis', 'Stephen Jackson', 'Stephen Curry']",True,"['Vladimir Radmanovic', 'Richard Jefferson', 'Jarrett Jack', 'Klay Thompson', 'Monta Ellis', 'Stephen Jackson', 'Stephen Curry']",True,"['Nate Robinson', 'Reggie Williams', 'David Lee', 'Vladimir Radmanovic', 'Richard Jefferson', 'Jarrett Jack', 'Klay Thompson', 'Monta Ellis', 'Stephen Jackson', 'Stephen Curry']",True
Chris Bosh,Chris Bosh,"['Chris Andersen', 'Dwyane Wade', 'Chris Bosh']",True,"['LeBron James', 'Joel Anthony', 'Chris Andersen', 'Dwyane Wade', 'Chris Bosh']",True,"['Udonis Haslem', 'Mario Chalmers', 'LeBron James', 'Joel Anthony', 'Chris Andersen', 'Dwyane Wade', 'Chris Bosh']",True,"['Shane Battier', 'Norris Cole', 'Ray Allen', 'Udonis Haslem', 'Mario Chalmers', 'LeBron James', 'Joel Anthony', 'Chris Andersen', 'Dwyane Wade', 'Chris Bosh']",True
Tobias Harris,Nikola Vucevic,"['Victor Oladipo', 'Tobias Harris', 'Nikola Vucevic']",True,"['Jameer Nelson', 'Maurice Harkless', 'Victor Oladipo', 'Tobias Harris', 'Nikola Vucevic']",True,"['Rashard Lewis', 'J.J. Redick', 'Jameer Nelson', 'Maurice Harkless', 'Victor Oladipo', 'Tobias Harris', 'Nikola Vucevic']",True,"[""E'Twaun Moore"", 'Ryan Anderson', 'Trevor Ariza', 'Rashard Lewis', 'J.J. Redick', 'Jameer Nelson', 'Maurice Harkless', 'Victor Oladipo', 'Tobias Harris', 'Nikola Vucevic']",True
Derrick Favors,Gordon Hayward,"['Earl Watson', 'Derrick Favors', 'Gordon Hayward']",True,"['Paul Millsap', 'Enes Kanter', 'Earl Watson', 'Derrick Favors', 'Gordon Hayward']",True,"['Deron Williams', 'Marvin Williams', 'Paul Millsap', 'Enes Kanter', 'Earl Watson', 'Derrick Favors', 'Gordon Hayward']",True,"['Carlos Boozer', 'Al Jefferson', 'DeMarre Carroll', 'Deron Williams', 'Marvin Williams', 'Paul Millsap', 'Enes Kanter', 'Earl Watson', 'Derrick Favors', 'Gordon Hayward']",True
Dwight Howard,Kobe Bryant,"['Metta World Peace', 'Dwight Howard', 'Kobe Bryant']",True,"['Pau Gasol', 'Jodie Meeks', 'Metta World Peace', 'Dwight Howard', 'Kobe Bryant']",True,"['Lamar Odom', 'Chris Duhon', 'Pau Gasol', 'Jodie Meeks', 'Metta World Peace', 'Dwight Howard', 'Kobe Bryant']",True,"['Steve Blake', 'Antawn Jamison', 'Jordan Hill', 'Lamar Odom', 'Chris Duhon', 'Pau Gasol', 'Jodie Meeks', 'Metta World Peace', 'Dwight Howard', 'Kobe Bryant']",True
Richard Hamilton,Richard Hamilton,"['Luol Deng', 'Taj Gibson', 'Richard Hamilton']",True,"['Nate Robinson', 'Marco Belinelli', 'Luol Deng', 'Taj Gibson', 'Richard Hamilton']",True,"['Tyrus Thomas', 'Nazr Mohammed', 'Nate Robinson', 'Marco Belinelli', 'Luol Deng', 'Taj Gibson', 'Richard Hamilton']",True,"['Tony Snell', 'Joakim Noah', 'Kirk Hinrich', 'Tyrus Thomas', 'Nazr Mohammed', 'Nate Robinson', 'Marco Belinelli', 'Luol Deng', 'Taj Gibson', 'Richard Hamilton']",True
Andre Miller,Danilo Gallinari,"['Andre Miller', 'Corey Brewer', 'Danilo Gallinari']",True,"['Carmelo Anthony', 'Kenneth Faried', 'Andre Miller', 'Corey Brewer', 'Danilo Gallinari']",True,"['Kosta Koufos', 'Ty Lawson', 'Carmelo Anthony', 'Kenneth Faried', 'Andre Miller', 'Corey Brewer', 'Danilo Gallinari']",True,"['Chauncey Billups', 'Arron Afflalo', 'J.R. Smith', 'Kosta Koufos', 'Ty Lawson', 'Carmelo Anthony', 'Kenneth Faried', 'Andre Miller', 'Corey Brewer', 'Danilo Gallinari']",True
Tyler Hansbrough,Tyler Hansbrough,"['Troy Murphy', 'Paul George', 'Tyler Hansbrough']",True,"['Stephen Jackson', 'Roy Hibbert', 'Troy Murphy', 'Paul George', 'Tyler Hansbrough']",True,"['Lance Stephenson', 'Mike Dunleavy', 'Stephen Jackson', 'Roy Hibbert', 'Troy Murphy', 'Paul George', 'Tyler Hansbrough']",True,"['George Hill', 'Sam Young', 'Ian Mahinmi', 'Lance Stephenson', 'Mike Dunleavy', 'Stephen Jackson', 'Roy Hibbert', 'Troy Murphy', 'Paul George', 'Tyler Hansbrough']",True
Andrew Nicholson,Arron Afflalo,"['Dwight Howard', 'Andrew Nicholson', 'Arron Afflalo']",True,"['Al Harrington', 'Jameer Nelson', 'Dwight Howard', 'Andrew Nicholson', 'Arron Afflalo']",True,"['Nikola Vucevic', ""E'Twaun Moore"", 'Al Harrington', 'Jameer Nelson', 'Dwight Howard', 'Andrew Nicholson', 'Arron Afflalo']",True,"['J.J. Redick', 'Brandon Bass', 'Beno Udrih', 'Nikola Vucevic', ""E'Twaun Moore"", 'Al Harrington', 'Jameer Nelson', 'Dwight Howard', 'Andrew Nicholson', 'Arron Afflalo']",True
Ricky Rubio,Ricky Rubio,"['Luke Ridnour', 'Nikola Pekovic', 'Ricky Rubio']",True,"['Wayne Ellington', 'Sebastian Telfair', 'Luke Ridnour', 'Nikola Pekovic', 'Ricky Rubio']",True,"['Wesley Johnson', 'Ryan Gomes', 'Wayne Ellington', 'Sebastian Telfair', 'Luke Ridnour', 'Nikola Pekovic', 'Ricky Rubio']",True,"['Trenton Hassell', 'J.J. Barea', 'Kevin Love', 'Wesley Johnson', 'Ryan Gomes', 'Wayne Ellington', 'Sebastian Telfair', 'Luke Ridnour', 'Nikola Pekovic', 'Ricky Rubio']",True
Courtney Lee,Courtney Lee,"['Paul Pierce', 'Jeff Green', 'Courtney Lee']",True,"['Rajon Rondo', 'Jason Terry', 'Paul Pierce', 'Jeff Green', 'Courtney Lee']",True,"['Jared Sullinger', 'Kevin Garnett', 'Rajon Rondo', 'Jason Terry', 'Paul Pierce', 'Jeff Green', 'Courtney Lee']",True,"['Kelly Olynyk', 'Jordan Crawford', 'Brandon Bass', 'Jared Sullinger', 'Kevin Garnett', 'Rajon Rondo', 'Jason Terry', 'Paul Pierce', 'Jeff Green', 'Courtney Lee']",True
Shawn Marion,Shawn Marion,"['Jason Terry', 'O.J. Mayo', 'Shawn Marion']",True,"['Jae Crowder', 'Dirk Nowitzki', 'Jason Terry', 'O.J. Mayo', 'Shawn Marion']",True,"['Jerry Stackhouse', 'Mike James', 'Jae Crowder', 'Dirk Nowitzki', 'Jason Terry', 'O.J. Mayo', 'Shawn Marion']",True,"['Rodrigue Beaubois', 'Darren Collison', 'Jason Kidd', 'Jerry Stackhouse', 'Mike James', 'Jae Crowder', 'Dirk Nowitzki', 'Jason Terry', 'O.J. Mayo', 'Shawn Marion']",True
Wayne Ellington,Tristan Thompson,"['Wayne Ellington', 'Tyler Zeller', 'Tristan Thompson']",True,"['Zydrunas Ilgauskas', 'LeBron James', 'Wayne Ellington', 'Tyler Zeller', 'Tristan Thompson']",True,"['Mo Williams', 'Kyrie Irving', 'Zydrunas Ilgauskas', 'LeBron James', 'Wayne Ellington', 'Tyler Zeller', 'Tristan Thompson']",True,"['Alonzo Gee', 'Anderson Varejao', 'Daniel Gibson', 'Mo Williams', 'Kyrie Irving', 'Zydrunas Ilgauskas', 'LeBron James', 'Wayne Ellington', 'Tyler Zeller', 'Tristan Thompson']",True
Nick Young,Jrue Holiday,"['Thaddeus Young', 'Lavoy Allen', 'Jrue Holiday']",False,"['Evan Turner', 'Royal Ivey', 'Thaddeus Young', 'Lavoy Allen', 'Jrue Holiday']",False,"['Lou Williams', 'Nick Young', 'Evan Turner', 'Royal Ivey', 'Thaddeus Young', 'Lavoy Allen', 'Jrue Holiday']",True,"['Samuel Dalembert', 'Andre Iguodala', 'Elton Brand', 'Lou Williams', 'Nick Young', 'Evan Turner', 'Royal Ivey', 'Thaddeus Young', 'Lavoy Allen', 'Jrue Holiday']",True
Rudy Gay,Tony Allen,"['Wayne Ellington', 'Rudy Gay', 'Tony Allen']",True,"['Quincy Pondexter', 'Mike Conley', 'Wayne Ellington', 'Rudy Gay', 'Tony Allen']",True,"['Zach Randolph', 'Tayshaun Prince', 'Quincy Pondexter', 'Mike Conley', 'Wayne Ellington', 'Rudy Gay', 'Tony Allen']",True,"['Jerryd Bayless', 'Marc Gasol', 'O.J. Mayo', 'Zach Randolph', 'Tayshaun Prince', 'Quincy Pondexter', 'Mike Conley', 'Wayne Ellington', 'Rudy Gay', 'Tony Allen']",True
Jason Maxiell,Jason Maxiell,"['Kyle Singler', 'Greg Monroe', 'Jason Maxiell']",True,"['Rodney Stuckey', 'Jose Calderon', 'Kyle Singler', 'Greg Monroe', 'Jason Maxiell']",True,"['Charlie Villanueva', 'Jonas Jerebko', 'Rodney Stuckey', 'Jose Calderon', 'Kyle Singler', 'Greg Monroe', 'Jason Maxiell']",True,"['Rasheed Wallace', 'Tayshaun Prince', 'Richard Hamilton', 'Charlie Villanueva', 'Jonas Jerebko', 'Rodney Stuckey', 'Jose Calderon', 'Kyle Singler', 'Greg Monroe', 'Jason Maxiell']",True
Marvin Williams,Paul Millsap,"['Marvin Williams', 'Gordon Hayward', 'Paul Millsap']",True,"['Enes Kanter', 'Derrick Favors', 'Marvin Williams', 'Gordon Hayward', 'Paul Millsap']",True,"['Mehmet Okur', 'Earl Watson', 'Enes Kanter', 'Derrick Favors', 'Marvin Williams', 'Gordon Hayward', 'Paul Millsap']",True,"['DeMarre Carroll', 'Jamaal Tinsley', 'Deron Williams', 'Mehmet Okur', 'Earl Watson', 'Enes Kanter', 'Derrick Favors', 'Marvin Williams', 'Gordon Hayward', 'Paul Millsap']",True
Marcin Gortat,Jared Dudley,"['Markieff Morris', 'Goran Dragic', 'Jared Dudley']",False,"['Luis Scola', 'Grant Hill', 'Markieff Morris', 'Goran Dragic', 'Jared Dudley']",False,"['Kendall Marshall', 'Marcin Gortat', 'Luis Scola', 'Grant Hill', 'Markieff Morris', 'Goran Dragic', 'Jared Dudley']",True,"['Boris Diaw', 'Marcus Morris', 'Leandro Barbosa', 'Kendall Marshall', 'Marcin Gortat', 'Luis Scola', 'Grant Hill', 'Markieff Morris', 'Goran Dragic', 'Jared Dudley']",True
Darren Collison,Darren Collison,"['Elton Brand', 'Dirk Nowitzki', 'Darren Collison']",True,"['Erick Dampier', 'O.J. Mayo', 'Elton Brand', 'Dirk Nowitzki', 'Darren Collison']",True,"['Devin Harris', 'Jason Terry', 'Erick Dampier', 'O.J. Mayo', 'Elton Brand', 'Dirk Nowitzki', 'Darren Collison']",True,"['Dominique Jones', 'Jae Crowder', 'Shawn Marion', 'Devin Harris', 'Jason Terry', 'Erick Dampier', 'O.J. Mayo', 'Elton Brand', 'Dirk Nowitzki', 'Darren Collison']",True
Gerald Green,Gerald Green,"['Danny Granger', 'David West', 'Gerald Green']",True,"['George Hill', 'Ian Mahinmi', 'Danny Granger', 'David West', 'Gerald Green']",True,"['Lance Stephenson', 'Jeff Foster', 'George Hill', 'Ian Mahinmi', 'Danny Granger', 'David West', 'Gerald Green']",True,"['Jamaal Tinsley', 'Roy Hibbert', 'Paul George', 'Lance Stephenson', 'Jeff Foster', 'George Hill', 'Ian Mahinmi', 'Danny Granger', 'David West', 'Gerald Green']",True
Alexey Shved,Andrei Kirilenko,"['Al Jefferson', 'Alexey Shved', 'Andrei Kirilenko']",True,"['Al Horford', 'Corey Brewer', 'Al Jefferson', 'Alexey Shved', 'Andrei Kirilenko']",True,"['Derrick Williams', 'Dante Cunningham', 'Al Horford', 'Corey Brewer', 'Al Jefferson', 'Alexey Shved', 'Andrei Kirilenko']",True,"['Chase Budinger', 'Andre Iguodala', 'Kevin Love', 'Derrick Williams', 'Dante Cunningham', 'Al Horford', 'Corey Brewer', 'Al Jefferson', 'Alexey Shved', 'Andrei Kirilenko']",True
Ronny Turiaf,Ryan Hollins,"['Ronny Turiaf', 'Matt Barnes', 'Ryan Hollins']",True,"['DeAndre Jordan', 'Jamal Crawford', 'Ronny Turiaf', 'Matt Barnes', 'Ryan Hollins']",True,"['Blake Griffin', 'Willie Green', 'DeAndre Jordan', 'Jamal Crawford', 'Ronny Turiaf', 'Matt Barnes', 'Ryan Hollins']",True,"['Zaza Pachulia', 'Chris Paul', 'Randy Foye', 'Blake Griffin', 'Willie Green', 'DeAndre Jordan', 'Jamal Crawford', 'Ronny Turiaf', 'Matt Barnes', 'Ryan Hollins']",True
Tony Parker,Tony Parker,"['Tiago Splitter', 'Tim Duncan', 'Tony Parker']",True,"['Matt Bonner', 'Manu Ginobili', 'Tiago Splitter', 'Tim Duncan', 'Tony Parker']",True,"['Stephen Jackson', 'Kawhi Leonard', 'Matt Bonner', 'Manu Ginobili', 'Tiago Splitter', 'Tim Duncan', 'Tony Parker']",True,"['Richard Jefferson', 'Michael Finley', 'Danny Green', 'Stephen Jackson', 'Kawhi Leonard', 'Matt Bonner', 'Manu Ginobili', 'Tiago Splitter', 'Tim Duncan', 'Tony Parker']",True
Luke Babbitt,LaMarcus Aldridge,"['Eric Maynor', 'J.J. Hickson', 'LaMarcus Aldridge']",False,"['Meyers Leonard', 'Jared Jeffries', 'Eric Maynor', 'J.J. Hickson', 'LaMarcus Aldridge']",False,"['Damian Lillard', 'Nicolas Batum', 'Meyers Leonard', 'Jared Jeffries', 'Eric Maynor', 'J.J. Hickson', 'LaMarcus Aldridge']",False,"['Joel Freeland', 'Brandon Roy', 'Luke Babbitt', 'Damian Lillard', 'Nicolas Batum', 'Meyers Leonard', 'Jared Jeffries', 'Eric Maynor', 'J.J. Hickson', 'LaMarcus Aldridge']",True
DeMar DeRozan,DeMar DeRozan,"['Jonas Valanciunas', 'Amir Johnson', 'DeMar DeRozan']",True,"['Andrea Bargnani', 'Chris Bosh', 'Jonas Valanciunas', 'Amir Johnson', 'DeMar DeRozan']",True,"['Anthony Parker', 'Ed Davis', 'Andrea Bargnani', 'Chris Bosh', 'Jonas Valanciunas', 'Amir Johnson', 'DeMar DeRozan']",True,"['Jose Calderon', 'Greivis Vasquez', 'Kyle Lowry', 'Anthony Parker', 'Ed Davis', 'Andrea Bargnani', 'Chris Bosh', 'Jonas Valanciunas', 'Amir Johnson', 'DeMar DeRozan']",True
David Lee,David Lee,"['Draymond Green', 'Festus Ezeli', 'David Lee']",True,"['Stephen Curry', 'Harrison Barnes', 'Draymond Green', 'Festus Ezeli', 'David Lee']",True,"['Baron Davis', 'Carl Landry', 'Stephen Curry', 'Harrison Barnes', 'Draymond Green', 'Festus Ezeli', 'David Lee']",True,"['Andris Biedrins', 'Monta Ellis', 'Jarrett Jack', 'Baron Davis', 'Carl Landry', 'Stephen Curry', 'Harrison Barnes', 'Draymond Green', 'Festus Ezeli', 'David Lee']",True
Josh Smith,Joe Johnson,"['Jamal Crawford', 'Josh Smith', 'Joe Johnson']",True,"['Dwight Howard', 'Marvin Williams', 'Jamal Crawford', 'Josh Smith', 'Joe Johnson']",True,"['Carmelo Anthony', 'Deron Williams', 'Dwight Howard', 'Marvin Williams', 'Jamal Crawford', 'Josh Smith', 'Joe Johnson']",True,"['Chris Paul', 'J.R. Smith', 'Jarrett Jack', 'Carmelo Anthony', 'Deron Williams', 'Dwight Howard', 'Marvin Williams', 'Jamal Crawford', 'Josh Smith', 'Joe Johnson']",True
Boris Diaw,Boris Diaw,"['DeJuan Blair', 'Danny Green', 'Boris Diaw']",True,"['Gary Neal', 'Bruce Bowen', 'DeJuan Blair', 'Danny Green', 'Boris Diaw']",True,"['Manu Ginobili', 'Kawhi Leonard', 'Gary Neal', 'Bruce Bowen', 'DeJuan Blair', 'Danny Green', 'Boris Diaw']",True,"['Antonio McDyess', 'Tony Parker', 'Tim Duncan', 'Manu Ginobili', 'Kawhi Leonard', 'Gary Neal', 'Bruce Bowen', 'DeJuan Blair', 'Danny Green', 'Boris Diaw']",True
Tony Parker,Tony Parker,"['Tiago Splitter', 'Tim Duncan', 'Tony Parker']",True,"['Manu Ginobili', 'Stephen Jackson', 'Tiago Splitter', 'Tim Duncan', 'Tony Parker']",True,"['Danny Green', 'Matt Bonner', 'Manu Ginobili', 'Stephen Jackson', 'Tiago Splitter', 'Tim Duncan', 'Tony Parker']",True,"['Michael Finley', 'Kawhi Leonard', 'Patty Mills', 'Danny Green', 'Matt Bonner', 'Manu Ginobili', 'Stephen Jackson', 'Tiago Splitter', 'Tim Duncan', 'Tony Parker']",True
Al Harrington,John Wall,"['Chris Singleton', 'Bradley Beal', 'John Wall']",False,"['Antawn Jamison', 'Andray Blatche', 'Chris Singleton', 'Bradley Beal', 'John Wall']",False,"['Marcin Gortat', 'Martell Webster', 'Antawn Jamison', 'Andray Blatche', 'Chris Singleton', 'Bradley Beal', 'John Wall']",False,"['Kevin Seraphin', 'Garrett Temple', 'JaVale McGee', 'Marcin Gortat', 'Martell Webster', 'Antawn Jamison', 'Andray Blatche', 'Chris Singleton', 'Bradley Beal', 'John Wall']",False
Kawhi Leonard,Kawhi Leonard,"['Danny Green', 'Manu Ginobili', 'Kawhi Leonard']",True,"['Tim Duncan', 'Marco Belinelli', 'Danny Green', 'Manu Ginobili', 'Kawhi Leonard']",True,"['Boris Diaw', 'Jeff Ayres', 'Tim Duncan', 'Marco Belinelli', 'Danny Green', 'Manu Ginobili', 'Kawhi Leonard']",True,"['Matt Bonner', 'Tony Parker', 'DeJuan Blair', 'Boris Diaw', 'Jeff Ayres', 'Tim Duncan', 'Marco Belinelli', 'Danny Green', 'Manu Ginobili', 'Kawhi Leonard']",True
Marcus Morris,Marcus Morris,"['Markieff Morris', 'Goran Dragic', 'Marcus Morris']",True,"['Leandro Barbosa', 'Gerald Green', 'Markieff Morris', 'Goran Dragic', 'Marcus Morris']",True,"['Jared Dudley', 'Channing Frye', 'Leandro Barbosa', 'Gerald Green', 'Markieff Morris', 'Goran Dragic', 'Marcus Morris']",True,"['Eric Bledsoe', 'P.J. Tucker', 'Ish Smith', 'Jared Dudley', 'Channing Frye', 'Leandro Barbosa', 'Gerald Green', 'Markieff Morris', 'Goran Dragic', 'Marcus Morris']",True
Paul George,Paul George,"['Lance Stephenson', 'Roy Hibbert', 'Paul George']",True,"['Luis Scola', 'George Hill', 'Lance Stephenson', 'Roy Hibbert', 'Paul George']",True,"['David West', 'Ian Mahinmi', 'Luis Scola', 'George Hill', 'Lance Stephenson', 'Roy Hibbert', 'Paul George']",True,"['Mike Dunleavy', 'Darren Collison', 'Danny Granger', 'David West', 'Ian Mahinmi', 'Luis Scola', 'George Hill', 'Lance Stephenson', 'Roy Hibbert', 'Paul George']",True
Isaiah Thomas,Isaiah Thomas,"['DeMarcus Cousins', 'Jason Thompson', 'Isaiah Thomas']",True,"['Travis Outlaw', 'Derrick Williams', 'DeMarcus Cousins', 'Jason Thompson', 'Isaiah Thomas']",True,"['John Salmons', 'Francisco Garcia', 'Travis Outlaw', 'Derrick Williams', 'DeMarcus Cousins', 'Jason Thompson', 'Isaiah Thomas']",True,"['Marcus Thornton', 'Rudy Gay', 'Ben McLemore', 'John Salmons', 'Francisco Garcia', 'Travis Outlaw', 'Derrick Williams', 'DeMarcus Cousins', 'Jason Thompson', 'Isaiah Thomas']",True
Evan Turner,Michael Carter-Williams,"['Thaddeus Young', 'Spencer Hawes', 'Michael Carter-Williams']",False,"['James Anderson', 'Hollis Thompson', 'Thaddeus Young', 'Spencer Hawes', 'Michael Carter-Williams']",False,"['Evan Turner', 'Lavoy Allen', 'James Anderson', 'Hollis Thompson', 'Thaddeus Young', 'Spencer Hawes', 'Michael Carter-Williams']",True,"['Tony Wroten', 'Andre Iguodala', 'Elliot Williams', 'Evan Turner', 'Lavoy Allen', 'James Anderson', 'Hollis Thompson', 'Thaddeus Young', 'Spencer Hawes', 'Michael Carter-Williams']",True
Kevin Durant,Kevin Durant,"['Perry Jones', 'Nick Collison', 'Kevin Durant']",True,"['Serge Ibaka', 'Jeremy Lamb', 'Perry Jones', 'Nick Collison', 'Kevin Durant']",True,"['Russell Westbrook', 'Kendrick Perkins', 'Serge Ibaka', 'Jeremy Lamb', 'Perry Jones', 'Nick Collison', 'Kevin Durant']",True,"['James Harden', 'Thabo Sefolosha', 'Reggie Jackson', 'Russell Westbrook', 'Kendrick Perkins', 'Serge Ibaka', 'Jeremy Lamb', 'Perry Jones', 'Nick Collison', 'Kevin Durant']",True
Carlos Boozer,Carlos Boozer,"['Joakim Noah', 'D.J. Augustin', 'Carlos Boozer']",True,"['Ben Gordon', 'Jimmy Butler', 'Joakim Noah', 'D.J. Augustin', 'Carlos Boozer']",True,"['Andres Nocioni', 'Derrick Rose', 'Ben Gordon', 'Jimmy Butler', 'Joakim Noah', 'D.J. Augustin', 'Carlos Boozer']",True,"['Luol Deng', 'C.J. Watson', 'Kirk Hinrich', 'Andres Nocioni', 'Derrick Rose', 'Ben Gordon', 'Jimmy Butler', 'Joakim Noah', 'D.J. Augustin', 'Carlos Boozer']",True
Trey Burke,Trey Burke,"['Richard Jefferson', 'Paul Millsap', 'Trey Burke']",True,"['Gordon Hayward', 'Rudy Gobert', 'Richard Jefferson', 'Paul Millsap', 'Trey Burke']",True,"['Derrick Favors', 'Randy Foye', 'Gordon Hayward', 'Rudy Gobert', 'Richard Jefferson', 'Paul Millsap', 'Trey Burke']",True,"['Ronnie Brewer', 'Marvin Williams', 'Jeremy Evans', 'Derrick Favors', 'Randy Foye', 'Gordon Hayward', 'Rudy Gobert', 'Richard Jefferson', 'Paul Millsap', 'Trey Burke']",True
Jimmy Butler,Joakim Noah,"['Kirk Hinrich', 'Jimmy Butler', 'Joakim Noah']",True,"['Mike Dunleavy', 'Luol Deng', 'Kirk Hinrich', 'Jimmy Butler', 'Joakim Noah']",True,"['Carlos Boozer', 'Derrick Rose', 'Mike Dunleavy', 'Luol Deng', 'Kirk Hinrich', 'Jimmy Butler', 'Joakim Noah']",True,"['Ben Wallace', 'D.J. Augustin', 'Chris Duhon', 'Carlos Boozer', 'Derrick Rose', 'Mike Dunleavy', 'Luol Deng', 'Kirk Hinrich', 'Jimmy Butler', 'Joakim Noah']",True
C.J. Watson,C.J. Watson,"['Danny Granger', 'David West', 'C.J. Watson']",True,"['Brandon Rush', 'George Hill', 'Danny Granger', 'David West', 'C.J. Watson']",True,"['Lance Stephenson', 'Roy Hibbert', 'Brandon Rush', 'George Hill', 'Danny Granger', 'David West', 'C.J. Watson']",True,"['D.J. Augustin', 'Paul George', 'A.J. Price', 'Lance Stephenson', 'Roy Hibbert', 'Brandon Rush', 'George Hill', 'Danny Granger', 'David West', 'C.J. Watson']",True
Tyreke Evans,Tyreke Evans,"['Toney Douglas', 'Ryan Anderson', 'Tyreke Evans']",True,"['Tyson Chandler', 'Jrue Holiday', 'Toney Douglas', 'Ryan Anderson', 'Tyreke Evans']",True,"['Trevor Ariza', 'Eric Gordon', 'Tyson Chandler', 'Jrue Holiday', 'Toney Douglas', 'Ryan Anderson', 'Tyreke Evans']",True,"['Zaza Pachulia', 'Anthony Davis', 'Jeff Withey', 'Trevor Ariza', 'Eric Gordon', 'Tyson Chandler', 'Jrue Holiday', 'Toney Douglas', 'Ryan Anderson', 'Tyreke Evans']",True
Mario Chalmers,Mario Chalmers,"['Norris Cole', 'LeBron James', 'Mario Chalmers']",True,"['Dwyane Wade', 'Shane Battier', 'Norris Cole', 'LeBron James', 'Mario Chalmers']",True,"['Michael Beasley', 'Ray Allen', 'Dwyane Wade', 'Shane Battier', 'Norris Cole', 'LeBron James', 'Mario Chalmers']",True,"['Udonis Haslem', 'Chris Bosh', 'Rashard Lewis', 'Michael Beasley', 'Ray Allen', 'Dwyane Wade', 'Shane Battier', 'Norris Cole', 'LeBron James', 'Mario Chalmers']",True
Kyle Singler,Kyle Singler,"['Josh Smith', 'Kentavious Caldwell-Pope', 'Kyle Singler']",True,"['Rodney Stuckey', 'Greg Monroe', 'Josh Smith', 'Kentavious Caldwell-Pope', 'Kyle Singler']",True,"['Andre Drummond', 'Brandon Jennings', 'Rodney Stuckey', 'Greg Monroe', 'Josh Smith', 'Kentavious Caldwell-Pope', 'Kyle Singler']",True,"['Tayshaun Prince', 'Richard Hamilton', 'Jonas Jerebko', 'Andre Drummond', 'Brandon Jennings', 'Rodney Stuckey', 'Greg Monroe', 'Josh Smith', 'Kentavious Caldwell-Pope', 'Kyle Singler']",True
Tim Duncan,Tim Duncan,"['Marco Belinelli', 'Tiago Splitter', 'Tim Duncan']",True,"['Manu Ginobili', 'Patty Mills', 'Marco Belinelli', 'Tiago Splitter', 'Tim Duncan']",True,"['Matt Bonner', 'Kawhi Leonard', 'Manu Ginobili', 'Patty Mills', 'Marco Belinelli', 'Tiago Splitter', 'Tim Duncan']",True,"['Danny Green', 'Boris Diaw', 'Tony Parker', 'Matt Bonner', 'Kawhi Leonard', 'Manu Ginobili', 'Patty Mills', 'Marco Belinelli', 'Tiago Splitter', 'Tim Duncan']",True
Joe Johnson,Deron Williams,"['Andray Blatche', 'Joe Johnson', 'Deron Williams']",True,"['Brook Lopez', 'Josh Smith', 'Andray Blatche', 'Joe Johnson', 'Deron Williams']",True,"['Carmelo Anthony', 'Jamal Crawford', 'Brook Lopez', 'Josh Smith', 'Andray Blatche', 'Joe Johnson', 'Deron Williams']",True,"['Marvin Williams', 'Dwight Howard', 'Jarrett Jack', 'Carmelo Anthony', 'Jamal Crawford', 'Brook Lopez', 'Josh Smith', 'Andray Blatche', 'Joe Johnson', 'Deron Williams']",True
Greg Stiemsma,Tyreke Evans,"['Jason Smith', 'Eric Gordon', 'Tyreke Evans']",False,"['Tyson Chandler', 'Greg Stiemsma', 'Jason Smith', 'Eric Gordon', 'Tyreke Evans']",True,"['Ryan Anderson', 'Trevor Ariza', 'Tyson Chandler', 'Greg Stiemsma', 'Jason Smith', 'Eric Gordon', 'Tyreke Evans']",True,"['Wilson Chandler', 'Anthony Davis', 'Zaza Pachulia', 'Ryan Anderson', 'Trevor Ariza', 'Tyson Chandler', 'Greg Stiemsma', 'Jason Smith', 'Eric Gordon', 'Tyreke Evans']",True
Terrence Jones,Terrence Jones,"['Yao Ming', 'Trevor Ariza', 'Terrence Jones']",True,"['Patrick Beverley', 'Shane Battier', 'Yao Ming', 'Trevor Ariza', 'Terrence Jones']",True,"['James Harden', 'Tracy McGrady', 'Patrick Beverley', 'Shane Battier', 'Yao Ming', 'Trevor Ariza', 'Terrence Jones']",True,"['Jeremy Lin', 'Omri Casspi', 'Patrick Patterson', 'James Harden', 'Tracy McGrady', 'Patrick Beverley', 'Shane Battier', 'Yao Ming', 'Trevor Ariza', 'Terrence Jones']",True
Kawhi Leonard,Kawhi Leonard,"['Danny Green', 'Manu Ginobili', 'Kawhi Leonard']",True,"['Patty Mills', 'Marco Belinelli', 'Danny Green', 'Manu Ginobili', 'Kawhi Leonard']",True,"['Tim Duncan', 'Cory Joseph', 'Patty Mills', 'Marco Belinelli', 'Danny Green', 'Manu Ginobili', 'Kawhi Leonard']",True,"['Tony Parker', 'Matt Bonner', 'Boris Diaw', 'Tim Duncan', 'Cory Joseph', 'Patty Mills', 'Marco Belinelli', 'Danny Green', 'Manu Ginobili', 'Kawhi Leonard']",True
Mario Chalmers,Mario Chalmers,"['LeBron James', 'Norris Cole', 'Mario Chalmers']",True,"['Michael Beasley', 'Ray Allen', 'LeBron James', 'Norris Cole', 'Mario Chalmers']",True,"['Chris Bosh', 'Dwyane Wade', 'Michael Beasley', 'Ray Allen', 'LeBron James', 'Norris Cole', 'Mario Chalmers']",True,"['Udonis Haslem', 'Rashard Lewis', 'Shane Battier', 'Chris Bosh', 'Dwyane Wade', 'Michael Beasley', 'Ray Allen', 'LeBron James', 'Norris Cole', 'Mario Chalmers']",True
Greg Monroe,Brandon Jennings,"['Josh Smith', 'Greg Monroe', 'Brandon Jennings']",True,"['Jonas Jerebko', 'Rodney Stuckey', 'Josh Smith', 'Greg Monroe', 'Brandon Jennings']",True,"['Kentavious Caldwell-Pope', 'Andre Drummond', 'Jonas Jerebko', 'Rodney Stuckey', 'Josh Smith', 'Greg Monroe', 'Brandon Jennings']",True,"['Ben Wallace', 'Jason Maxiell', 'Kyle Singler', 'Kentavious Caldwell-Pope', 'Andre Drummond', 'Jonas Jerebko', 'Rodney Stuckey', 'Josh Smith', 'Greg Monroe', 'Brandon Jennings']",True
Josh Smith,Josh Smith,"['Greg Monroe', 'Kentavious Caldwell-Pope', 'Josh Smith']",True,"['Kyle Singler', 'Jonas Jerebko', 'Greg Monroe', 'Kentavious Caldwell-Pope', 'Josh Smith']",True,"['Brandon Jennings', 'Rodney Stuckey', 'Kyle Singler', 'Jonas Jerebko', 'Greg Monroe', 'Kentavious Caldwell-Pope', 'Josh Smith']",True,"['Richard Hamilton', 'Andre Drummond', 'Jason Maxiell', 'Brandon Jennings', 'Rodney Stuckey', 'Kyle Singler', 'Jonas Jerebko', 'Greg Monroe', 'Kentavious Caldwell-Pope', 'Josh Smith']",True
Mike Miller,Mike Miller,"['Tony Allen', 'Rudy Gay', 'Mike Miller']",True,"['Nick Calathes', 'Mike Conley', 'Tony Allen', 'Rudy Gay', 'Mike Miller']",True,"['Tayshaun Prince', 'O.J. Mayo', 'Nick Calathes', 'Mike Conley', 'Tony Allen', 'Rudy Gay', 'Mike Miller']",True,"['Pau Gasol', 'Marc Gasol', 'Zach Randolph', 'Tayshaun Prince', 'O.J. Mayo', 'Nick Calathes', 'Mike Conley', 'Tony Allen', 'Rudy Gay', 'Mike Miller']",True
Paul George,Paul George,"['Lance Stephenson', 'Roy Hibbert', 'Paul George']",True,"['George Hill', 'Luis Scola', 'Lance Stephenson', 'Roy Hibbert', 'Paul George']",True,"['David West', 'Ian Mahinmi', 'George Hill', 'Luis Scola', 'Lance Stephenson', 'Roy Hibbert', 'Paul George']",True,"['Rasual Butler', 'Danny Granger', 'Mike Dunleavy', 'David West', 'Ian Mahinmi', 'George Hill', 'Luis Scola', 'Lance Stephenson', 'Roy Hibbert', 'Paul George']",True
Alan Anderson,Alan Anderson,"['Deron Williams', 'Joe Johnson', 'Alan Anderson']",True,"['Al Horford', 'Brook Lopez', 'Deron Williams', 'Joe Johnson', 'Alan Anderson']",True,"['Al Jefferson', 'Andray Blatche', 'Al Horford', 'Brook Lopez', 'Deron Williams', 'Joe Johnson', 'Alan Anderson']",True,"[""Amar'e Stoudemire"", 'Dwight Howard', 'Andre Iguodala', 'Al Jefferson', 'Andray Blatche', 'Al Horford', 'Brook Lopez', 'Deron Williams', 'Joe Johnson', 'Alan Anderson']",True
Lance Stephenson,Lance Stephenson,"['Paul George', 'Luis Scola', 'Lance Stephenson']",True,"['Roy Hibbert', 'David West', 'Paul George', 'Luis Scola', 'Lance Stephenson']",True,"['Ian Mahinmi', 'George Hill', 'Roy Hibbert', 'David West', 'Paul George', 'Luis Scola', 'Lance Stephenson']",True,"['Mike Dunleavy', 'C.J. Watson', 'Danny Granger', 'Ian Mahinmi', 'George Hill', 'Roy Hibbert', 'David West', 'Paul George', 'Luis Scola', 'Lance Stephenson']",True
Glen Davis,DeAndre Jordan,"['Blake Griffin', 'Jamal Crawford', 'DeAndre Jordan']",False,"['Chris Paul', 'Matt Barnes', 'Blake Griffin', 'Jamal Crawford', 'DeAndre Jordan']",False,"['Glen Davis', 'Eric Gordon', 'Chris Paul', 'Matt Barnes', 'Blake Griffin', 'Jamal Crawford', 'DeAndre Jordan']",True,"['Hedo Turkoglu', 'Jared Dudley', 'Chris Kaman', 'Glen Davis', 'Eric Gordon', 'Chris Paul', 'Matt Barnes', 'Blake Griffin', 'Jamal Crawford', 'DeAndre Jordan']",True
Byron Mullens,Blake Griffin,"['Darren Collison', 'Byron Mullens', 'Blake Griffin']",True,"['Jamal Crawford', 'DeAndre Jordan', 'Darren Collison', 'Byron Mullens', 'Blake Griffin']",True,"['Al-Farouq Aminu', 'Chris Paul', 'Jamal Crawford', 'DeAndre Jordan', 'Darren Collison', 'Byron Mullens', 'Blake Griffin']",True,"['Chris Kaman', 'Baron Davis', 'Al Thornton', 'Al-Farouq Aminu', 'Chris Paul', 'Jamal Crawford', 'DeAndre Jordan', 'Darren Collison', 'Byron Mullens', 'Blake Griffin']",True
Marcin Gortat,Nene Hilario,"['Trevor Ariza', 'Marcin Gortat', 'Nene Hilario']",True,"['John Wall', 'Martell Webster', 'Trevor Ariza', 'Marcin Gortat', 'Nene Hilario']",True,"['Kevin Seraphin', 'Bradley Beal', 'John Wall', 'Martell Webster', 'Trevor Ariza', 'Marcin Gortat', 'Nene Hilario']",True,"['DeShawn Stevenson', 'Otto Porter', 'Caron Butler', 'Kevin Seraphin', 'Bradley Beal', 'John Wall', 'Martell Webster', 'Trevor Ariza', 'Marcin Gortat', 'Nene Hilario']",True
Eric Gordon,Anthony Davis,"['Jrue Holiday', 'Eric Gordon', 'Anthony Davis']",True,"['Joe Johnson', 'Jason Smith', 'Jrue Holiday', 'Eric Gordon', 'Anthony Davis']",True,"['David West', 'Josh Smith', 'Joe Johnson', 'Jason Smith', 'Jrue Holiday', 'Eric Gordon', 'Anthony Davis']",True,"['Jamal Crawford', 'Chris Paul', 'Tyreke Evans', 'David West', 'Josh Smith', 'Joe Johnson', 'Jason Smith', 'Jrue Holiday', 'Eric Gordon', 'Anthony Davis']",True
Nene Hilario,Trevor Ariza,"['Marcin Gortat', 'Nene Hilario', 'Trevor Ariza']",True,"['John Wall', 'Martell Webster', 'Marcin Gortat', 'Nene Hilario', 'Trevor Ariza']",True,"['Kevin Seraphin', 'Otto Porter', 'John Wall', 'Martell Webster', 'Marcin Gortat', 'Nene Hilario', 'Trevor Ariza']",True,"['Antawn Jamison', 'Bradley Beal', 'Caron Butler', 'Kevin Seraphin', 'Otto Porter', 'John Wall', 'Martell Webster', 'Marcin Gortat', 'Nene Hilario', 'Trevor Ariza']",True
Bradley Beal,Bradley Beal,"['Marcin Gortat', 'John Wall', 'Bradley Beal']",True,"['Garrett Temple', 'Andray Blatche', 'Marcin Gortat', 'John Wall', 'Bradley Beal']",True,"['Nene Hilario', 'Antawn Jamison', 'Garrett Temple', 'Andray Blatche', 'Marcin Gortat', 'John Wall', 'Bradley Beal']",True,"['Martell Webster', 'Andre Miller', 'Al Harrington', 'Nene Hilario', 'Antawn Jamison', 'Garrett Temple', 'Andray Blatche', 'Marcin Gortat', 'John Wall', 'Bradley Beal']",True
Lou Williams,Joe Johnson,"['Jamal Crawford', 'Josh Smith', 'Joe Johnson']",False,"['Monta Ellis', 'Marvin Williams', 'Jamal Crawford', 'Josh Smith', 'Joe Johnson']",False,"['J.R. Smith', 'Dwight Howard', 'Monta Ellis', 'Marvin Williams', 'Jamal Crawford', 'Josh Smith', 'Joe Johnson']",False,"['Carmelo Anthony', 'Kyle Korver', 'Deron Williams', 'J.R. Smith', 'Dwight Howard', 'Monta Ellis', 'Marvin Williams', 'Jamal Crawford', 'Josh Smith', 'Joe Johnson']",False
Kyle Singler,Josh Smith,"['Greg Monroe', 'Kyle Singler', 'Josh Smith']",True,"['Jonas Jerebko', 'Kentavious Caldwell-Pope', 'Greg Monroe', 'Kyle Singler', 'Josh Smith']",True,"['Rodney Stuckey', 'Brandon Jennings', 'Jonas Jerebko', 'Kentavious Caldwell-Pope', 'Greg Monroe', 'Kyle Singler', 'Josh Smith']",True,"['Richard Hamilton', 'Andre Drummond', 'Jason Maxiell', 'Rodney Stuckey', 'Brandon Jennings', 'Jonas Jerebko', 'Kentavious Caldwell-Pope', 'Greg Monroe', 'Kyle Singler', 'Josh Smith']",True
Anthony Davis,Eric Gordon,"['Anthony Davis', 'Jrue Holiday', 'Eric Gordon']",True,"['Joe Johnson', 'Austin Rivers', 'Anthony Davis', 'Jrue Holiday', 'Eric Gordon']",True,"['Josh Smith', 'Brian Roberts', 'Joe Johnson', 'Austin Rivers', 'Anthony Davis', 'Jrue Holiday', 'Eric Gordon']",True,"['Jamal Crawford', 'Anthony Morrow', 'Jason Smith', 'Josh Smith', 'Brian Roberts', 'Joe Johnson', 'Austin Rivers', 'Anthony Davis', 'Jrue Holiday', 'Eric Gordon']",True
J.J. Hickson,J.J. Hickson,"['Arron Afflalo', 'Andre Miller', 'J.J. Hickson']",True,"['Allen Iverson', 'Carmelo Anthony', 'Arron Afflalo', 'Andre Miller', 'J.J. Hickson']",True,"['Ty Lawson', 'Aaron Brooks', 'Allen Iverson', 'Carmelo Anthony', 'Arron Afflalo', 'Andre Miller', 'J.J. Hickson']",True,"['Andre Iguodala', 'Darrell Arthur', 'Kenneth Faried', 'Ty Lawson', 'Aaron Brooks', 'Allen Iverson', 'Carmelo Anthony', 'Arron Afflalo', 'Andre Miller', 'J.J. Hickson']",True
Bradley Beal,Bradley Beal,"['Marcin Gortat', 'John Wall', 'Bradley Beal']",True,"['Garrett Temple', 'Andray Blatche', 'Marcin Gortat', 'John Wall', 'Bradley Beal']",True,"['Martell Webster', 'Antawn Jamison', 'Garrett Temple', 'Andray Blatche', 'Marcin Gortat', 'John Wall', 'Bradley Beal']",True,"['Chris Singleton', 'Nene Hilario', 'Al Harrington', 'Martell Webster', 'Antawn Jamison', 'Garrett Temple', 'Andray Blatche', 'Marcin Gortat', 'John Wall', 'Bradley Beal']",True
Taj Gibson,Kirk Hinrich,"['Luol Deng', 'Taj Gibson', 'Kirk Hinrich']",True,"['Mike Dunleavy', 'Joakim Noah', 'Luol Deng', 'Taj Gibson', 'Kirk Hinrich']",True,"['Ronnie Brewer', 'Jimmy Butler', 'Mike Dunleavy', 'Joakim Noah', 'Luol Deng', 'Taj Gibson', 'Kirk Hinrich']",True,"['D.J. Augustin', 'Derrick Rose', 'Tony Snell', 'Ronnie Brewer', 'Jimmy Butler', 'Mike Dunleavy', 'Joakim Noah', 'Luol Deng', 'Taj Gibson', 'Kirk Hinrich']",True
Marco Belinelli,Manu Ginobili,"['Kawhi Leonard', 'Marco Belinelli', 'Manu Ginobili']",True,"['Tiago Splitter', 'Matt Bonner', 'Kawhi Leonard', 'Marco Belinelli', 'Manu Ginobili']",True,"['Danny Green', 'Tim Duncan', 'Tiago Splitter', 'Matt Bonner', 'Kawhi Leonard', 'Marco Belinelli', 'Manu Ginobili']",True,"['Boris Diaw', 'Tony Parker', 'Patty Mills', 'Danny Green', 'Tim Duncan', 'Tiago Splitter', 'Matt Bonner', 'Kawhi Leonard', 'Marco Belinelli', 'Manu Ginobili']",True
Kyle Lowry,Kyle Lowry,"['DeMar DeRozan', 'Jonas Valanciunas', 'Kyle Lowry']",True,"['Patrick Patterson', 'Greivis Vasquez', 'DeMar DeRozan', 'Jonas Valanciunas', 'Kyle Lowry']",True,"['Jose Calderon', 'John Salmons', 'Patrick Patterson', 'Greivis Vasquez', 'DeMar DeRozan', 'Jonas Valanciunas', 'Kyle Lowry']",True,"['Terrence Ross', 'Amir Johnson', 'Chris Bosh', 'Jose Calderon', 'John Salmons', 'Patrick Patterson', 'Greivis Vasquez', 'DeMar DeRozan', 'Jonas Valanciunas', 'Kyle Lowry']",True
Al-Farouq Aminu,Al-Farouq Aminu,"['Anthony Davis', 'Chris Paul', 'Al-Farouq Aminu']",True,"['Al Horford', 'Alexis Ajinca', 'Anthony Davis', 'Chris Paul', 'Al-Farouq Aminu']",True,"['Al Jefferson', 'Joe Johnson', 'Al Horford', 'Alexis Ajinca', 'Anthony Davis', 'Chris Paul', 'Al-Farouq Aminu']",True,"['David West', 'Dwight Howard', 'Andre Iguodala', 'Al Jefferson', 'Joe Johnson', 'Al Horford', 'Alexis Ajinca', 'Anthony Davis', 'Chris Paul', 'Al-Farouq Aminu']",True
Jodie Meeks,Jodie Meeks,"['Chris Kaman', 'Andrew Bynum', 'Jodie Meeks']",True,"['Derek Fisher', 'Jordan Farmar', 'Chris Kaman', 'Andrew Bynum', 'Jodie Meeks']",True,"['Jordan Hill', 'Kobe Bryant', 'Derek Fisher', 'Jordan Farmar', 'Chris Kaman', 'Andrew Bynum', 'Jodie Meeks']",True,"['Kendall Marshall', 'Nick Young', 'Carlos Boozer', 'Jordan Hill', 'Kobe Bryant', 'Derek Fisher', 'Jordan Farmar', 'Chris Kaman', 'Andrew Bynum', 'Jodie Meeks']",True
Glen Davis,Chris Paul,"['Jamal Crawford', 'Darren Collison', 'Chris Paul']",False,"['Blake Griffin', 'DeAndre Jordan', 'Jamal Crawford', 'Darren Collison', 'Chris Paul']",False,"['Hedo Turkoglu', 'Matt Barnes', 'Blake Griffin', 'DeAndre Jordan', 'Jamal Crawford', 'Darren Collison', 'Chris Paul']",False,"['Chris Kaman', 'Glen Davis', 'Caron Butler', 'Hedo Turkoglu', 'Matt Barnes', 'Blake Griffin', 'DeAndre Jordan', 'Jamal Crawford', 'Darren Collison', 'Chris Paul']",True
Blake Griffin,Blake Griffin,"['DeAndre Jordan', 'Chris Paul', 'Blake Griffin']",True,"['Matt Barnes', 'Byron Mullens', 'DeAndre Jordan', 'Chris Paul', 'Blake Griffin']",True,"['Jamal Crawford', 'J.J. Redick', 'Matt Barnes', 'Byron Mullens', 'DeAndre Jordan', 'Chris Paul', 'Blake Griffin']",True,"['Eric Bledsoe', 'Chris Kaman', 'Darren Collison', 'Jamal Crawford', 'J.J. Redick', 'Matt Barnes', 'Byron Mullens', 'DeAndre Jordan', 'Chris Paul', 'Blake Griffin']",True
Vince Carter,Vince Carter,"['Monta Ellis', 'Shawn Marion', 'Vince Carter']",True,"['Tyson Chandler', 'Samuel Dalembert', 'Monta Ellis', 'Shawn Marion', 'Vince Carter']",True,"['Josh Howard', 'Wayne Ellington', 'Tyson Chandler', 'Samuel Dalembert', 'Monta Ellis', 'Shawn Marion', 'Vince Carter']",True,"['Jae Crowder', 'Jason Terry', 'Dirk Nowitzki', 'Josh Howard', 'Wayne Ellington', 'Tyson Chandler', 'Samuel Dalembert', 'Monta Ellis', 'Shawn Marion', 'Vince Carter']",True
Reggie Bullock,DeAndre Jordan,"['Jamal Crawford', 'Jared Dudley', 'DeAndre Jordan']",False,"['Chris Paul', 'Matt Barnes', 'Jamal Crawford', 'Jared Dudley', 'DeAndre Jordan']",False,"['Mo Williams', 'Blake Griffin', 'Chris Paul', 'Matt Barnes', 'Jamal Crawford', 'Jared Dudley', 'DeAndre Jordan']",False,"['Reggie Bullock', 'Eric Gordon', 'J.J. Redick', 'Mo Williams', 'Blake Griffin', 'Chris Paul', 'Matt Barnes', 'Jamal Crawford', 'Jared Dudley', 'DeAndre Jordan']",True
DeMar DeRozan,DeMar DeRozan,"['Chris Bosh', 'Jonas Valanciunas', 'DeMar DeRozan']",True,"['Kyle Lowry', 'Greivis Vasquez', 'Chris Bosh', 'Jonas Valanciunas', 'DeMar DeRozan']",True,"['Anthony Parker', 'John Salmons', 'Kyle Lowry', 'Greivis Vasquez', 'Chris Bosh', 'Jonas Valanciunas', 'DeMar DeRozan']",True,"['Andrea Bargnani', 'Amir Johnson', 'Terrence Ross', 'Anthony Parker', 'John Salmons', 'Kyle Lowry', 'Greivis Vasquez', 'Chris Bosh', 'Jonas Valanciunas', 'DeMar DeRozan']",True
Deron Williams,Joe Johnson,"['Josh Smith', 'Deron Williams', 'Joe Johnson']",True,"['Gerald Wallace', 'Brook Lopez', 'Josh Smith', 'Deron Williams', 'Joe Johnson']",True,"['Kevin Garnett', 'Jamal Crawford', 'Gerald Wallace', 'Brook Lopez', 'Josh Smith', 'Deron Williams', 'Joe Johnson']",True,"['Andray Blatche', 'Paul Pierce', 'Jarrett Jack', 'Kevin Garnett', 'Jamal Crawford', 'Gerald Wallace', 'Brook Lopez', 'Josh Smith', 'Deron Williams', 'Joe Johnson']",True
Andray Blatche,Alan Anderson,"['Joe Johnson', 'Andray Blatche', 'Alan Anderson']",True,"['Brook Lopez', 'Al Horford', 'Joe Johnson', 'Andray Blatche', 'Alan Anderson']",True,"['Deron Williams', 'Andrei Kirilenko', 'Brook Lopez', 'Al Horford', 'Joe Johnson', 'Andray Blatche', 'Alan Anderson']",True,"['Dwight Howard', 'Andre Iguodala', 'Al Jefferson', 'Deron Williams', 'Andrei Kirilenko', 'Brook Lopez', 'Al Horford', 'Joe Johnson', 'Andray Blatche', 'Alan Anderson']",True
Ian Mahinmi,George Hill,"['Ian Mahinmi', 'Danny Granger', 'George Hill']",True,"['Roy Hibbert', 'David West', 'Ian Mahinmi', 'Danny Granger', 'George Hill']",True,"['Lance Stephenson', 'Paul George', 'Roy Hibbert', 'David West', 'Ian Mahinmi', 'Danny Granger', 'George Hill']",True,"['Jeff Foster', 'Darren Collison', 'Luis Scola', 'Lance Stephenson', 'Paul George', 'Roy Hibbert', 'David West', 'Ian Mahinmi', 'Danny Granger', 'George Hill']",True
Chandler Parsons,Chandler Parsons,"['Donatas Motiejunas', 'Aaron Brooks', 'Chandler Parsons']",True,"['James Harden', 'Dwight Howard', 'Donatas Motiejunas', 'Aaron Brooks', 'Chandler Parsons']",True,"['Luis Scola', 'Chuck Hayes', 'James Harden', 'Dwight Howard', 'Donatas Motiejunas', 'Aaron Brooks', 'Chandler Parsons']",True,"['Al Horford', 'Chase Budinger', 'Jeremy Lin', 'Luis Scola', 'Chuck Hayes', 'James Harden', 'Dwight Howard', 'Donatas Motiejunas', 'Aaron Brooks', 'Chandler Parsons']",True
Marcin Gortat,Marcin Gortat,"['John Wall', 'Martell Webster', 'Marcin Gortat']",True,"['Kevin Seraphin', 'Nene Hilario', 'John Wall', 'Martell Webster', 'Marcin Gortat']",True,"['Trevor Ariza', 'Bradley Beal', 'Kevin Seraphin', 'Nene Hilario', 'John Wall', 'Martell Webster', 'Marcin Gortat']",True,"['DeShawn Stevenson', 'Antawn Jamison', 'Caron Butler', 'Trevor Ariza', 'Bradley Beal', 'Kevin Seraphin', 'Nene Hilario', 'John Wall', 'Martell Webster', 'Marcin Gortat']",True
Greg Stiemsma,Eric Gordon,"['Austin Rivers', 'Ryan Anderson', 'Eric Gordon']",False,"['Joe Johnson', 'Tyreke Evans', 'Austin Rivers', 'Ryan Anderson', 'Eric Gordon']",False,"['Anthony Davis', 'Josh Smith', 'Joe Johnson', 'Tyreke Evans', 'Austin Rivers', 'Ryan Anderson', 'Eric Gordon']",False,"['Brian Roberts', 'Jason Smith', 'Jrue Holiday', 'Anthony Davis', 'Josh Smith', 'Joe Johnson', 'Tyreke Evans', 'Austin Rivers', 'Ryan Anderson', 'Eric Gordon']",False
James Harden,James Harden,"['Dwight Howard', 'Chandler Parsons', 'James Harden']",True,"['Luis Scola', 'Shane Battier', 'Dwight Howard', 'Chandler Parsons', 'James Harden']",True,"['Chuck Hayes', 'Rafer Alston', 'Luis Scola', 'Shane Battier', 'Dwight Howard', 'Chandler Parsons', 'James Harden']",True,"['Jeremy Lin', 'Donatas Motiejunas', 'Kyle Lowry', 'Chuck Hayes', 'Rafer Alston', 'Luis Scola', 'Shane Battier', 'Dwight Howard', 'Chandler Parsons', 'James Harden']",True
Michael Carter-Williams,Michael Carter-Williams,"['Thaddeus Young', 'Spencer Hawes', 'Michael Carter-Williams']",True,"['James Anderson', 'Lavoy Allen', 'Thaddeus Young', 'Spencer Hawes', 'Michael Carter-Williams']",True,"['Evan Turner', 'Hollis Thompson', 'James Anderson', 'Lavoy Allen', 'Thaddeus Young', 'Spencer Hawes', 'Michael Carter-Williams']",True,"['Jrue Holiday', 'Lou Williams', 'Andre Iguodala', 'Evan Turner', 'Hollis Thompson', 'James Anderson', 'Lavoy Allen', 'Thaddeus Young', 'Spencer Hawes', 'Michael Carter-Williams']",True
David Lee,Andre Iguodala,"['Andrew Bogut', 'David Lee', 'Andre Iguodala']",True,"['Draymond Green', 'Andris Biedrins', 'Andrew Bogut', 'David Lee', 'Andre Iguodala']",True,"['Al Harrington', 'Harrison Barnes', 'Draymond Green', 'Andris Biedrins', 'Andrew Bogut', 'David Lee', 'Andre Iguodala']",True,"['Stephen Curry', 'Anthony Morrow', 'Monta Ellis', 'Al Harrington', 'Harrison Barnes', 'Draymond Green', 'Andris Biedrins', 'Andrew Bogut', 'David Lee', 'Andre Iguodala']",True
Dion Waiters,Kyrie Irving,"['Jarrett Jack', 'Dion Waiters', 'Kyrie Irving']",True,"['Daniel Gibson', 'Anderson Varejao', 'Jarrett Jack', 'Dion Waiters', 'Kyrie Irving']",True,"['Tristan Thompson', 'LeBron James', 'Daniel Gibson', 'Anderson Varejao', 'Jarrett Jack', 'Dion Waiters', 'Kyrie Irving']",True,"['Matthew Dellavedova', 'C.J. Miles', 'Anthony Bennett', 'Tristan Thompson', 'LeBron James', 'Daniel Gibson', 'Anderson Varejao', 'Jarrett Jack', 'Dion Waiters', 'Kyrie Irving']",True
Ryan Anderson,Tyreke Evans,"['Ryan Anderson', 'Jrue Holiday', 'Tyreke Evans']",True,"['Tyson Chandler', 'Eric Gordon', 'Ryan Anderson', 'Jrue Holiday', 'Tyreke Evans']",True,"['Anthony Davis', 'Trevor Ariza', 'Tyson Chandler', 'Eric Gordon', 'Ryan Anderson', 'Jrue Holiday', 'Tyreke Evans']",True,"['Joe Johnson', 'Greg Stiemsma', 'Zaza Pachulia', 'Anthony Davis', 'Trevor Ariza', 'Tyson Chandler', 'Eric Gordon', 'Ryan Anderson', 'Jrue Holiday', 'Tyreke Evans']",True
Miles Plumlee,Miles Plumlee,"['Goran Dragic', 'Markieff Morris', 'Miles Plumlee']",True,"['P.J. Tucker', 'Marcus Morris', 'Goran Dragic', 'Markieff Morris', 'Miles Plumlee']",True,"['Eric Bledsoe', 'Channing Frye', 'P.J. Tucker', 'Marcus Morris', 'Goran Dragic', 'Markieff Morris', 'Miles Plumlee']",True,"['Leandro Barbosa', 'Gerald Green', 'Shawn Marion', 'Eric Bledsoe', 'Channing Frye', 'P.J. Tucker', 'Marcus Morris', 'Goran Dragic', 'Markieff Morris', 'Miles Plumlee']",True
Tyler Zeller,Tristan Thompson,"['LeBron James', 'Tyler Zeller', 'Tristan Thompson']",True,"['Kyrie Irving', 'Zydrunas Ilgauskas', 'LeBron James', 'Tyler Zeller', 'Tristan Thompson']",True,"['Jarrett Jack', 'Anderson Varejao', 'Kyrie Irving', 'Zydrunas Ilgauskas', 'LeBron James', 'Tyler Zeller', 'Tristan Thompson']",True,"['Mo Williams', 'Dion Waiters', 'Spencer Hawes', 'Jarrett Jack', 'Anderson Varejao', 'Kyrie Irving', 'Zydrunas Ilgauskas', 'LeBron James', 'Tyler Zeller', 'Tristan Thompson']",True
Hollis Thompson,James Anderson,"['Thaddeus Young', 'Hollis Thompson', 'James Anderson']",True,"['Tony Wroten', 'Evan Turner', 'Thaddeus Young', 'Hollis Thompson', 'James Anderson']",True,"['Michael Carter-Williams', 'Spencer Hawes', 'Tony Wroten', 'Evan Turner', 'Thaddeus Young', 'Hollis Thompson', 'James Anderson']",True,"['Jrue Holiday', 'Elliot Williams', 'Andre Iguodala', 'Michael Carter-Williams', 'Spencer Hawes', 'Tony Wroten', 'Evan Turner', 'Thaddeus Young', 'Hollis Thompson', 'James Anderson']",True
Timofey Mozgov,Kenneth Faried,"['Nate Robinson', 'Randy Foye', 'Kenneth Faried']",False,"['J.J. Hickson', 'Timofey Mozgov', 'Nate Robinson', 'Randy Foye', 'Kenneth Faried']",True,"['Ty Lawson', 'J.R. Smith', 'J.J. Hickson', 'Timofey Mozgov', 'Nate Robinson', 'Randy Foye', 'Kenneth Faried']",True,"['Chauncey Billups', 'Nene Hilario', 'Jordan Hamilton', 'Ty Lawson', 'J.R. Smith', 'J.J. Hickson', 'Timofey Mozgov', 'Nate Robinson', 'Randy Foye', 'Kenneth Faried']",True
Danny Green,Manu Ginobili,"['Jeff Ayres', 'Kawhi Leonard', 'Manu Ginobili']",False,"['Boris Diaw', 'Danny Green', 'Jeff Ayres', 'Kawhi Leonard', 'Manu Ginobili']",True,"['Marco Belinelli', 'Cory Joseph', 'Boris Diaw', 'Danny Green', 'Jeff Ayres', 'Kawhi Leonard', 'Manu Ginobili']",True,"['George Hill', 'Matt Bonner', 'Tim Duncan', 'Marco Belinelli', 'Cory Joseph', 'Boris Diaw', 'Danny Green', 'Jeff Ayres', 'Kawhi Leonard', 'Manu Ginobili']",True
Evan Turner,Evan Turner,"['Hollis Thompson', 'James Anderson', 'Evan Turner']",True,"['Thaddeus Young', 'Michael Carter-Williams', 'Hollis Thompson', 'James Anderson', 'Evan Turner']",True,"['Tony Wroten', 'Lavoy Allen', 'Thaddeus Young', 'Michael Carter-Williams', 'Hollis Thompson', 'James Anderson', 'Evan Turner']",True,"['Andre Iguodala', 'Henry Sims', 'Spencer Hawes', 'Tony Wroten', 'Lavoy Allen', 'Thaddeus Young', 'Michael Carter-Williams', 'Hollis Thompson', 'James Anderson', 'Evan Turner']",True
Ricky Rubio,Kevin Love,"['Ricky Rubio', 'Nikola Pekovic', 'Kevin Love']",True,"['J.J. Barea', 'Kevin Martin', 'Ricky Rubio', 'Nikola Pekovic', 'Kevin Love']",True,"['Randy Foye', 'Luke Ridnour', 'J.J. Barea', 'Kevin Martin', 'Ricky Rubio', 'Nikola Pekovic', 'Kevin Love']",True,"['Joe Johnson', 'Corey Brewer', 'Luc Mbah a Moute', 'Randy Foye', 'Luke Ridnour', 'J.J. Barea', 'Kevin Martin', 'Ricky Rubio', 'Nikola Pekovic', 'Kevin Love']",True
Evan Fournier,Allen Iverson,"['Aaron Brooks', 'Andre Miller', 'Allen Iverson']",False,"['J.J. Hickson', 'Arron Afflalo', 'Aaron Brooks', 'Andre Miller', 'Allen Iverson']",False,"['Evan Fournier', 'Carmelo Anthony', 'J.J. Hickson', 'Arron Afflalo', 'Aaron Brooks', 'Andre Miller', 'Allen Iverson']",True,"['Al Harrington', 'Ty Lawson', 'Darrell Arthur', 'Evan Fournier', 'Carmelo Anthony', 'J.J. Hickson', 'Arron Afflalo', 'Aaron Brooks', 'Andre Miller', 'Allen Iverson']",True
Manu Ginobili,Kawhi Leonard,"['Danny Green', 'Manu Ginobili', 'Kawhi Leonard']",True,"['Tim Duncan', 'Jeff Ayres', 'Danny Green', 'Manu Ginobili', 'Kawhi Leonard']",True,"['Cory Joseph', 'Matt Bonner', 'Tim Duncan', 'Jeff Ayres', 'Danny Green', 'Manu Ginobili', 'Kawhi Leonard']",True,"['Boris Diaw', 'Tony Parker', 'Marco Belinelli', 'Cory Joseph', 'Matt Bonner', 'Tim Duncan', 'Jeff Ayres', 'Danny Green', 'Manu Ginobili', 'Kawhi Leonard']",True
James Johnson,Mike Conley,"['James Johnson', 'Marc Gasol', 'Mike Conley']",True,"['Mike Miller', 'Jerryd Bayless', 'James Johnson', 'Marc Gasol', 'Mike Conley']",True,"['Hakim Warrick', 'Kosta Koufos', 'Mike Miller', 'Jerryd Bayless', 'James Johnson', 'Marc Gasol', 'Mike Conley']",True,"['Ed Davis', 'Jon Leuer', 'Zach Randolph', 'Hakim Warrick', 'Kosta Koufos', 'Mike Miller', 'Jerryd Bayless', 'James Johnson', 'Marc Gasol', 'Mike Conley']",True
Paul Pierce,Joe Johnson,"['Josh Smith', 'Paul Pierce', 'Joe Johnson']",True,"['Jamal Crawford', 'Deron Williams', 'Josh Smith', 'Paul Pierce', 'Joe Johnson']",True,"['Marvin Williams', 'Marcus Thornton', 'Jamal Crawford', 'Deron Williams', 'Josh Smith', 'Paul Pierce', 'Joe Johnson']",True,"['Kevin Garnett', 'Jarrett Jack', 'Brook Lopez', 'Marvin Williams', 'Marcus Thornton', 'Jamal Crawford', 'Deron Williams', 'Josh Smith', 'Paul Pierce', 'Joe Johnson']",True
DeAndre Jordan,DeAndre Jordan,"['Blake Griffin', 'Jamal Crawford', 'DeAndre Jordan']",True,"['Chris Paul', 'Matt Barnes', 'Blake Griffin', 'Jamal Crawford', 'DeAndre Jordan']",True,"['J.J. Redick', 'Darren Collison', 'Chris Paul', 'Matt Barnes', 'Blake Griffin', 'Jamal Crawford', 'DeAndre Jordan']",True,"['Jared Dudley', 'Hedo Turkoglu', 'Glen Davis', 'J.J. Redick', 'Darren Collison', 'Chris Paul', 'Matt Barnes', 'Blake Griffin', 'Jamal Crawford', 'DeAndre Jordan']",True
Blake Griffin,Blake Griffin,"['DeAndre Jordan', 'Chris Paul', 'Blake Griffin']",True,"['Byron Mullens', 'Darren Collison', 'DeAndre Jordan', 'Chris Paul', 'Blake Griffin']",True,"['Jamal Crawford', 'Matt Barnes', 'Byron Mullens', 'Darren Collison', 'DeAndre Jordan', 'Chris Paul', 'Blake Griffin']",True,"['Chris Kaman', 'Glen Davis', 'J.J. Redick', 'Jamal Crawford', 'Matt Barnes', 'Byron Mullens', 'Darren Collison', 'DeAndre Jordan', 'Chris Paul', 'Blake Griffin']",True
Boris Diaw,Boris Diaw,"['Kawhi Leonard', 'Danny Green', 'Boris Diaw']",True,"['Aron Baynes', 'Manu Ginobili', 'Kawhi Leonard', 'Danny Green', 'Boris Diaw']",True,"['Marco Belinelli', 'Tim Duncan', 'Aron Baynes', 'Manu Ginobili', 'Kawhi Leonard', 'Danny Green', 'Boris Diaw']",True,"['Tony Parker', 'Bruce Bowen', 'DeJuan Blair', 'Marco Belinelli', 'Tim Duncan', 'Aron Baynes', 'Manu Ginobili', 'Kawhi Leonard', 'Danny Green', 'Boris Diaw']",True
Andre Drummond,Andre Drummond,"['Greg Monroe', 'Brandon Jennings', 'Andre Drummond']",True,"['Rodney Stuckey', 'Josh Smith', 'Greg Monroe', 'Brandon Jennings', 'Andre Drummond']",True,"['Austin Daye', 'Ben Gordon', 'Rodney Stuckey', 'Josh Smith', 'Greg Monroe', 'Brandon Jennings', 'Andre Drummond']",True,"['Antonio McDyess', 'Charlie Villanueva', 'Kyle Singler', 'Austin Daye', 'Ben Gordon', 'Rodney Stuckey', 'Josh Smith', 'Greg Monroe', 'Brandon Jennings', 'Andre Drummond']",True
Leandro Barbosa,Goran Dragic,"['Markieff Morris', 'Marcus Morris', 'Goran Dragic']",False,"['Jared Dudley', 'Gerald Green', 'Markieff Morris', 'Marcus Morris', 'Goran Dragic']",False,"['P.J. Tucker', 'Leandro Barbosa', 'Jared Dudley', 'Gerald Green', 'Markieff Morris', 'Marcus Morris', 'Goran Dragic']",True,"['Miles Plumlee', 'Ish Smith', 'Channing Frye', 'P.J. Tucker', 'Leandro Barbosa', 'Jared Dudley', 'Gerald Green', 'Markieff Morris', 'Marcus Morris', 'Goran Dragic']",True
Kevin Martin,Kevin Martin,"['Corey Brewer', 'Kevin Love', 'Kevin Martin']",True,"['Ricky Rubio', 'Nikola Pekovic', 'Corey Brewer', 'Kevin Love', 'Kevin Martin']",True,"['Randy Foye', 'J.J. Barea', 'Ricky Rubio', 'Nikola Pekovic', 'Corey Brewer', 'Kevin Love', 'Kevin Martin']",True,"['Joe Johnson', 'Dante Cunningham', 'Luke Ridnour', 'Randy Foye', 'J.J. Barea', 'Ricky Rubio', 'Nikola Pekovic', 'Corey Brewer', 'Kevin Love', 'Kevin Martin']",True
Gordon Hayward,Gordon Hayward,"['Enes Kanter', 'Jeremy Evans', 'Gordon Hayward']",True,"['Paul Millsap', 'Richard Jefferson', 'Enes Kanter', 'Jeremy Evans', 'Gordon Hayward']",True,"['Marvin Williams', 'Derrick Favors', 'Paul Millsap', 'Richard Jefferson', 'Enes Kanter', 'Jeremy Evans', 'Gordon Hayward']",True,"['Alec Burks', 'Mehmet Okur', 'Deron Williams', 'Marvin Williams', 'Derrick Favors', 'Paul Millsap', 'Richard Jefferson', 'Enes Kanter', 'Jeremy Evans', 'Gordon Hayward']",True
DeAndre Jordan,DeAndre Jordan,"['Darren Collison', 'Jamal Crawford', 'DeAndre Jordan']",True,"['Chris Paul', 'J.J. Redick', 'Darren Collison', 'Jamal Crawford', 'DeAndre Jordan']",True,"['Matt Barnes', 'Blake Griffin', 'Chris Paul', 'J.J. Redick', 'Darren Collison', 'Jamal Crawford', 'DeAndre Jordan']",True,"['Jared Dudley', 'Eric Gordon', 'Glen Davis', 'Matt Barnes', 'Blake Griffin', 'Chris Paul', 'J.J. Redick', 'Darren Collison', 'Jamal Crawford', 'DeAndre Jordan']",True
Tony Snell,Taj Gibson,"['Luol Deng', 'Tony Snell', 'Taj Gibson']",True,"['Tyrus Thomas', 'Mike Dunleavy', 'Luol Deng', 'Tony Snell', 'Taj Gibson']",True,"['Joakim Noah', 'Kirk Hinrich', 'Tyrus Thomas', 'Mike Dunleavy', 'Luol Deng', 'Tony Snell', 'Taj Gibson']",True,"['Thabo Sefolosha', 'Ronnie Brewer', 'Jimmy Butler', 'Joakim Noah', 'Kirk Hinrich', 'Tyrus Thomas', 'Mike Dunleavy', 'Luol Deng', 'Tony Snell', 'Taj Gibson']",True
Zaza Pachulia,Zaza Pachulia,"['Nate Wolters', 'O.J. Mayo', 'Zaza Pachulia']",True,"['Luke Ridnour', 'Ramon Sessions', 'Nate Wolters', 'O.J. Mayo', 'Zaza Pachulia']",True,"['Ersan Ilyasova', 'Khris Middleton', 'Luke Ridnour', 'Ramon Sessions', 'Nate Wolters', 'O.J. Mayo', 'Zaza Pachulia']",True,"['Trevor Ariza', 'Monta Ellis', 'Luc Mbah a Moute', 'Ersan Ilyasova', 'Khris Middleton', 'Luke Ridnour', 'Ramon Sessions', 'Nate Wolters', 'O.J. Mayo', 'Zaza Pachulia']",True
Tony Parker,Tony Parker,"['Tiago Splitter', 'Tim Duncan', 'Tony Parker']",True,"['Manu Ginobili', 'Patty Mills', 'Tiago Splitter', 'Tim Duncan', 'Tony Parker']",True,"['Marco Belinelli', 'Danny Green', 'Manu Ginobili', 'Patty Mills', 'Tiago Splitter', 'Tim Duncan', 'Tony Parker']",True,"['Kawhi Leonard', 'Boris Diaw', 'Matt Bonner', 'Marco Belinelli', 'Danny Green', 'Manu Ginobili', 'Patty Mills', 'Tiago Splitter', 'Tim Duncan', 'Tony Parker']",True
Iman Shumpert,Carmelo Anthony,"['Iman Shumpert', 'J.R. Smith', 'Carmelo Anthony']",True,"['Jamal Crawford', 'Raymond Felton', 'Iman Shumpert', 'J.R. Smith', 'Carmelo Anthony']",True,"['David Lee', 'Pablo Prigioni', 'Jamal Crawford', 'Raymond Felton', 'Iman Shumpert', 'J.R. Smith', 'Carmelo Anthony']",True,"['Chris Duhon', ""Amar'e Stoudemire"", 'Danilo Gallinari', 'David Lee', 'Pablo Prigioni', 'Jamal Crawford', 'Raymond Felton', 'Iman Shumpert', 'J.R. Smith', 'Carmelo Anthony']",True
Mike Conley,Mike Miller,"['Mike Conley', 'Tony Allen', 'Mike Miller']",True,"['Rudy Gay', 'Nick Calathes', 'Mike Conley', 'Tony Allen', 'Mike Miller']",True,"['O.J. Mayo', 'Tayshaun Prince', 'Rudy Gay', 'Nick Calathes', 'Mike Conley', 'Tony Allen', 'Mike Miller']",True,"['Kosta Koufos', 'Pau Gasol', 'Marc Gasol', 'O.J. Mayo', 'Tayshaun Prince', 'Rudy Gay', 'Nick Calathes', 'Mike Conley', 'Tony Allen', 'Mike Miller']",True
Arron Afflalo,Arron Afflalo,"['Dwight Howard', 'Andrew Nicholson', 'Arron Afflalo']",True,"['Carlos Arroyo', 'Jameer Nelson', 'Dwight Howard', 'Andrew Nicholson', 'Arron Afflalo']",True,"[""E'Twaun Moore"", 'Chris Duhon', 'Carlos Arroyo', 'Jameer Nelson', 'Dwight Howard', 'Andrew Nicholson', 'Arron Afflalo']",True,"['Al Horford', 'Brandon Bass', 'Darko Milicic', ""E'Twaun Moore"", 'Chris Duhon', 'Carlos Arroyo', 'Jameer Nelson', 'Dwight Howard', 'Andrew Nicholson', 'Arron Afflalo']",True
Reggie Jackson,Kevin Durant,"['Nick Collison', 'Russell Westbrook', 'Kevin Durant']",False,"['Serge Ibaka', 'Reggie Jackson', 'Nick Collison', 'Russell Westbrook', 'Kevin Durant']",True,"['Jeremy Lamb', 'Perry Jones', 'Serge Ibaka', 'Reggie Jackson', 'Nick Collison', 'Russell Westbrook', 'Kevin Durant']",True,"['Derek Fisher', 'Kendrick Perkins', 'Thabo Sefolosha', 'Jeremy Lamb', 'Perry Jones', 'Serge Ibaka', 'Reggie Jackson', 'Nick Collison', 'Russell Westbrook', 'Kevin Durant']",True
Nazr Mohammed,Mike Dunleavy,"['Luol Deng', 'Kirk Hinrich', 'Mike Dunleavy']",False,"['Joakim Noah', 'Taj Gibson', 'Luol Deng', 'Kirk Hinrich', 'Mike Dunleavy']",False,"['Jimmy Butler', 'Nazr Mohammed', 'Joakim Noah', 'Taj Gibson', 'Luol Deng', 'Kirk Hinrich', 'Mike Dunleavy']",True,"['Kyle Korver', 'Carlos Boozer', 'Derrick Rose', 'Jimmy Butler', 'Nazr Mohammed', 'Joakim Noah', 'Taj Gibson', 'Luol Deng', 'Kirk Hinrich', 'Mike Dunleavy']",True
Roy Hibbert,Roy Hibbert,"['Troy Murphy', 'Paul George', 'Roy Hibbert']",True,"['Luis Scola', 'Tyler Hansbrough', 'Troy Murphy', 'Paul George', 'Roy Hibbert']",True,"['David West', 'Lance Stephenson', 'Luis Scola', 'Tyler Hansbrough', 'Troy Murphy', 'Paul George', 'Roy Hibbert']",True,"['Danny Granger', 'Rasual Butler', 'George Hill', 'David West', 'Lance Stephenson', 'Luis Scola', 'Tyler Hansbrough', 'Troy Murphy', 'Paul George', 'Roy Hibbert']",True
Earl Clark,Dion Waiters,"['Anderson Varejao', 'Kyrie Irving', 'Dion Waiters']",False,"['Daniel Gibson', 'Jarrett Jack', 'Anderson Varejao', 'Kyrie Irving', 'Dion Waiters']",False,"['LeBron James', 'Tristan Thompson', 'Daniel Gibson', 'Jarrett Jack', 'Anderson Varejao', 'Kyrie Irving', 'Dion Waiters']",False,"['Matthew Dellavedova', 'Anthony Parker', 'C.J. Miles', 'LeBron James', 'Tristan Thompson', 'Daniel Gibson', 'Jarrett Jack', 'Anderson Varejao', 'Kyrie Irving', 'Dion Waiters']",False
Zach Randolph,Zach Randolph,"['Mike Conley', 'Tony Allen', 'Zach Randolph']",True,"['Rudy Gay', 'Mike Miller', 'Mike Conley', 'Tony Allen', 'Zach Randolph']",True,"['Quincy Pondexter', 'Marc Gasol', 'Rudy Gay', 'Mike Miller', 'Mike Conley', 'Tony Allen', 'Zach Randolph']",True,"['Vince Carter', 'Nick Calathes', 'Tayshaun Prince', 'Quincy Pondexter', 'Marc Gasol', 'Rudy Gay', 'Mike Miller', 'Mike Conley', 'Tony Allen', 'Zach Randolph']",True
Tony Snell,Taj Gibson,"['Luol Deng', 'Tony Snell', 'Taj Gibson']",True,"['Kirk Hinrich', 'Mike Dunleavy', 'Luol Deng', 'Tony Snell', 'Taj Gibson']",True,"['Jimmy Butler', 'Tyrus Thomas', 'Kirk Hinrich', 'Mike Dunleavy', 'Luol Deng', 'Tony Snell', 'Taj Gibson']",True,"['Richard Hamilton', 'Nazr Mohammed', 'Joakim Noah', 'Jimmy Butler', 'Tyrus Thomas', 'Kirk Hinrich', 'Mike Dunleavy', 'Luol Deng', 'Tony Snell', 'Taj Gibson']",True
Boris Diaw,Boris Diaw,"['Aron Baynes', 'Danny Green', 'Boris Diaw']",True,"['Kawhi Leonard', 'Manu Ginobili', 'Aron Baynes', 'Danny Green', 'Boris Diaw']",True,"['DeJuan Blair', 'Bruce Bowen', 'Kawhi Leonard', 'Manu Ginobili', 'Aron Baynes', 'Danny Green', 'Boris Diaw']",True,"['Marco Belinelli', 'Tony Parker', 'Tim Duncan', 'DeJuan Blair', 'Bruce Bowen', 'Kawhi Leonard', 'Manu Ginobili', 'Aron Baynes', 'Danny Green', 'Boris Diaw']",True
Rodney Stuckey,Rodney Stuckey,"['Tayshaun Prince', 'Will Bynum', 'Rodney Stuckey']",True,"['Kentavious Caldwell-Pope', 'Kyle Singler', 'Tayshaun Prince', 'Will Bynum', 'Rodney Stuckey']",True,"['Josh Smith', 'Richard Hamilton', 'Kentavious Caldwell-Pope', 'Kyle Singler', 'Tayshaun Prince', 'Will Bynum', 'Rodney Stuckey']",True,"['Ronald Murray', 'Brandon Jennings', 'Greg Monroe', 'Josh Smith', 'Richard Hamilton', 'Kentavious Caldwell-Pope', 'Kyle Singler', 'Tayshaun Prince', 'Will Bynum', 'Rodney Stuckey']",True
Eric Gordon,Eric Gordon,"['Anthony Morrow', 'Anthony Davis', 'Eric Gordon']",True,"['Joe Johnson', 'Jason Smith', 'Anthony Morrow', 'Anthony Davis', 'Eric Gordon']",True,"['Josh Smith', 'Tyreke Evans', 'Joe Johnson', 'Jason Smith', 'Anthony Morrow', 'Anthony Davis', 'Eric Gordon']",True,"['Jamal Crawford', 'Alexis Ajinca', 'David West', 'Josh Smith', 'Tyreke Evans', 'Joe Johnson', 'Jason Smith', 'Anthony Morrow', 'Anthony Davis', 'Eric Gordon']",True
Josh Smith,Greg Monroe,"['Kentavious Caldwell-Pope', 'Josh Smith', 'Greg Monroe']",True,"['Kyle Singler', 'Jonas Jerebko', 'Kentavious Caldwell-Pope', 'Josh Smith', 'Greg Monroe']",True,"['Brandon Jennings', 'Rodney Stuckey', 'Kyle Singler', 'Jonas Jerebko', 'Kentavious Caldwell-Pope', 'Josh Smith', 'Greg Monroe']",True,"['Richard Hamilton', 'Jason Maxiell', 'Andre Drummond', 'Brandon Jennings', 'Rodney Stuckey', 'Kyle Singler', 'Jonas Jerebko', 'Kentavious Caldwell-Pope', 'Josh Smith', 'Greg Monroe']",True
Paul Millsap,Zaza Pachulia,"['Tony Parker', 'Trevor Ariza', 'Zaza Pachulia']",False,"['Tyreke Evans', 'Vince Carter', 'Tony Parker', 'Trevor Ariza', 'Zaza Pachulia']",False,"['Wilson Chandler', 'Tyson Chandler', 'Tyreke Evans', 'Vince Carter', 'Tony Parker', 'Trevor Ariza', 'Zaza Pachulia']",False,"['Josh Smith', 'Joe Johnson', 'Paul Millsap', 'Wilson Chandler', 'Tyson Chandler', 'Tyreke Evans', 'Vince Carter', 'Tony Parker', 'Trevor Ariza', 'Zaza Pachulia']",True
Enes Kanter,Derrick Favors,"['Gordon Hayward', 'Enes Kanter', 'Derrick Favors']",True,"['Marvin Williams', 'Diante Garrett', 'Gordon Hayward', 'Enes Kanter', 'Derrick Favors']",True,"['Paul Millsap', 'Deron Williams', 'Marvin Williams', 'Diante Garrett', 'Gordon Hayward', 'Enes Kanter', 'Derrick Favors']",True,"['Carlos Boozer', 'Alec Burks', 'Richard Jefferson', 'Paul Millsap', 'Deron Williams', 'Marvin Williams', 'Diante Garrett', 'Gordon Hayward', 'Enes Kanter', 'Derrick Favors']",True
Samuel Dalembert,Samuel Dalembert,"['Monta Ellis', 'Shawn Marion', 'Samuel Dalembert']",True,"['Dirk Nowitzki', 'Jason Terry', 'Monta Ellis', 'Shawn Marion', 'Samuel Dalembert']",True,"['Jae Crowder', 'Jose Calderon', 'Dirk Nowitzki', 'Jason Terry', 'Monta Ellis', 'Shawn Marion', 'Samuel Dalembert']",True,"['Jason Kidd', 'Shane Larkin', 'Vince Carter', 'Jae Crowder', 'Jose Calderon', 'Dirk Nowitzki', 'Jason Terry', 'Monta Ellis', 'Shawn Marion', 'Samuel Dalembert']",True
Kyle Singler,Josh Smith,"['Greg Monroe', 'Kyle Singler', 'Josh Smith']",True,"['Brandon Jennings', 'Kentavious Caldwell-Pope', 'Greg Monroe', 'Kyle Singler', 'Josh Smith']",True,"['Rodney Stuckey', 'Jonas Jerebko', 'Brandon Jennings', 'Kentavious Caldwell-Pope', 'Greg Monroe', 'Kyle Singler', 'Josh Smith']",True,"['Richard Hamilton', 'Jason Maxiell', 'Andre Drummond', 'Rodney Stuckey', 'Jonas Jerebko', 'Brandon Jennings', 'Kentavious Caldwell-Pope', 'Greg Monroe', 'Kyle Singler', 'Josh Smith']",True
Orlando Johnson,Paul George,"['Lance Stephenson', 'Roy Hibbert', 'Paul George']",False,"['George Hill', 'Luis Scola', 'Lance Stephenson', 'Roy Hibbert', 'Paul George']",False,"['David West', 'Ian Mahinmi', 'George Hill', 'Luis Scola', 'Lance Stephenson', 'Roy Hibbert', 'Paul George']",False,"['T.J. Ford', 'Mike Dunleavy', 'Danny Granger', 'David West', 'Ian Mahinmi', 'George Hill', 'Luis Scola', 'Lance Stephenson', 'Roy Hibbert', 'Paul George']",False
Kevin Love,Kevin Love,"['Corey Brewer', 'J.J. Barea', 'Kevin Love']",True,"['Derrick Williams', 'Nikola Pekovic', 'Corey Brewer', 'J.J. Barea', 'Kevin Love']",True,"['Dante Cunningham', 'A.J. Price', 'Derrick Williams', 'Nikola Pekovic', 'Corey Brewer', 'J.J. Barea', 'Kevin Love']",True,"['Luke Ridnour', 'Joe Johnson', 'Randy Foye', 'Dante Cunningham', 'A.J. Price', 'Derrick Williams', 'Nikola Pekovic', 'Corey Brewer', 'J.J. Barea', 'Kevin Love']",True
Ty Lawson,Ty Lawson,"['Kenneth Faried', 'Randy Foye', 'Ty Lawson']",True,"['J.J. Hickson', 'Timofey Mozgov', 'Kenneth Faried', 'Randy Foye', 'Ty Lawson']",True,"['Nene Hilario', 'Wilson Chandler', 'J.J. Hickson', 'Timofey Mozgov', 'Kenneth Faried', 'Randy Foye', 'Ty Lawson']",True,"['Nate Robinson', 'Kenyon Martin', 'J.R. Smith', 'Nene Hilario', 'Wilson Chandler', 'J.J. Hickson', 'Timofey Mozgov', 'Kenneth Faried', 'Randy Foye', 'Ty Lawson']",True
Marc Gasol,Marc Gasol,"['Mike Conley', 'Kosta Koufos', 'Marc Gasol']",True,"['Jeff Green', 'Courtney Lee', 'Mike Conley', 'Kosta Koufos', 'Marc Gasol']",True,"['Tony Allen', 'Jon Leuer', 'Jeff Green', 'Courtney Lee', 'Mike Conley', 'Kosta Koufos', 'Marc Gasol']",True,"['Vince Carter', 'Hakim Warrick', 'Zach Randolph', 'Tony Allen', 'Jon Leuer', 'Jeff Green', 'Courtney Lee', 'Mike Conley', 'Kosta Koufos', 'Marc Gasol']",True
Jeff Green,Jeff Green,"['Jared Sullinger', 'Paul Pierce', 'Jeff Green']",True,"['Rajon Rondo', 'Evan Turner', 'Jared Sullinger', 'Paul Pierce', 'Jeff Green']",True,"['Kelly Olynyk', 'Tyler Zeller', 'Rajon Rondo', 'Evan Turner', 'Jared Sullinger', 'Paul Pierce', 'Jeff Green']",True,"['Isaiah Thomas', 'Ray Allen', 'Kevin Garnett', 'Kelly Olynyk', 'Tyler Zeller', 'Rajon Rondo', 'Evan Turner', 'Jared Sullinger', 'Paul Pierce', 'Jeff Green']",True
David West,David West,"['C.J. Watson', 'C.J. Miles', 'David West']",True,"['George Hill', 'Danny Granger', 'C.J. Watson', 'C.J. Miles', 'David West']",True,"['Rodney Stuckey', 'Donald Sloan', 'George Hill', 'Danny Granger', 'C.J. Watson', 'C.J. Miles', 'David West']",True,"['Damjan Rudez', 'Brandon Rush', 'A.J. Price', 'Rodney Stuckey', 'Donald Sloan', 'George Hill', 'Danny Granger', 'C.J. Watson', 'C.J. Miles', 'David West']",True
Terrence Jones,Josh Smith,"['Luis Scola', 'Shane Battier', 'Josh Smith']",False,"['Patrick Beverley', 'James Harden', 'Luis Scola', 'Shane Battier', 'Josh Smith']",False,"['Kyle Lowry', 'Rafer Alston', 'Patrick Beverley', 'James Harden', 'Luis Scola', 'Shane Battier', 'Josh Smith']",False,"['Chuck Hayes', 'Jeremy Lin', 'Jason Terry', 'Kyle Lowry', 'Rafer Alston', 'Patrick Beverley', 'James Harden', 'Luis Scola', 'Shane Battier', 'Josh Smith']",False
Perry Jones,Dion Waiters,"['Kendrick Perkins', 'Kevin Durant', 'Dion Waiters']",False,"['Russell Westbrook', 'Reggie Jackson', 'Kendrick Perkins', 'Kevin Durant', 'Dion Waiters']",False,"['Nick Collison', 'D.J. Augustin', 'Russell Westbrook', 'Reggie Jackson', 'Kendrick Perkins', 'Kevin Durant', 'Dion Waiters']",False,"['Serge Ibaka', 'Jeremy Lamb', 'Perry Jones', 'Nick Collison', 'D.J. Augustin', 'Russell Westbrook', 'Reggie Jackson', 'Kendrick Perkins', 'Kevin Durant', 'Dion Waiters']",True
Anthony Morrow,Anthony Morrow,"['Nick Collison', 'Andre Roberson', 'Anthony Morrow']",True,"['James Harden', 'Kevin Durant', 'Nick Collison', 'Andre Roberson', 'Anthony Morrow']",True,"['Dion Waiters', 'Jeff Green', 'James Harden', 'Kevin Durant', 'Nick Collison', 'Andre Roberson', 'Anthony Morrow']",True,"['Derek Fisher', 'Serge Ibaka', 'Russell Westbrook', 'Dion Waiters', 'Jeff Green', 'James Harden', 'Kevin Durant', 'Nick Collison', 'Andre Roberson', 'Anthony Morrow']",True
Reggie Evans,Rudy Gay,"['Ray McCallum', 'Tyreke Evans', 'Rudy Gay']",False,"['Jason Thompson', 'Reggie Evans', 'Ray McCallum', 'Tyreke Evans', 'Rudy Gay']",True,"['Travis Outlaw', 'Omri Casspi', 'Jason Thompson', 'Reggie Evans', 'Ray McCallum', 'Tyreke Evans', 'Rudy Gay']",True,"['Ben McLemore', 'DeMarcus Cousins', 'Spencer Hawes', 'Travis Outlaw', 'Omri Casspi', 'Jason Thompson', 'Reggie Evans', 'Ray McCallum', 'Tyreke Evans', 'Rudy Gay']",True
Russell Westbrook,Serge Ibaka,"['Steven Adams', 'Russell Westbrook', 'Serge Ibaka']",True,"['Thabo Sefolosha', 'Reggie Jackson', 'Steven Adams', 'Russell Westbrook', 'Serge Ibaka']",True,"['Kevin Durant', 'Nick Collison', 'Thabo Sefolosha', 'Reggie Jackson', 'Steven Adams', 'Russell Westbrook', 'Serge Ibaka']",True,"['Kyle Singler', 'Perry Jones', 'Sebastian Telfair', 'Kevin Durant', 'Nick Collison', 'Thabo Sefolosha', 'Reggie Jackson', 'Steven Adams', 'Russell Westbrook', 'Serge Ibaka']",True
Jerami Grant,Luc Mbah a Moute,"['Jerami Grant', 'Nerlens Noel', 'Luc Mbah a Moute']",True,"['Hollis Thompson', 'Robert Covington', 'Jerami Grant', 'Nerlens Noel', 'Luc Mbah a Moute']",True,"['K.J. McDaniels', 'Michael Carter-Williams', 'Hollis Thompson', 'Robert Covington', 'Jerami Grant', 'Nerlens Noel', 'Luc Mbah a Moute']",True,"['Thaddeus Young', 'Henry Sims', 'Ish Smith', 'K.J. McDaniels', 'Michael Carter-Williams', 'Hollis Thompson', 'Robert Covington', 'Jerami Grant', 'Nerlens Noel', 'Luc Mbah a Moute']",True
Deron Williams,Brook Lopez,"['Deron Williams', 'Joe Johnson', 'Brook Lopez']",True,"['Bojan Bogdanovic', 'Josh Smith', 'Deron Williams', 'Joe Johnson', 'Brook Lopez']",True,"['Jarrett Jack', 'Jamal Crawford', 'Bojan Bogdanovic', 'Josh Smith', 'Deron Williams', 'Joe Johnson', 'Brook Lopez']",True,"['Chris Paul', 'Marvin Williams', 'Carmelo Anthony', 'Jarrett Jack', 'Jamal Crawford', 'Bojan Bogdanovic', 'Josh Smith', 'Deron Williams', 'Joe Johnson', 'Brook Lopez']",True
Brandon Bass,Avery Bradley,"['Glen Davis', 'Brandon Bass', 'Avery Bradley']",True,"['Evan Turner', 'Eddie House', 'Glen Davis', 'Brandon Bass', 'Avery Bradley']",True,"['Rajon Rondo', 'Jeff Green', 'Evan Turner', 'Eddie House', 'Glen Davis', 'Brandon Bass', 'Avery Bradley']",True,"['Kendrick Perkins', 'Al Jefferson', 'Kevin Garnett', 'Rajon Rondo', 'Jeff Green', 'Evan Turner', 'Eddie House', 'Glen Davis', 'Brandon Bass', 'Avery Bradley']",True
Derrick Williams,DeMarcus Cousins,"['Francisco Garcia', 'Jason Thompson', 'DeMarcus Cousins']",False,"['Carl Landry', 'Darren Collison', 'Francisco Garcia', 'Jason Thompson', 'DeMarcus Cousins']",False,"['Derrick Williams', 'Bobby Jackson', 'Carl Landry', 'Darren Collison', 'Francisco Garcia', 'Jason Thompson', 'DeMarcus Cousins']",True,"['Nik Stauskas', 'John Salmons', 'Omri Casspi', 'Derrick Williams', 'Bobby Jackson', 'Carl Landry', 'Darren Collison', 'Francisco Garcia', 'Jason Thompson', 'DeMarcus Cousins']",True
Kyle Lowry,Kyle Lowry,"['Jonas Valanciunas', 'Patrick Patterson', 'Kyle Lowry']",True,"['Terrence Ross', 'Lou Williams', 'Jonas Valanciunas', 'Patrick Patterson', 'Kyle Lowry']",True,"['DeMar DeRozan', 'Jose Calderon', 'Terrence Ross', 'Lou Williams', 'Jonas Valanciunas', 'Patrick Patterson', 'Kyle Lowry']",True,"['Greivis Vasquez', 'James Johnson', 'Amir Johnson', 'DeMar DeRozan', 'Jose Calderon', 'Terrence Ross', 'Lou Williams', 'Jonas Valanciunas', 'Patrick Patterson', 'Kyle Lowry']",True
Ty Lawson,Ty Lawson,"['J.R. Smith', 'Randy Foye', 'Ty Lawson']",True,"['Kenneth Faried', 'Nene Hilario', 'J.R. Smith', 'Randy Foye', 'Ty Lawson']",True,"['Kenyon Martin', 'Will Barton', 'Kenneth Faried', 'Nene Hilario', 'J.R. Smith', 'Randy Foye', 'Ty Lawson']",True,"['Nate Robinson', 'Wilson Chandler', 'Timofey Mozgov', 'Kenyon Martin', 'Will Barton', 'Kenneth Faried', 'Nene Hilario', 'J.R. Smith', 'Randy Foye', 'Ty Lawson']",True
Al Horford,Al Horford,"['Joe Johnson', 'Andre Iguodala', 'Al Horford']",True,"['Dwight Howard', 'Al Jefferson', 'Joe Johnson', 'Andre Iguodala', 'Al Horford']",True,"['Josh Smith', ""Amar'e Stoudemire"", 'Dwight Howard', 'Al Jefferson', 'Joe Johnson', 'Andre Iguodala', 'Al Horford']",True,"['Al Harrington', 'Andrew Bogut', 'Carmelo Anthony', 'Josh Smith', ""Amar'e Stoudemire"", 'Dwight Howard', 'Al Jefferson', 'Joe Johnson', 'Andre Iguodala', 'Al Horford']",True
Andrew Nicholson,Channing Frye,"['Elfrid Payton', 'Aaron Gordon', 'Channing Frye']",False,"['Arron Afflalo', 'Ben Gordon', 'Elfrid Payton', 'Aaron Gordon', 'Channing Frye']",False,"['Dewayne Dedmon', 'Andrew Nicholson', 'Arron Afflalo', 'Ben Gordon', 'Elfrid Payton', 'Aaron Gordon', 'Channing Frye']",True,"['Victor Oladipo', 'Nikola Vucevic', 'Dwight Howard', 'Dewayne Dedmon', 'Andrew Nicholson', 'Arron Afflalo', 'Ben Gordon', 'Elfrid Payton', 'Aaron Gordon', 'Channing Frye']",True
Joel Freeland,LaMarcus Aldridge,"['Joel Freeland', 'Nicolas Batum', 'LaMarcus Aldridge']",True,"['Damian Lillard', 'Meyers Leonard', 'Joel Freeland', 'Nicolas Batum', 'LaMarcus Aldridge']",True,"['Steve Blake', 'Robin Lopez', 'Damian Lillard', 'Meyers Leonard', 'Joel Freeland', 'Nicolas Batum', 'LaMarcus Aldridge']",True,"['Joel Przybilla', 'Dorell Wright', 'Martell Webster', 'Steve Blake', 'Robin Lopez', 'Damian Lillard', 'Meyers Leonard', 'Joel Freeland', 'Nicolas Batum', 'LaMarcus Aldridge']",True
Kendrick Perkins,Kevin Durant,"['Russell Westbrook', 'Nick Collison', 'Kevin Durant']",False,"['Enes Kanter', 'Kendrick Perkins', 'Russell Westbrook', 'Nick Collison', 'Kevin Durant']",True,"['Serge Ibaka', 'Reggie Jackson', 'Enes Kanter', 'Kendrick Perkins', 'Russell Westbrook', 'Nick Collison', 'Kevin Durant']",True,"['Mitch McGary', 'Jeremy Lamb', 'Dion Waiters', 'Serge Ibaka', 'Reggie Jackson', 'Enes Kanter', 'Kendrick Perkins', 'Russell Westbrook', 'Nick Collison', 'Kevin Durant']",True
Jason Smith,J.R. Smith,"['Jamal Crawford', 'Carmelo Anthony', 'J.R. Smith']",False,"['Lance Thomas', 'Jason Smith', 'Jamal Crawford', 'Carmelo Anthony', 'J.R. Smith']",True,"['Iman Shumpert', 'Danilo Gallinari', 'Lance Thomas', 'Jason Smith', 'Jamal Crawford', 'Carmelo Anthony', 'J.R. Smith']",True,"[""Amar'e Stoudemire"", 'Quincy Acy', 'David Lee', 'Iman Shumpert', 'Danilo Gallinari', 'Lance Thomas', 'Jason Smith', 'Jamal Crawford', 'Carmelo Anthony', 'J.R. Smith']",True
Tim Duncan,Tony Parker,"['Tiago Splitter', 'Tim Duncan', 'Tony Parker']",True,"['Matt Bonner', 'Manu Ginobili', 'Tiago Splitter', 'Tim Duncan', 'Tony Parker']",True,"['Marco Belinelli', 'Patty Mills', 'Matt Bonner', 'Manu Ginobili', 'Tiago Splitter', 'Tim Duncan', 'Tony Parker']",True,"['Kawhi Leonard', 'Danny Green', 'Boris Diaw', 'Marco Belinelli', 'Patty Mills', 'Matt Bonner', 'Manu Ginobili', 'Tiago Splitter', 'Tim Duncan', 'Tony Parker']",True
Elfrid Payton,Nikola Vucevic,"['Victor Oladipo', 'Elfrid Payton', 'Nikola Vucevic']",True,"['Luke Ridnour', 'Evan Fournier', 'Victor Oladipo', 'Elfrid Payton', 'Nikola Vucevic']",True,"['Jameer Nelson', 'Tobias Harris', 'Luke Ridnour', 'Evan Fournier', 'Victor Oladipo', 'Elfrid Payton', 'Nikola Vucevic']",True,"[""Kyle O'Quinn"", 'Dwight Howard', 'Channing Frye', 'Jameer Nelson', 'Tobias Harris', 'Luke Ridnour', 'Evan Fournier', 'Victor Oladipo', 'Elfrid Payton', 'Nikola Vucevic']",True
LeBron James,LeBron James,"['Tristan Thompson', 'Kyrie Irving', 'LeBron James']",True,"['Shawn Marion', 'Timofey Mozgov', 'Tristan Thompson', 'Kyrie Irving', 'LeBron James']",True,"['Anderson Varejao', 'Matthew Dellavedova', 'Shawn Marion', 'Timofey Mozgov', 'Tristan Thompson', 'Kyrie Irving', 'LeBron James']",True,"['Kevin Love', 'Daniel Gibson', 'Mike Miller', 'Anderson Varejao', 'Matthew Dellavedova', 'Shawn Marion', 'Timofey Mozgov', 'Tristan Thompson', 'Kyrie Irving', 'LeBron James']",True
Jae Crowder,Evan Turner,"['Jae Crowder', 'Jeff Green', 'Evan Turner']",True,"['Paul Pierce', 'Jared Sullinger', 'Jae Crowder', 'Jeff Green', 'Evan Turner']",True,"['Avery Bradley', 'Rajon Rondo', 'Paul Pierce', 'Jared Sullinger', 'Jae Crowder', 'Jeff Green', 'Evan Turner']",True,"['Kelly Olynyk', 'Jonas Jerebko', 'Kevin Garnett', 'Avery Bradley', 'Rajon Rondo', 'Paul Pierce', 'Jared Sullinger', 'Jae Crowder', 'Jeff Green', 'Evan Turner']",True
Pablo Prigioni,Carmelo Anthony,"['J.R. Smith', 'Jose Calderon', 'Carmelo Anthony']",False,"['Quincy Acy', 'Jamal Crawford', 'J.R. Smith', 'Jose Calderon', 'Carmelo Anthony']",False,"['Nate Robinson', 'David Lee', 'Quincy Acy', 'Jamal Crawford', 'J.R. Smith', 'Jose Calderon', 'Carmelo Anthony']",False,"[""Amar'e Stoudemire"", 'Jason Smith', 'Shane Larkin', 'Nate Robinson', 'David Lee', 'Quincy Acy', 'Jamal Crawford', 'J.R. Smith', 'Jose Calderon', 'Carmelo Anthony']",False
Pau Gasol,Joakim Noah,"['Kirk Hinrich', 'Nikola Mirotic', 'Joakim Noah']",False,"['Jimmy Butler', 'Mike Dunleavy', 'Kirk Hinrich', 'Nikola Mirotic', 'Joakim Noah']",False,"['Derrick Rose', 'Pau Gasol', 'Jimmy Butler', 'Mike Dunleavy', 'Kirk Hinrich', 'Nikola Mirotic', 'Joakim Noah']",True,"['Nazr Mohammed', 'Taj Gibson', 'Luol Deng', 'Derrick Rose', 'Pau Gasol', 'Jimmy Butler', 'Mike Dunleavy', 'Kirk Hinrich', 'Nikola Mirotic', 'Joakim Noah']",True
Jason Smith,Amar'e Stoudemire,"['David Lee', 'Carmelo Anthony', ""Amar'e Stoudemire""]",False,"['Al Harrington', 'Channing Frye', 'David Lee', 'Carmelo Anthony', ""Amar'e Stoudemire""]",False,"['Eddy Curry', 'Jason Smith', 'Al Harrington', 'Channing Frye', 'David Lee', 'Carmelo Anthony', ""Amar'e Stoudemire""]",True,"['Chris Duhon', 'Cleanthony Early', 'J.R. Smith', 'Eddy Curry', 'Jason Smith', 'Al Harrington', 'Channing Frye', 'David Lee', 'Carmelo Anthony', ""Amar'e Stoudemire""]",True
Kelly Olynyk,Rajon Rondo,"['Marcus Smart', 'Tyler Zeller', 'Rajon Rondo']",False,"['Paul Pierce', 'Phil Pressey', 'Marcus Smart', 'Tyler Zeller', 'Rajon Rondo']",False,"['Ray Allen', 'Avery Bradley', 'Paul Pierce', 'Phil Pressey', 'Marcus Smart', 'Tyler Zeller', 'Rajon Rondo']",False,"['Isaiah Thomas', 'Jared Sullinger', 'Kelly Olynyk', 'Ray Allen', 'Avery Bradley', 'Paul Pierce', 'Phil Pressey', 'Marcus Smart', 'Tyler Zeller', 'Rajon Rondo']",True
Rodney Stuckey,Roy Hibbert,"['Luis Scola', 'Rodney Stuckey', 'Roy Hibbert']",True,"['Mike Dunleavy', 'Paul George', 'Luis Scola', 'Rodney Stuckey', 'Roy Hibbert']",True,"['David West', 'Ian Mahinmi', 'Mike Dunleavy', 'Paul George', 'Luis Scola', 'Rodney Stuckey', 'Roy Hibbert']",True,"['George Hill', 'Jeff Foster', 'Lavoy Allen', 'David West', 'Ian Mahinmi', 'Mike Dunleavy', 'Paul George', 'Luis Scola', 'Rodney Stuckey', 'Roy Hibbert']",True
Patrick Patterson,Kyle Lowry,"['Patrick Patterson', 'Lou Williams', 'Kyle Lowry']",True,"['Jose Calderon', 'Terrence Ross', 'Patrick Patterson', 'Lou Williams', 'Kyle Lowry']",True,"['DeMar DeRozan', 'Jonas Valanciunas', 'Jose Calderon', 'Terrence Ross', 'Patrick Patterson', 'Lou Williams', 'Kyle Lowry']",True,"['James Johnson', 'Amir Johnson', 'Greivis Vasquez', 'DeMar DeRozan', 'Jonas Valanciunas', 'Jose Calderon', 'Terrence Ross', 'Patrick Patterson', 'Lou Williams', 'Kyle Lowry']",True
DeMarre Carroll,Al Horford,"['Joe Johnson', 'Andre Iguodala', 'Al Horford']",False,"['Dwight Howard', 'Al Jefferson', 'Joe Johnson', 'Andre Iguodala', 'Al Horford']",False,"['Carmelo Anthony', ""Amar'e Stoudemire"", 'Dwight Howard', 'Al Jefferson', 'Joe Johnson', 'Andre Iguodala', 'Al Horford']",False,"['Al Harrington', 'Andrew Bogut', 'Josh Smith', 'Carmelo Anthony', ""Amar'e Stoudemire"", 'Dwight Howard', 'Al Jefferson', 'Joe Johnson', 'Andre Iguodala', 'Al Horford']",False
Kyle Korver,Josh Smith,"['Jamal Crawford', 'Joe Johnson', 'Josh Smith']",False,"['Deron Williams', 'Marvin Williams', 'Jamal Crawford', 'Joe Johnson', 'Josh Smith']",False,"['J.R. Smith', 'Kyle Korver', 'Deron Williams', 'Marvin Williams', 'Jamal Crawford', 'Joe Johnson', 'Josh Smith']",True,"['Paul Millsap', 'Chris Paul', 'Monta Ellis', 'J.R. Smith', 'Kyle Korver', 'Deron Williams', 'Marvin Williams', 'Jamal Crawford', 'Joe Johnson', 'Josh Smith']",True
Andre Iguodala,Andre Iguodala,"['Draymond Green', 'Andrew Bogut', 'Andre Iguodala']",True,"['Klay Thompson', 'Stephen Curry', 'Draymond Green', 'Andrew Bogut', 'Andre Iguodala']",True,"['David Lee', 'Harrison Barnes', 'Klay Thompson', 'Stephen Curry', 'Draymond Green', 'Andrew Bogut', 'Andre Iguodala']",True,"['Leandro Barbosa', 'Andris Biedrins', 'Monta Ellis', 'David Lee', 'Harrison Barnes', 'Klay Thompson', 'Stephen Curry', 'Draymond Green', 'Andrew Bogut', 'Andre Iguodala']",True
Al Jefferson,Al Jefferson,"['Brian Roberts', 'Bismack Biyombo', 'Al Jefferson']",True,"['Gerald Henderson', 'Marvin Williams', 'Brian Roberts', 'Bismack Biyombo', 'Al Jefferson']",True,"['Kemba Walker', 'Al Horford', 'Gerald Henderson', 'Marvin Williams', 'Brian Roberts', 'Bismack Biyombo', 'Al Jefferson']",True,"['Gary Neal', 'Lance Stephenson', 'Boris Diaw', 'Kemba Walker', 'Al Horford', 'Gerald Henderson', 'Marvin Williams', 'Brian Roberts', 'Bismack Biyombo', 'Al Jefferson']",True
Evan Turner,Jeff Green,"['Evan Turner', 'Jared Sullinger', 'Jeff Green']",True,"['Paul Pierce', 'Marcus Smart', 'Evan Turner', 'Jared Sullinger', 'Jeff Green']",True,"['Kelly Olynyk', 'Rajon Rondo', 'Paul Pierce', 'Marcus Smart', 'Evan Turner', 'Jared Sullinger', 'Jeff Green']",True,"['Jae Crowder', 'Avery Bradley', 'Kevin Garnett', 'Kelly Olynyk', 'Rajon Rondo', 'Paul Pierce', 'Marcus Smart', 'Evan Turner', 'Jared Sullinger', 'Jeff Green']",True
Tristan Thompson,Tristan Thompson,"['LeBron James', 'Timofey Mozgov', 'Tristan Thompson']",True,"['Kyrie Irving', 'Zydrunas Ilgauskas', 'LeBron James', 'Timofey Mozgov', 'Tristan Thompson']",True,"['Anderson Varejao', 'Shawn Marion', 'Kyrie Irving', 'Zydrunas Ilgauskas', 'LeBron James', 'Timofey Mozgov', 'Tristan Thompson']",True,"['Mike Miller', 'J.R. Smith', 'Mo Williams', 'Anderson Varejao', 'Shawn Marion', 'Kyrie Irving', 'Zydrunas Ilgauskas', 'LeBron James', 'Timofey Mozgov', 'Tristan Thompson']",True
Mike Conley,Mike Conley,"['Rudy Gay', 'Marc Gasol', 'Mike Conley']",True,"['Kosta Koufos', 'Jon Leuer', 'Rudy Gay', 'Marc Gasol', 'Mike Conley']",True,"['Nick Calathes', 'Hakim Warrick', 'Kosta Koufos', 'Jon Leuer', 'Rudy Gay', 'Marc Gasol', 'Mike Conley']",True,"['Zach Randolph', 'O.J. Mayo', 'Mike Miller', 'Nick Calathes', 'Hakim Warrick', 'Kosta Koufos', 'Jon Leuer', 'Rudy Gay', 'Marc Gasol', 'Mike Conley']",True
Nik Stauskas,DeMarcus Cousins,"['Omri Casspi', 'Jason Thompson', 'DeMarcus Cousins']",False,"['Derrick Williams', 'Francisco Garcia', 'Omri Casspi', 'Jason Thompson', 'DeMarcus Cousins']",False,"['John Salmons', 'Nik Stauskas', 'Derrick Williams', 'Francisco Garcia', 'Omri Casspi', 'Jason Thompson', 'DeMarcus Cousins']",True,"['Carl Landry', 'Darren Collison', 'Isaiah Thomas', 'John Salmons', 'Nik Stauskas', 'Derrick Williams', 'Francisco Garcia', 'Omri Casspi', 'Jason Thompson', 'DeMarcus Cousins']",True
Arron Afflalo,Damian Lillard,"['Brandon Roy', 'Allen Crabbe', 'Damian Lillard']",False,"['Andre Miller', 'Chris Kaman', 'Brandon Roy', 'Allen Crabbe', 'Damian Lillard']",False,"['CJ McCollum', 'LaMarcus Aldridge', 'Andre Miller', 'Chris Kaman', 'Brandon Roy', 'Allen Crabbe', 'Damian Lillard']",False,"['Steve Blake', 'Nicolas Batum', 'Arron Afflalo', 'CJ McCollum', 'LaMarcus Aldridge', 'Andre Miller', 'Chris Kaman', 'Brandon Roy', 'Allen Crabbe', 'Damian Lillard']",True
Jimmy Butler,Jimmy Butler,"['Derrick Rose', 'Joakim Noah', 'Jimmy Butler']",True,"['Mike Dunleavy', 'Kirk Hinrich', 'Derrick Rose', 'Joakim Noah', 'Jimmy Butler']",True,"['Nikola Mirotic', 'Luol Deng', 'Mike Dunleavy', 'Kirk Hinrich', 'Derrick Rose', 'Joakim Noah', 'Jimmy Butler']",True,"['Taj Gibson', 'Ben Gordon', 'Pau Gasol', 'Nikola Mirotic', 'Luol Deng', 'Mike Dunleavy', 'Kirk Hinrich', 'Derrick Rose', 'Joakim Noah', 'Jimmy Butler']",True
Kirk Hinrich,Kirk Hinrich,"['Pau Gasol', 'Mike Dunleavy', 'Kirk Hinrich']",True,"['Joakim Noah', 'Nikola Mirotic', 'Pau Gasol', 'Mike Dunleavy', 'Kirk Hinrich']",True,"['Taj Gibson', 'Luol Deng', 'Joakim Noah', 'Nikola Mirotic', 'Pau Gasol', 'Mike Dunleavy', 'Kirk Hinrich']",True,"['Aaron Brooks', 'Derrick Rose', 'Jimmy Butler', 'Taj Gibson', 'Luol Deng', 'Joakim Noah', 'Nikola Mirotic', 'Pau Gasol', 'Mike Dunleavy', 'Kirk Hinrich']",True
Victor Oladipo,Victor Oladipo,"['Nikola Vucevic', 'Tobias Harris', 'Victor Oladipo']",True,"['Maurice Harkless', 'Willie Green', 'Nikola Vucevic', 'Tobias Harris', 'Victor Oladipo']",True,"['Trevor Ariza', 'Rashard Lewis', 'Maurice Harkless', 'Willie Green', 'Nikola Vucevic', 'Tobias Harris', 'Victor Oladipo']",True,"['Evan Fournier', 'Luke Ridnour', 'Ryan Anderson', 'Trevor Ariza', 'Rashard Lewis', 'Maurice Harkless', 'Willie Green', 'Nikola Vucevic', 'Tobias Harris', 'Victor Oladipo']",True
Channing Frye,Elfrid Payton,"['Andrew Nicholson', 'Evan Fournier', 'Elfrid Payton']",False,"['Nikola Vucevic', 'Channing Frye', 'Andrew Nicholson', 'Evan Fournier', 'Elfrid Payton']",True,"['Jameer Nelson', 'Dwight Howard', 'Nikola Vucevic', 'Channing Frye', 'Andrew Nicholson', 'Evan Fournier', 'Elfrid Payton']",True,"['Tobias Harris', 'Hedo Turkoglu', ""Kyle O'Quinn"", 'Jameer Nelson', 'Dwight Howard', 'Nikola Vucevic', 'Channing Frye', 'Andrew Nicholson', 'Evan Fournier', 'Elfrid Payton']",True
C.J. Watson,David West,"['George Hill', 'C.J. Watson', 'David West']",True,"['Luis Scola', 'Danny Granger', 'George Hill', 'C.J. Watson', 'David West']",True,"['Donald Sloan', 'Damjan Rudez', 'Luis Scola', 'Danny Granger', 'George Hill', 'C.J. Watson', 'David West']",True,"['Chris Copeland', 'Roy Hibbert', 'Ian Mahinmi', 'Donald Sloan', 'Damjan Rudez', 'Luis Scola', 'Danny Granger', 'George Hill', 'C.J. Watson', 'David West']",True
Marcus Morris,Marcus Morris,"['Markieff Morris', 'Goran Dragic', 'Marcus Morris']",True,"['Gerald Green', 'Eric Bledsoe', 'Markieff Morris', 'Goran Dragic', 'Marcus Morris']",True,"['Jared Dudley', 'Leandro Barbosa', 'Gerald Green', 'Eric Bledsoe', 'Markieff Morris', 'Goran Dragic', 'Marcus Morris']",True,"['Raja Bell', 'Grant Hill', 'Isaiah Thomas', 'Jared Dudley', 'Leandro Barbosa', 'Gerald Green', 'Eric Bledsoe', 'Markieff Morris', 'Goran Dragic', 'Marcus Morris']",True
Alexis Ajinca,Anthony Davis,"['Al-Farouq Aminu', 'Alexis Ajinca', 'Anthony Davis']",True,"['Chris Paul', 'Austin Rivers', 'Al-Farouq Aminu', 'Alexis Ajinca', 'Anthony Davis']",True,"['Dante Cunningham', 'Al Horford', 'Chris Paul', 'Austin Rivers', 'Al-Farouq Aminu', 'Alexis Ajinca', 'Anthony Davis']",True,"['Al Jefferson', 'Joe Johnson', 'Andre Iguodala', 'Dante Cunningham', 'Al Horford', 'Chris Paul', 'Austin Rivers', 'Al-Farouq Aminu', 'Alexis Ajinca', 'Anthony Davis']",True
Kirk Hinrich,Kirk Hinrich,"['Nikola Mirotic', 'Joakim Noah', 'Kirk Hinrich']",True,"['Taj Gibson', 'Mike Dunleavy', 'Nikola Mirotic', 'Joakim Noah', 'Kirk Hinrich']",True,"['Jimmy Butler', 'Pau Gasol', 'Taj Gibson', 'Mike Dunleavy', 'Nikola Mirotic', 'Joakim Noah', 'Kirk Hinrich']",True,"['Nazr Mohammed', 'Derrick Rose', 'Luol Deng', 'Jimmy Butler', 'Pau Gasol', 'Taj Gibson', 'Mike Dunleavy', 'Nikola Mirotic', 'Joakim Noah', 'Kirk Hinrich']",True
Omer Asik,Ryan Anderson,"['Quincy Pondexter', 'Omer Asik', 'Ryan Anderson']",True,"['Eric Gordon', 'Tyreke Evans', 'Quincy Pondexter', 'Omer Asik', 'Ryan Anderson']",True,"['Josh Smith', 'Joe Johnson', 'Eric Gordon', 'Tyreke Evans', 'Quincy Pondexter', 'Omer Asik', 'Ryan Anderson']",True,"['Marvin Williams', 'Norris Cole', 'Jrue Holiday', 'Josh Smith', 'Joe Johnson', 'Eric Gordon', 'Tyreke Evans', 'Quincy Pondexter', 'Omer Asik', 'Ryan Anderson']",True
Patty Mills,Tim Duncan,"['Manu Ginobili', 'Patty Mills', 'Tim Duncan']",True,"['Tony Parker', 'Tiago Splitter', 'Manu Ginobili', 'Patty Mills', 'Tim Duncan']",True,"['Michael Finley', 'Matt Bonner', 'Tony Parker', 'Tiago Splitter', 'Manu Ginobili', 'Patty Mills', 'Tim Duncan']",True,"['Boris Diaw', 'Kawhi Leonard', 'Marco Belinelli', 'Michael Finley', 'Matt Bonner', 'Tony Parker', 'Tiago Splitter', 'Manu Ginobili', 'Patty Mills', 'Tim Duncan']",True
Vince Carter,Tony Allen,"['Marc Gasol', 'Mike Conley', 'Tony Allen']",False,"['Nick Calathes', 'Vince Carter', 'Marc Gasol', 'Mike Conley', 'Tony Allen']",True,"['Tayshaun Prince', 'Kosta Koufos', 'Nick Calathes', 'Vince Carter', 'Marc Gasol', 'Mike Conley', 'Tony Allen']",True,"['Mike Miller', 'Quincy Pondexter', 'Rudy Gay', 'Tayshaun Prince', 'Kosta Koufos', 'Nick Calathes', 'Vince Carter', 'Marc Gasol', 'Mike Conley', 'Tony Allen']",True
Derrick Favors,Derrick Favors,"['Enes Kanter', 'Gordon Hayward', 'Derrick Favors']",True,"['Joe Ingles', 'Dante Exum', 'Enes Kanter', 'Gordon Hayward', 'Derrick Favors']",True,"['Rudy Gobert', 'Trey Burke', 'Joe Ingles', 'Dante Exum', 'Enes Kanter', 'Gordon Hayward', 'Derrick Favors']",True,"['Elijah Millsap', 'Trevor Booker', 'Deron Williams', 'Rudy Gobert', 'Trey Burke', 'Joe Ingles', 'Dante Exum', 'Enes Kanter', 'Gordon Hayward', 'Derrick Favors']",True
Nikola Pekovic,Chase Budinger,"['Gorgui Dieng', 'Kevin Love', 'Chase Budinger']",False,"['Corey Brewer', 'Kevin Martin', 'Gorgui Dieng', 'Kevin Love', 'Chase Budinger']",False,"['Thaddeus Young', 'Randy Foye', 'Corey Brewer', 'Kevin Martin', 'Gorgui Dieng', 'Kevin Love', 'Chase Budinger']",False,"['Joe Johnson', 'Nikola Pekovic', 'Luke Ridnour', 'Thaddeus Young', 'Randy Foye', 'Corey Brewer', 'Kevin Martin', 'Gorgui Dieng', 'Kevin Love', 'Chase Budinger']",True
Kevin Seraphin,John Wall,"['Caron Butler', 'Kevin Seraphin', 'John Wall']",True,"['Antawn Jamison', 'Marcin Gortat', 'Caron Butler', 'Kevin Seraphin', 'John Wall']",True,"['Andray Blatche', 'Bradley Beal', 'Antawn Jamison', 'Marcin Gortat', 'Caron Butler', 'Kevin Seraphin', 'John Wall']",True,"['Kris Humphries', 'DeShawn Stevenson', 'Brendan Haywood', 'Andray Blatche', 'Bradley Beal', 'Antawn Jamison', 'Marcin Gortat', 'Caron Butler', 'Kevin Seraphin', 'John Wall']",True
Gary Harris,Carmelo Anthony,"['Arron Afflalo', 'J.J. Hickson', 'Carmelo Anthony']",False,"['Andre Miller', 'Kenneth Faried', 'Arron Afflalo', 'J.J. Hickson', 'Carmelo Anthony']",False,"['Jameer Nelson', 'Danilo Gallinari', 'Andre Miller', 'Kenneth Faried', 'Arron Afflalo', 'J.J. Hickson', 'Carmelo Anthony']",False,"['Ty Lawson', 'Darrell Arthur', 'Gary Harris', 'Jameer Nelson', 'Danilo Gallinari', 'Andre Miller', 'Kenneth Faried', 'Arron Afflalo', 'J.J. Hickson', 'Carmelo Anthony']",True
Tyler Ennis,Zaza Pachulia,"['O.J. Mayo', 'Khris Middleton', 'Zaza Pachulia']",False,"['Trevor Ariza', 'Larry Sanders', 'O.J. Mayo', 'Khris Middleton', 'Zaza Pachulia']",False,"['Jared Dudley', 'Ersan Ilyasova', 'Trevor Ariza', 'Larry Sanders', 'O.J. Mayo', 'Khris Middleton', 'Zaza Pachulia']",False,"['Vince Carter', 'Monta Ellis', 'Tyreke Evans', 'Jared Dudley', 'Ersan Ilyasova', 'Trevor Ariza', 'Larry Sanders', 'O.J. Mayo', 'Khris Middleton', 'Zaza Pachulia']",False
Roy Hibbert,Roy Hibbert,"['Luis Scola', 'Rodney Stuckey', 'Roy Hibbert']",True,"['Lavoy Allen', 'Ian Mahinmi', 'Luis Scola', 'Rodney Stuckey', 'Roy Hibbert']",True,"['Paul George', 'Mike Dunleavy', 'Lavoy Allen', 'Ian Mahinmi', 'Luis Scola', 'Rodney Stuckey', 'Roy Hibbert']",True,"['George Hill', 'David West', 'Solomon Hill', 'Paul George', 'Mike Dunleavy', 'Lavoy Allen', 'Ian Mahinmi', 'Luis Scola', 'Rodney Stuckey', 'Roy Hibbert']",True
Josh Smith,James Harden,"['Patrick Beverley', 'Josh Smith', 'James Harden']",True,"['Shane Battier', 'Luis Scola', 'Patrick Beverley', 'Josh Smith', 'James Harden']",True,"['Kyle Lowry', 'Jason Terry', 'Shane Battier', 'Luis Scola', 'Patrick Beverley', 'Josh Smith', 'James Harden']",True,"['Rafer Alston', 'Dwight Howard', 'Donatas Motiejunas', 'Kyle Lowry', 'Jason Terry', 'Shane Battier', 'Luis Scola', 'Patrick Beverley', 'Josh Smith', 'James Harden']",True
Gordon Hayward,Gordon Hayward,"['Enes Kanter', 'Derrick Favors', 'Gordon Hayward']",True,"['Dante Exum', 'Trey Burke', 'Enes Kanter', 'Derrick Favors', 'Gordon Hayward']",True,"['Joe Ingles', 'Rudy Gobert', 'Dante Exum', 'Trey Burke', 'Enes Kanter', 'Derrick Favors', 'Gordon Hayward']",True,"['Deron Williams', 'Rodney Hood', 'Carlos Boozer', 'Joe Ingles', 'Rudy Gobert', 'Dante Exum', 'Trey Burke', 'Enes Kanter', 'Derrick Favors', 'Gordon Hayward']",True
Marcin Gortat,John Wall,"['Kevin Seraphin', 'Otto Porter', 'John Wall']",False,"['Kris Humphries', 'Marcin Gortat', 'Kevin Seraphin', 'Otto Porter', 'John Wall']",True,"['Caron Butler', 'Nene Hilario', 'Kris Humphries', 'Marcin Gortat', 'Kevin Seraphin', 'Otto Porter', 'John Wall']",True,"['Antawn Jamison', 'Bradley Beal', 'Martell Webster', 'Caron Butler', 'Nene Hilario', 'Kris Humphries', 'Marcin Gortat', 'Kevin Seraphin', 'Otto Porter', 'John Wall']",True
Rasual Butler,Rasual Butler,"['Paul Pierce', 'Gilbert Arenas', 'Rasual Butler']",True,"['John Wall', 'Nick Young', 'Paul Pierce', 'Gilbert Arenas', 'Rasual Butler']",True,"['Nene Hilario', 'Otto Porter', 'John Wall', 'Nick Young', 'Paul Pierce', 'Gilbert Arenas', 'Rasual Butler']",True,"['Jarvis Hayes', 'Trevor Booker', 'Trevor Ariza', 'Nene Hilario', 'Otto Porter', 'John Wall', 'Nick Young', 'Paul Pierce', 'Gilbert Arenas', 'Rasual Butler']",True
Draymond Green,Draymond Green,"['Harrison Barnes', 'David Lee', 'Draymond Green']",True,"['Andrew Bogut', 'Festus Ezeli', 'Harrison Barnes', 'David Lee', 'Draymond Green']",True,"['Klay Thompson', 'Stephen Curry', 'Andrew Bogut', 'Festus Ezeli', 'Harrison Barnes', 'David Lee', 'Draymond Green']",True,"['Andris Biedrins', 'Monta Ellis', 'Andre Iguodala', 'Klay Thompson', 'Stephen Curry', 'Andrew Bogut', 'Festus Ezeli', 'Harrison Barnes', 'David Lee', 'Draymond Green']",True
Derrick Williams,Jason Thompson,"['Omri Casspi', 'DeMarcus Cousins', 'Jason Thompson']",False,"['Derrick Williams', 'Ray McCallum', 'Omri Casspi', 'DeMarcus Cousins', 'Jason Thompson']",True,"['Francisco Garcia', 'Isaiah Thomas', 'Derrick Williams', 'Ray McCallum', 'Omri Casspi', 'DeMarcus Cousins', 'Jason Thompson']",True,"['Tyreke Evans', 'John Salmons', 'Nik Stauskas', 'Francisco Garcia', 'Isaiah Thomas', 'Derrick Williams', 'Ray McCallum', 'Omri Casspi', 'DeMarcus Cousins', 'Jason Thompson']",True
Tyler Hansbrough,Tyler Hansbrough,"['Patrick Patterson', 'Terrence Ross', 'Tyler Hansbrough']",True,"['Kyle Lowry', 'Lou Williams', 'Patrick Patterson', 'Terrence Ross', 'Tyler Hansbrough']",True,"['Jose Calderon', 'DeMar DeRozan', 'Kyle Lowry', 'Lou Williams', 'Patrick Patterson', 'Terrence Ross', 'Tyler Hansbrough']",True,"['Jonas Valanciunas', 'Greivis Vasquez', 'James Johnson', 'Jose Calderon', 'DeMar DeRozan', 'Kyle Lowry', 'Lou Williams', 'Patrick Patterson', 'Terrence Ross', 'Tyler Hansbrough']",True
Tim Hardaway,Quincy Acy,"['Carmelo Anthony', 'Shane Larkin', 'Quincy Acy']",False,"['David Lee', 'J.R. Smith', 'Carmelo Anthony', 'Shane Larkin', 'Quincy Acy']",False,"['Raymond Felton', 'Jamal Crawford', 'David Lee', 'J.R. Smith', 'Carmelo Anthony', 'Shane Larkin', 'Quincy Acy']",False,"['Pablo Prigioni', 'Jared Jeffries', 'Nate Robinson', 'Raymond Felton', 'Jamal Crawford', 'David Lee', 'J.R. Smith', 'Carmelo Anthony', 'Shane Larkin', 'Quincy Acy']",False
Ish Smith,Luc Mbah a Moute,"['Hollis Thompson', 'Michael Carter-Williams', 'Luc Mbah a Moute']",False,"['Nerlens Noel', 'Jerami Grant', 'Hollis Thompson', 'Michael Carter-Williams', 'Luc Mbah a Moute']",False,"['JaKarr Sampson', 'K.J. McDaniels', 'Nerlens Noel', 'Jerami Grant', 'Hollis Thompson', 'Michael Carter-Williams', 'Luc Mbah a Moute']",False,"['Thaddeus Young', 'Jason Richardson', 'Robert Covington', 'JaKarr Sampson', 'K.J. McDaniels', 'Nerlens Noel', 'Jerami Grant', 'Hollis Thompson', 'Michael Carter-Williams', 'Luc Mbah a Moute']",False
Nerlens Noel,Nerlens Noel,"['Luc Mbah a Moute', 'Michael Carter-Williams', 'Nerlens Noel']",True,"['Robert Covington', 'Hollis Thompson', 'Luc Mbah a Moute', 'Michael Carter-Williams', 'Nerlens Noel']",True,"['Thaddeus Young', 'K.J. McDaniels', 'Robert Covington', 'Hollis Thompson', 'Luc Mbah a Moute', 'Michael Carter-Williams', 'Nerlens Noel']",True,"['Jerami Grant', 'Henry Sims', 'Spencer Hawes', 'Thaddeus Young', 'K.J. McDaniels', 'Robert Covington', 'Hollis Thompson', 'Luc Mbah a Moute', 'Michael Carter-Williams', 'Nerlens Noel']",True
Andre Miller,Ben McLemore,"['DeMarcus Cousins', 'Andre Miller', 'Ben McLemore']",True,"['Jason Thompson', 'Beno Udrih', 'DeMarcus Cousins', 'Andre Miller', 'Ben McLemore']",True,"['Darren Collison', 'Carl Landry', 'Jason Thompson', 'Beno Udrih', 'DeMarcus Cousins', 'Andre Miller', 'Ben McLemore']",True,"['Omri Casspi', 'Derrick Williams', 'Andres Nocioni', 'Darren Collison', 'Carl Landry', 'Jason Thompson', 'Beno Udrih', 'DeMarcus Cousins', 'Andre Miller', 'Ben McLemore']",True
Nene Hilario,Nene Hilario,"['John Wall', 'Marcin Gortat', 'Nene Hilario']",True,"['Otto Porter', 'Bradley Beal', 'John Wall', 'Marcin Gortat', 'Nene Hilario']",True,"['Kris Humphries', 'Kevin Seraphin', 'Otto Porter', 'Bradley Beal', 'John Wall', 'Marcin Gortat', 'Nene Hilario']",True,"['Paul Pierce', 'Trevor Ariza', 'Martell Webster', 'Kris Humphries', 'Kevin Seraphin', 'Otto Porter', 'Bradley Beal', 'John Wall', 'Marcin Gortat', 'Nene Hilario']",True
Khris Middleton,Khris Middleton,"['Giannis Antetokounmpo', 'John Henson', 'Khris Middleton']",True,"['Jabari Parker', 'Jerryd Bayless', 'Giannis Antetokounmpo', 'John Henson', 'Khris Middleton']",True,"['Michael Carter-Williams', 'Ersan Ilyasova', 'Jabari Parker', 'Jerryd Bayless', 'Giannis Antetokounmpo', 'John Henson', 'Khris Middleton']",True,"['Joe Johnson', 'Jared Dudley', 'O.J. Mayo', 'Michael Carter-Williams', 'Ersan Ilyasova', 'Jabari Parker', 'Jerryd Bayless', 'Giannis Antetokounmpo', 'John Henson', 'Khris Middleton']",True
Joe Johnson,Joe Johnson,"['Deron Williams', 'Jarrett Jack', 'Joe Johnson']",True,"['Brook Lopez', 'Josh Smith', 'Deron Williams', 'Jarrett Jack', 'Joe Johnson']",True,"['Markel Brown', 'Paul Pierce', 'Brook Lopez', 'Josh Smith', 'Deron Williams', 'Jarrett Jack', 'Joe Johnson']",True,"['Alan Anderson', 'Marvin Williams', 'Jamal Crawford', 'Markel Brown', 'Paul Pierce', 'Brook Lopez', 'Josh Smith', 'Deron Williams', 'Jarrett Jack', 'Joe Johnson']",True
Bradley Beal,Bradley Beal,"['John Wall', 'Garrett Temple', 'Bradley Beal']",True,"['Antawn Jamison', 'Andray Blatche', 'John Wall', 'Garrett Temple', 'Bradley Beal']",True,"['Kevin Seraphin', 'Andre Miller', 'Antawn Jamison', 'Andray Blatche', 'John Wall', 'Garrett Temple', 'Bradley Beal']",True,"['Marcin Gortat', 'Drew Gooden', 'Nene Hilario', 'Kevin Seraphin', 'Andre Miller', 'Antawn Jamison', 'Andray Blatche', 'John Wall', 'Garrett Temple', 'Bradley Beal']",True
Victor Oladipo,Victor Oladipo,"['Nikola Vucevic', 'Tobias Harris', 'Victor Oladipo']",True,"['Rashard Lewis', 'Willie Green', 'Nikola Vucevic', 'Tobias Harris', 'Victor Oladipo']",True,"['Trevor Ariza', 'Maurice Harkless', 'Rashard Lewis', 'Willie Green', 'Nikola Vucevic', 'Tobias Harris', 'Victor Oladipo']",True,"['Ryan Anderson', 'Evan Fournier', 'Elfrid Payton', 'Trevor Ariza', 'Maurice Harkless', 'Rashard Lewis', 'Willie Green', 'Nikola Vucevic', 'Tobias Harris', 'Victor Oladipo']",True
Andre Drummond,Andre Drummond,"['Ben Gordon', 'Brandon Jennings', 'Andre Drummond']",True,"['Anthony Tolliver', 'Caron Butler', 'Ben Gordon', 'Brandon Jennings', 'Andre Drummond']",True,"['Greg Monroe', 'Austin Daye', 'Anthony Tolliver', 'Caron Butler', 'Ben Gordon', 'Brandon Jennings', 'Andre Drummond']",True,"['Josh Smith', 'Kentavious Caldwell-Pope', 'Antonio McDyess', 'Greg Monroe', 'Austin Daye', 'Anthony Tolliver', 'Caron Butler', 'Ben Gordon', 'Brandon Jennings', 'Andre Drummond']",True
Kostas Papanikolaou,Shane Battier,"['James Harden', 'Luis Scola', 'Shane Battier']",False,"['Patrick Beverley', 'Josh Smith', 'James Harden', 'Luis Scola', 'Shane Battier']",False,"['Kyle Lowry', 'Rafer Alston', 'Patrick Beverley', 'Josh Smith', 'James Harden', 'Luis Scola', 'Shane Battier']",False,"['Trevor Ariza', 'Jason Terry', 'Kostas Papanikolaou', 'Kyle Lowry', 'Rafer Alston', 'Patrick Beverley', 'Josh Smith', 'James Harden', 'Luis Scola', 'Shane Battier']",True
Michael Kidd-Gilchrist,Marvin Williams,"['Gerald Henderson', 'Kemba Walker', 'Marvin Williams']",False,"['Michael Kidd-Gilchrist', 'Lance Stephenson', 'Gerald Henderson', 'Kemba Walker', 'Marvin Williams']",True,"['Al Jefferson', 'Mo Williams', 'Michael Kidd-Gilchrist', 'Lance Stephenson', 'Gerald Henderson', 'Kemba Walker', 'Marvin Williams']",True,"['Brian Roberts', 'Gerald Wallace', 'Bismack Biyombo', 'Al Jefferson', 'Mo Williams', 'Michael Kidd-Gilchrist', 'Lance Stephenson', 'Gerald Henderson', 'Kemba Walker', 'Marvin Williams']",True
Patrick Patterson,Lou Williams,"['Kyle Lowry', 'Patrick Patterson', 'Lou Williams']",True,"['Jose Calderon', 'Terrence Ross', 'Kyle Lowry', 'Patrick Patterson', 'Lou Williams']",True,"['DeMar DeRozan', 'Jonas Valanciunas', 'Jose Calderon', 'Terrence Ross', 'Kyle Lowry', 'Patrick Patterson', 'Lou Williams']",True,"['Greivis Vasquez', 'Amir Johnson', 'James Johnson', 'DeMar DeRozan', 'Jonas Valanciunas', 'Jose Calderon', 'Terrence Ross', 'Kyle Lowry', 'Patrick Patterson', 'Lou Williams']",True
Marvin Williams,Marvin Williams,"['Gerald Henderson', 'Kemba Walker', 'Marvin Williams']",True,"['Mo Williams', 'Lance Stephenson', 'Gerald Henderson', 'Kemba Walker', 'Marvin Williams']",True,"['Bismack Biyombo', 'Al Jefferson', 'Mo Williams', 'Lance Stephenson', 'Gerald Henderson', 'Kemba Walker', 'Marvin Williams']",True,"['Raymond Felton', 'Michael Kidd-Gilchrist', 'Gerald Wallace', 'Bismack Biyombo', 'Al Jefferson', 'Mo Williams', 'Lance Stephenson', 'Gerald Henderson', 'Kemba Walker', 'Marvin Williams']",True
Chandler Parsons,Al-Farouq Aminu,"['Devin Harris', 'Chandler Parsons', 'Al-Farouq Aminu']",True,"['Brandan Wright', 'Dirk Nowitzki', 'Devin Harris', 'Chandler Parsons', 'Al-Farouq Aminu']",True,"['Brendan Haywood', 'Charlie Villanueva', 'Brandan Wright', 'Dirk Nowitzki', 'Devin Harris', 'Chandler Parsons', 'Al-Farouq Aminu']",True,"['Monta Ellis', 'Brandon Bass', ""Amar'e Stoudemire"", 'Brendan Haywood', 'Charlie Villanueva', 'Brandan Wright', 'Dirk Nowitzki', 'Devin Harris', 'Chandler Parsons', 'Al-Farouq Aminu']",True
Tim Hardaway,Tim Hardaway,"['Stephon Marbury', 'Wilson Chandler', 'Tim Hardaway']",True,"['Shane Larkin', 'Travis Wear', 'Stephon Marbury', 'Wilson Chandler', 'Tim Hardaway']",True,"['Samuel Dalembert', 'Tyson Chandler', 'Shane Larkin', 'Travis Wear', 'Stephon Marbury', 'Wilson Chandler', 'Tim Hardaway']",True,"['Zach Randolph', 'Jared Jeffries', 'Toney Douglas', 'Samuel Dalembert', 'Tyson Chandler', 'Shane Larkin', 'Travis Wear', 'Stephon Marbury', 'Wilson Chandler', 'Tim Hardaway']",True
Nicolas Batum,Nicolas Batum,"['Robin Lopez', 'LaMarcus Aldridge', 'Nicolas Batum']",True,"['Joel Freeland', 'Steve Blake', 'Robin Lopez', 'LaMarcus Aldridge', 'Nicolas Batum']",True,"['Wesley Matthews', 'Damian Lillard', 'Joel Freeland', 'Steve Blake', 'Robin Lopez', 'LaMarcus Aldridge', 'Nicolas Batum']",True,"['Allen Crabbe', 'Martell Webster', 'Rudy Fernandez', 'Wesley Matthews', 'Damian Lillard', 'Joel Freeland', 'Steve Blake', 'Robin Lopez', 'LaMarcus Aldridge', 'Nicolas Batum']",True
James Young,Jeff Green,"['Rajon Rondo', 'Jared Sullinger', 'Jeff Green']",False,"['James Young', 'Paul Pierce', 'Rajon Rondo', 'Jared Sullinger', 'Jeff Green']",True,"['Kelly Olynyk', 'Evan Turner', 'James Young', 'Paul Pierce', 'Rajon Rondo', 'Jared Sullinger', 'Jeff Green']",True,"['Marcus Smart', 'Kevin Garnett', 'Jae Crowder', 'Kelly Olynyk', 'Evan Turner', 'James Young', 'Paul Pierce', 'Rajon Rondo', 'Jared Sullinger', 'Jeff Green']",True
Tony Allen,Zach Randolph,"['Rudy Gay', 'Vince Carter', 'Zach Randolph']",False,"['Tony Allen', 'Marc Gasol', 'Rudy Gay', 'Vince Carter', 'Zach Randolph']",True,"['Tayshaun Prince', 'Mike Conley', 'Tony Allen', 'Marc Gasol', 'Rudy Gay', 'Vince Carter', 'Zach Randolph']",True,"['Courtney Lee', 'Kosta Koufos', 'Quincy Pondexter', 'Tayshaun Prince', 'Mike Conley', 'Tony Allen', 'Marc Gasol', 'Rudy Gay', 'Vince Carter', 'Zach Randolph']",True
Klay Thompson,Klay Thompson,"['Marreese Speights', 'Stephen Curry', 'Klay Thompson']",True,"['Monta Ellis', 'Harrison Barnes', 'Marreese Speights', 'Stephen Curry', 'Klay Thompson']",True,"['Andre Iguodala', 'Draymond Green', 'Monta Ellis', 'Harrison Barnes', 'Marreese Speights', 'Stephen Curry', 'Klay Thompson']",True,"['Leandro Barbosa', 'Justin Holiday', 'David Lee', 'Andre Iguodala', 'Draymond Green', 'Monta Ellis', 'Harrison Barnes', 'Marreese Speights', 'Stephen Curry', 'Klay Thompson']",True
Jeremy Lin,Jeremy Lin,"['Ed Davis', 'Kobe Bryant', 'Jeremy Lin']",True,"['Lamar Odom', 'Jordan Hill', 'Ed Davis', 'Kobe Bryant', 'Jeremy Lin']",True,"['Jordan Farmar', 'Nick Young', 'Lamar Odom', 'Jordan Hill', 'Ed Davis', 'Kobe Bryant', 'Jeremy Lin']",True,"['Carlos Boozer', 'Jordan Clarkson', 'Pau Gasol', 'Jordan Farmar', 'Nick Young', 'Lamar Odom', 'Jordan Hill', 'Ed Davis', 'Kobe Bryant', 'Jeremy Lin']",True
Jordan Hill,Jordan Hill,"['Kobe Bryant', 'Jeremy Lin', 'Jordan Hill']",True,"['Ed Davis', 'Jordan Clarkson', 'Kobe Bryant', 'Jeremy Lin', 'Jordan Hill']",True,"['Jordan Farmar', 'Nick Young', 'Ed Davis', 'Jordan Clarkson', 'Kobe Bryant', 'Jeremy Lin', 'Jordan Hill']",True,"['Wayne Ellington', 'Wesley Johnson', 'Carlos Boozer', 'Jordan Farmar', 'Nick Young', 'Ed Davis', 'Jordan Clarkson', 'Kobe Bryant', 'Jeremy Lin', 'Jordan Hill']",True
Khris Middleton,Khris Middleton,"['Ersan Ilyasova', 'Jerryd Bayless', 'Khris Middleton']",True,"['Zaza Pachulia', 'John Henson', 'Ersan Ilyasova', 'Jerryd Bayless', 'Khris Middleton']",True,"['Giannis Antetokounmpo', 'Charlie Bell', 'Zaza Pachulia', 'John Henson', 'Ersan Ilyasova', 'Jerryd Bayless', 'Khris Middleton']",True,"['Michael Redd', 'Josh Smith', 'Joe Johnson', 'Giannis Antetokounmpo', 'Charlie Bell', 'Zaza Pachulia', 'John Henson', 'Ersan Ilyasova', 'Jerryd Bayless', 'Khris Middleton']",True
Austin Rivers,Anthony Davis,"['Austin Rivers', 'Alexis Ajinca', 'Anthony Davis']",True,"['Dante Cunningham', 'Chris Paul', 'Austin Rivers', 'Alexis Ajinca', 'Anthony Davis']",True,"['Al-Farouq Aminu', 'Anthony Morrow', 'Dante Cunningham', 'Chris Paul', 'Austin Rivers', 'Alexis Ajinca', 'Anthony Davis']",True,"['Joe Johnson', 'Andre Iguodala', 'Al Horford', 'Al-Farouq Aminu', 'Anthony Morrow', 'Dante Cunningham', 'Chris Paul', 'Austin Rivers', 'Alexis Ajinca', 'Anthony Davis']",True
Paul Millsap,Zaza Pachulia,"['Tyreke Evans', 'Trevor Ariza', 'Zaza Pachulia']",False,"['Paul Millsap', 'Wilson Chandler', 'Tyreke Evans', 'Trevor Ariza', 'Zaza Pachulia']",True,"['Tyson Chandler', 'Tony Parker', 'Paul Millsap', 'Wilson Chandler', 'Tyreke Evans', 'Trevor Ariza', 'Zaza Pachulia']",True,"['Joe Johnson', 'Josh Smith', 'Vince Carter', 'Tyson Chandler', 'Tony Parker', 'Paul Millsap', 'Wilson Chandler', 'Tyreke Evans', 'Trevor Ariza', 'Zaza Pachulia']",True
James Jones,Kyrie Irving,"['LeBron James', 'Kevin Love', 'Kyrie Irving']",False,"['Anderson Varejao', 'Daniel Gibson', 'LeBron James', 'Kevin Love', 'Kyrie Irving']",False,"['Dion Waiters', 'James Jones', 'Anderson Varejao', 'Daniel Gibson', 'LeBron James', 'Kevin Love', 'Kyrie Irving']",True,"['Anthony Parker', 'Antawn Jamison', 'Tristan Thompson', 'Dion Waiters', 'James Jones', 'Anderson Varejao', 'Daniel Gibson', 'LeBron James', 'Kevin Love', 'Kyrie Irving']",True
Luol Deng,Dwyane Wade,"['Hassan Whiteside', 'James Ennis', 'Dwyane Wade']",False,"['Mario Chalmers', 'Luol Deng', 'Hassan Whiteside', 'James Ennis', 'Dwyane Wade']",True,"['Chris Bosh', 'Goran Dragic', 'Mario Chalmers', 'Luol Deng', 'Hassan Whiteside', 'James Ennis', 'Dwyane Wade']",True,"['Danny Granger', 'LeBron James', 'Norris Cole', 'Chris Bosh', 'Goran Dragic', 'Mario Chalmers', 'Luol Deng', 'Hassan Whiteside', 'James Ennis', 'Dwyane Wade']",True
Al Horford,Al Horford,"['Joe Johnson', 'Andre Iguodala', 'Al Horford']",True,"['Dwight Howard', 'Al Jefferson', 'Joe Johnson', 'Andre Iguodala', 'Al Horford']",True,"['Carmelo Anthony', ""Amar'e Stoudemire"", 'Dwight Howard', 'Al Jefferson', 'Joe Johnson', 'Andre Iguodala', 'Al Horford']",True,"['Al Harrington', 'Andrew Bogut', 'Josh Smith', 'Carmelo Anthony', ""Amar'e Stoudemire"", 'Dwight Howard', 'Al Jefferson', 'Joe Johnson', 'Andre Iguodala', 'Al Horford']",True
Stephen Curry,Stephen Curry,"['Klay Thompson', 'Shaun Livingston', 'Stephen Curry']",True,"['Harrison Barnes', 'Monta Ellis', 'Klay Thompson', 'Shaun Livingston', 'Stephen Curry']",True,"['Draymond Green', 'Stephen Jackson', 'Harrison Barnes', 'Monta Ellis', 'Klay Thompson', 'Shaun Livingston', 'Stephen Curry']",True,"['Marreese Speights', 'David Lee', 'Andre Iguodala', 'Draymond Green', 'Stephen Jackson', 'Harrison Barnes', 'Monta Ellis', 'Klay Thompson', 'Shaun Livingston', 'Stephen Curry']",True
Tony Allen,Tony Allen,"['Vince Carter', 'Nick Calathes', 'Tony Allen']",True,"['Marc Gasol', 'Mike Conley', 'Vince Carter', 'Nick Calathes', 'Tony Allen']",True,"['Rudy Gay', 'Tayshaun Prince', 'Marc Gasol', 'Mike Conley', 'Vince Carter', 'Nick Calathes', 'Tony Allen']",True,"['Mike Miller', 'O.J. Mayo', 'Quincy Pondexter', 'Rudy Gay', 'Tayshaun Prince', 'Marc Gasol', 'Mike Conley', 'Vince Carter', 'Nick Calathes', 'Tony Allen']",True
Kent Bazemore,Joe Johnson,"['Jamal Crawford', 'Josh Smith', 'Joe Johnson']",False,"['Deron Williams', 'Marvin Williams', 'Jamal Crawford', 'Josh Smith', 'Joe Johnson']",False,"['Chris Paul', 'Kyle Korver', 'Deron Williams', 'Marvin Williams', 'Jamal Crawford', 'Josh Smith', 'Joe Johnson']",False,"['Paul Millsap', 'J.R. Smith', 'Monta Ellis', 'Chris Paul', 'Kyle Korver', 'Deron Williams', 'Marvin Williams', 'Jamal Crawford', 'Josh Smith', 'Joe Johnson']",False
Tim Duncan,Tony Parker,"['Tiago Splitter', 'Tim Duncan', 'Tony Parker']",True,"['Patty Mills', 'Manu Ginobili', 'Tiago Splitter', 'Tim Duncan', 'Tony Parker']",True,"['Marco Belinelli', 'Matt Bonner', 'Patty Mills', 'Manu Ginobili', 'Tiago Splitter', 'Tim Duncan', 'Tony Parker']",True,"['Aron Baynes', 'Danny Green', 'Michael Finley', 'Marco Belinelli', 'Matt Bonner', 'Patty Mills', 'Manu Ginobili', 'Tiago Splitter', 'Tim Duncan', 'Tony Parker']",True
Marc Gasol,Tony Allen,"['Mike Conley', 'Marc Gasol', 'Tony Allen']",True,"['Kosta Koufos', 'Vince Carter', 'Mike Conley', 'Marc Gasol', 'Tony Allen']",True,"['Rudy Gay', 'Nick Calathes', 'Kosta Koufos', 'Vince Carter', 'Mike Conley', 'Marc Gasol', 'Tony Allen']",True,"['Mike Miller', 'Zach Randolph', 'Tayshaun Prince', 'Rudy Gay', 'Nick Calathes', 'Kosta Koufos', 'Vince Carter', 'Mike Conley', 'Marc Gasol', 'Tony Allen']",True
Harrison Barnes,Harrison Barnes,"['Klay Thompson', 'Draymond Green', 'Harrison Barnes']",True,"['Leandro Barbosa', 'Stephen Curry', 'Klay Thompson', 'Draymond Green', 'Harrison Barnes']",True,"['Monta Ellis', 'David Lee', 'Leandro Barbosa', 'Stephen Curry', 'Klay Thompson', 'Draymond Green', 'Harrison Barnes']",True,"['Justin Holiday', 'Marreese Speights', 'Andre Iguodala', 'Monta Ellis', 'David Lee', 'Leandro Barbosa', 'Stephen Curry', 'Klay Thompson', 'Draymond Green', 'Harrison Barnes']",True
Ty Lawson,Wilson Chandler,"['Nene Hilario', 'Ty Lawson', 'Wilson Chandler']",True,"['Kenneth Faried', 'Randy Foye', 'Nene Hilario', 'Ty Lawson', 'Wilson Chandler']",True,"['Carmelo Anthony', 'Timofey Mozgov', 'Kenneth Faried', 'Randy Foye', 'Nene Hilario', 'Ty Lawson', 'Wilson Chandler']",True,"['Danilo Gallinari', 'Arron Afflalo', 'J.R. Smith', 'Carmelo Anthony', 'Timofey Mozgov', 'Kenneth Faried', 'Randy Foye', 'Nene Hilario', 'Ty Lawson', 'Wilson Chandler']",True
Patrick Beverley,Josh Smith,"['Luis Scola', 'James Harden', 'Josh Smith']",False,"['Donatas Motiejunas', 'Shane Battier', 'Luis Scola', 'James Harden', 'Josh Smith']",False,"['Joey Dorsey', 'Patrick Beverley', 'Donatas Motiejunas', 'Shane Battier', 'Luis Scola', 'James Harden', 'Josh Smith']",True,"['Jeremy Lin', 'Kyle Lowry', 'Jason Terry', 'Joey Dorsey', 'Patrick Beverley', 'Donatas Motiejunas', 'Shane Battier', 'Luis Scola', 'James Harden', 'Josh Smith']",True
Wilson Chandler,Ty Lawson,"['Nene Hilario', 'Wilson Chandler', 'Ty Lawson']",True,"['J.R. Smith', 'Will Barton', 'Nene Hilario', 'Wilson Chandler', 'Ty Lawson']",True,"['Randy Foye', 'Carmelo Anthony', 'J.R. Smith', 'Will Barton', 'Nene Hilario', 'Wilson Chandler', 'Ty Lawson']",True,"['Al Harrington', 'Timofey Mozgov', 'Kenyon Martin', 'Randy Foye', 'Carmelo Anthony', 'J.R. Smith', 'Will Barton', 'Nene Hilario', 'Wilson Chandler', 'Ty Lawson']",True
Tyson Chandler,Tyson Chandler,"['Richard Jefferson', 'Monta Ellis', 'Tyson Chandler']",True,"['Vince Carter', 'Shawn Marion', 'Richard Jefferson', 'Monta Ellis', 'Tyson Chandler']",True,"['Dirk Nowitzki', 'J.J. Barea', 'Vince Carter', 'Shawn Marion', 'Richard Jefferson', 'Monta Ellis', 'Tyson Chandler']",True,"['Rajon Rondo', 'Josh Howard', 'Jason Terry', 'Dirk Nowitzki', 'J.J. Barea', 'Vince Carter', 'Shawn Marion', 'Richard Jefferson', 'Monta Ellis', 'Tyson Chandler']",True
Elfrid Payton,Dwight Howard,"['Nikola Vucevic', 'Jameer Nelson', 'Dwight Howard']",False,"['Glen Davis', 'Arron Afflalo', 'Nikola Vucevic', 'Jameer Nelson', 'Dwight Howard']",False,"['Hedo Turkoglu', 'Elfrid Payton', 'Glen Davis', 'Arron Afflalo', 'Nikola Vucevic', 'Jameer Nelson', 'Dwight Howard']",True,"['Evan Fournier', ""E'Twaun Moore"", 'J.J. Redick', 'Hedo Turkoglu', 'Elfrid Payton', 'Glen Davis', 'Arron Afflalo', 'Nikola Vucevic', 'Jameer Nelson', 'Dwight Howard']",True
Tony Parker,Thaddeus Young,"['Jrue Holiday', 'Willie Green', 'Thaddeus Young']",False,"['Samuel Dalembert', 'Robert Covington', 'Jrue Holiday', 'Willie Green', 'Thaddeus Young']",False,"['Spencer Hawes', 'Nerlens Noel', 'Samuel Dalembert', 'Robert Covington', 'Jrue Holiday', 'Willie Green', 'Thaddeus Young']",False,"['Tony Wroten', 'Marreese Speights', 'Lou Williams', 'Spencer Hawes', 'Nerlens Noel', 'Samuel Dalembert', 'Robert Covington', 'Jrue Holiday', 'Willie Green', 'Thaddeus Young']",False
Aron Baynes,Tony Parker,"['Tiago Splitter', 'Tim Duncan', 'Tony Parker']",False,"['Matt Bonner', 'Manu Ginobili', 'Tiago Splitter', 'Tim Duncan', 'Tony Parker']",False,"['Michael Finley', 'Patty Mills', 'Matt Bonner', 'Manu Ginobili', 'Tiago Splitter', 'Tim Duncan', 'Tony Parker']",False,"['Gary Neal', 'Richard Jefferson', 'Roger Mason', 'Michael Finley', 'Patty Mills', 'Matt Bonner', 'Manu Ginobili', 'Tiago Splitter', 'Tim Duncan', 'Tony Parker']",False
Allen Crabbe,Andre Drummond,"['Will Bynum', 'Antonio McDyess', 'Andre Drummond']",False,"['Brandon Jennings', 'Rodney Stuckey', 'Will Bynum', 'Antonio McDyess', 'Andre Drummond']",False,"['Chauncey Billups', 'Tayshaun Prince', 'Brandon Jennings', 'Rodney Stuckey', 'Will Bynum', 'Antonio McDyess', 'Andre Drummond']",False,"['Austin Daye', 'Ben Gordon', 'Ben Wallace', 'Chauncey Billups', 'Tayshaun Prince', 'Brandon Jennings', 'Rodney Stuckey', 'Will Bynum', 'Antonio McDyess', 'Andre Drummond']",False
Kevin Durant,LaMarcus Aldridge,"['Damian Lillard', 'Brandon Roy', 'LaMarcus Aldridge']",False,"['Joel Przybilla', 'Nicolas Batum', 'Damian Lillard', 'Brandon Roy', 'LaMarcus Aldridge']",False,"['Jamal Crawford', 'Chris Kaman', 'Joel Przybilla', 'Nicolas Batum', 'Damian Lillard', 'Brandon Roy', 'LaMarcus Aldridge']",False,"['Jarrett Jack', 'CJ McCollum', 'Steve Blake', 'Jamal Crawford', 'Chris Kaman', 'Joel Przybilla', 'Nicolas Batum', 'Damian Lillard', 'Brandon Roy', 'LaMarcus Aldridge']",False
Thomas Robinson,Kevin Durant,"['Nick Collison', 'Dion Waiters', 'Kevin Durant']",False,"['Jeremy Lamb', 'Russell Westbrook', 'Nick Collison', 'Dion Waiters', 'Kevin Durant']",False,"['James Harden', 'Eric Maynor', 'Jeremy Lamb', 'Russell Westbrook', 'Nick Collison', 'Dion Waiters', 'Kevin Durant']",False,"['Hasheem Thabeet', 'Derek Fisher', 'Jeff Green', 'James Harden', 'Eric Maynor', 'Jeremy Lamb', 'Russell Westbrook', 'Nick Collison', 'Dion Waiters', 'Kevin Durant']",False
Shabazz Muhammad,Leandro Barbosa,"['Raja Bell', 'Jared Dudley', 'Leandro Barbosa']",False,"['Grant Hill', 'Goran Dragic', 'Raja Bell', 'Jared Dudley', 'Leandro Barbosa']",False,"['Markieff Morris', 'Steve Nash', 'Grant Hill', 'Goran Dragic', 'Raja Bell', 'Jared Dudley', 'Leandro Barbosa']",False,"['Marcin Gortat', 'Channing Frye', 'Jason Richardson', 'Markieff Morris', 'Steve Nash', 'Grant Hill', 'Goran Dragic', 'Raja Bell', 'Jared Dudley', 'Leandro Barbosa']",False
Nerlens Noel,Thaddeus Young,"['Mirza Teletovic', 'Reggie Evans', 'Thaddeus Young']",False,"['Joe Johnson', 'Zaza Pachulia', 'Mirza Teletovic', 'Reggie Evans', 'Thaddeus Young']",False,"['Shaun Livingston', 'Vince Carter', 'Joe Johnson', 'Zaza Pachulia', 'Mirza Teletovic', 'Reggie Evans', 'Thaddeus Young']",False,"['Tyreke Evans', 'Wilson Chandler', 'Trevor Ariza', 'Shaun Livingston', 'Vince Carter', 'Joe Johnson', 'Zaza Pachulia', 'Mirza Teletovic', 'Reggie Evans', 'Thaddeus Young']",False
Norris Cole,Kevin Love,"['Ricky Rubio', 'Luke Ridnour', 'Kevin Love']",False,"['Corey Brewer', 'Dante Cunningham', 'Ricky Rubio', 'Luke Ridnour', 'Kevin Love']",False,"['Randy Foye', 'Nikola Pekovic', 'Corey Brewer', 'Dante Cunningham', 'Ricky Rubio', 'Luke Ridnour', 'Kevin Love']",False,"['Josh Smith', 'J.J. Barea', 'Joe Johnson', 'Randy Foye', 'Nikola Pekovic', 'Corey Brewer', 'Dante Cunningham', 'Ricky Rubio', 'Luke Ridnour', 'Kevin Love']",False
Nene Hilario,Thaddeus Young,"['Samuel Dalembert', 'Willie Green', 'Thaddeus Young']",False,"['Spencer Hawes', 'Lou Williams', 'Samuel Dalembert', 'Willie Green', 'Thaddeus Young']",False,"['Rodney Carney', 'Tony Wroten', 'Spencer Hawes', 'Lou Williams', 'Samuel Dalembert', 'Willie Green', 'Thaddeus Young']",False,"['Jrue Holiday', 'Royal Ivey', 'Evan Turner', 'Rodney Carney', 'Tony Wroten', 'Spencer Hawes', 'Lou Williams', 'Samuel Dalembert', 'Willie Green', 'Thaddeus Young']",False
P.J. Tucker,Ryan Anderson,"['Joe Johnson', 'Eric Gordon', 'Ryan Anderson']",False,"['Omer Asik', 'Josh Smith', 'Joe Johnson', 'Eric Gordon', 'Ryan Anderson']",False,"['Jrue Holiday', 'David West', 'Omer Asik', 'Josh Smith', 'Joe Johnson', 'Eric Gordon', 'Ryan Anderson']",False,"['Austin Rivers', 'Tyreke Evans', 'Jamal Crawford', 'Jrue Holiday', 'David West', 'Omer Asik', 'Josh Smith', 'Joe Johnson', 'Eric Gordon', 'Ryan Anderson']",False
Klay Thompson,Nene Hilario,"['Kevin Seraphin', 'John Wall', 'Nene Hilario']",False,"['Caron Butler', 'Marcin Gortat', 'Kevin Seraphin', 'John Wall', 'Nene Hilario']",False,"['Martell Webster', 'Bradley Beal', 'Caron Butler', 'Marcin Gortat', 'Kevin Seraphin', 'John Wall', 'Nene Hilario']",False,"['DeShawn Stevenson', 'Antawn Jamison', 'Trevor Ariza', 'Martell Webster', 'Bradley Beal', 'Caron Butler', 'Marcin Gortat', 'Kevin Seraphin', 'John Wall', 'Nene Hilario']",False
C.J. Miles,Leandro Barbosa,"['Markieff Morris', 'Jason Richardson', 'Leandro Barbosa']",False,"['Marcus Morris', 'Steve Nash', 'Markieff Morris', 'Jason Richardson', 'Leandro Barbosa']",False,"['Jared Dudley', 'Goran Dragic', 'Marcus Morris', 'Steve Nash', 'Markieff Morris', 'Jason Richardson', 'Leandro Barbosa']",False,"['Grant Hill', ""Amar'e Stoudemire"", 'Raja Bell', 'Jared Dudley', 'Goran Dragic', 'Marcus Morris', 'Steve Nash', 'Markieff Morris', 'Jason Richardson', 'Leandro Barbosa']",False
LaMarcus Aldridge,Klay Thompson,"['Stephen Curry', 'Monta Ellis', 'Klay Thompson']",False,"['Andre Iguodala', 'Harrison Barnes', 'Stephen Curry', 'Monta Ellis', 'Klay Thompson']",False,"['Marreese Speights', 'David Lee', 'Andre Iguodala', 'Harrison Barnes', 'Stephen Curry', 'Monta Ellis', 'Klay Thompson']",False,"['Andrew Bogut', 'Andris Biedrins', 'Draymond Green', 'Marreese Speights', 'David Lee', 'Andre Iguodala', 'Harrison Barnes', 'Stephen Curry', 'Monta Ellis', 'Klay Thompson']",False
Charlie Villanueva,Danny Granger,"['A.J. Price', 'Brandon Rush', 'Danny Granger']",False,"['D.J. Augustin', 'David West', 'A.J. Price', 'Brandon Rush', 'Danny Granger']",False,"['Dahntay Jones', 'C.J. Watson', 'D.J. Augustin', 'David West', 'A.J. Price', 'Brandon Rush', 'Danny Granger']",False,"['Al Harrington', 'Jarrett Jack', 'George Hill', 'Dahntay Jones', 'C.J. Watson', 'D.J. Augustin', 'David West', 'A.J. Price', 'Brandon Rush', 'Danny Granger']",False
Andrew Bogut,Tim Duncan,"['Matt Bonner', 'Manu Ginobili', 'Tim Duncan']",False,"['Richard Jefferson', 'Tiago Splitter', 'Matt Bonner', 'Manu Ginobili', 'Tim Duncan']",False,"['George Hill', 'Michael Finley', 'Richard Jefferson', 'Tiago Splitter', 'Matt Bonner', 'Manu Ginobili', 'Tim Duncan']",False,"['Danny Green', 'Marco Belinelli', 'Kawhi Leonard', 'George Hill', 'Michael Finley', 'Richard Jefferson', 'Tiago Splitter', 'Matt Bonner', 'Manu Ginobili', 'Tim Duncan']",False
Ian Mahinmi,Dirk Nowitzki,"['Devin Harris', 'Al-Farouq Aminu', 'Dirk Nowitzki']",False,"['Brandon Bass', 'Brandan Wright', 'Devin Harris', 'Al-Farouq Aminu', 'Dirk Nowitzki']",False,"['Anthony Johnson', 'Brendan Haywood', 'Brandon Bass', 'Brandan Wright', 'Devin Harris', 'Al-Farouq Aminu', 'Dirk Nowitzki']",False,"['Jason Terry', 'DeSagana Diop', 'Devean George', 'Anthony Johnson', 'Brendan Haywood', 'Brandon Bass', 'Brandan Wright', 'Devin Harris', 'Al-Farouq Aminu', 'Dirk Nowitzki']",False
Boris Diaw,David Lee,"['Andrew Bogut', 'Draymond Green', 'David Lee']",False,"['Baron Davis', 'Harrison Barnes', 'Andrew Bogut', 'Draymond Green', 'David Lee']",False,"['Dorell Wright', 'Monta Ellis', 'Baron Davis', 'Harrison Barnes', 'Andrew Bogut', 'Draymond Green', 'David Lee']",False,"['Klay Thompson', 'Stephen Curry', 'Andris Biedrins', 'Dorell Wright', 'Monta Ellis', 'Baron Davis', 'Harrison Barnes', 'Andrew Bogut', 'Draymond Green', 'David Lee']",False
Bradley Beal,Danny Granger,"['George Hill', 'Darren Collison', 'Danny Granger']",False,"['Luis Scola', 'David West', 'George Hill', 'Darren Collison', 'Danny Granger']",False,"['Lance Stephenson', 'Roy Hibbert', 'Luis Scola', 'David West', 'George Hill', 'Darren Collison', 'Danny Granger']",False,"['Mike Dunleavy', 'Jeff Foster', 'Paul George', 'Lance Stephenson', 'Roy Hibbert', 'Luis Scola', 'David West', 'George Hill', 'Darren Collison', 'Danny Granger']",False
Kosta Koufos,Boris Diaw,"['Antonio McDyess', 'DeJuan Blair', 'Boris Diaw']",False,"['Aron Baynes', 'George Hill', 'Antonio McDyess', 'DeJuan Blair', 'Boris Diaw']",False,"['Danny Green', 'Bruce Bowen', 'Aron Baynes', 'George Hill', 'Antonio McDyess', 'DeJuan Blair', 'Boris Diaw']",False,"['Gary Neal', 'Tim Duncan', 'Manu Ginobili', 'Danny Green', 'Bruce Bowen', 'Aron Baynes', 'George Hill', 'Antonio McDyess', 'DeJuan Blair', 'Boris Diaw']",False
Joe Ingles,Andray Blatche,"['John Wall', 'Antawn Jamison', 'Andray Blatche']",False,"['Al Thornton', 'Bradley Beal', 'John Wall', 'Antawn Jamison', 'Andray Blatche']",False,"['Chris Singleton', 'Caron Butler', 'Al Thornton', 'Bradley Beal', 'John Wall', 'Antawn Jamison', 'Andray Blatche']",False,"['JaVale McGee', 'Cartier Martin', 'A.J. Price', 'Chris Singleton', 'Caron Butler', 'Al Thornton', 'Bradley Beal', 'John Wall', 'Antawn Jamison', 'Andray Blatche']",False
Damian Lillard,Jason Thompson,"['Marcus Thornton', 'John Salmons', 'Jason Thompson']",False,"['DeMarcus Cousins', 'Francisco Garcia', 'Marcus Thornton', 'John Salmons', 'Jason Thompson']",False,"['Tyreke Evans', 'Isaiah Thomas', 'DeMarcus Cousins', 'Francisco Garcia', 'Marcus Thornton', 'John Salmons', 'Jason Thompson']",False,"['Donte Greene', 'Omri Casspi', 'Kevin Martin', 'Tyreke Evans', 'Isaiah Thomas', 'DeMarcus Cousins', 'Francisco Garcia', 'Marcus Thornton', 'John Salmons', 'Jason Thompson']",False
Jonas Valanciunas,Deron Williams,"['Paul Millsap', 'Gordon Hayward', 'Deron Williams']",False,"['Derrick Favors', 'Mehmet Okur', 'Paul Millsap', 'Gordon Hayward', 'Deron Williams']",False,"['Carlos Boozer', 'Earl Watson', 'Derrick Favors', 'Mehmet Okur', 'Paul Millsap', 'Gordon Hayward', 'Deron Williams']",False,"['Kyle Korver', 'Enes Kanter', 'Matt Harpring', 'Carlos Boozer', 'Earl Watson', 'Derrick Favors', 'Mehmet Okur', 'Paul Millsap', 'Gordon Hayward', 'Deron Williams']",False
Leandro Barbosa,LaMarcus Aldridge,"['Steve Blake', 'Nicolas Batum', 'LaMarcus Aldridge']",False,"['Rudy Fernandez', 'Wesley Matthews', 'Steve Blake', 'Nicolas Batum', 'LaMarcus Aldridge']",False,"['Brandon Roy', 'Joel Przybilla', 'Rudy Fernandez', 'Wesley Matthews', 'Steve Blake', 'Nicolas Batum', 'LaMarcus Aldridge']",False,"['Meyers Leonard', 'Marcus Camby', 'Travis Outlaw', 'Brandon Roy', 'Joel Przybilla', 'Rudy Fernandez', 'Wesley Matthews', 'Steve Blake', 'Nicolas Batum', 'LaMarcus Aldridge']",False
Joakim Noah,DeMar DeRozan,"['Chris Bosh', 'Andrea Bargnani', 'DeMar DeRozan']",False,"['Jonas Valanciunas', 'Greivis Vasquez', 'Chris Bosh', 'Andrea Bargnani', 'DeMar DeRozan']",False,"['Anthony Parker', 'Amir Johnson', 'Jonas Valanciunas', 'Greivis Vasquez', 'Chris Bosh', 'Andrea Bargnani', 'DeMar DeRozan']",False,"['Ed Davis', 'Kyle Lowry', 'Jose Calderon', 'Anthony Parker', 'Amir Johnson', 'Jonas Valanciunas', 'Greivis Vasquez', 'Chris Bosh', 'Andrea Bargnani', 'DeMar DeRozan']",False
Josh Smith,Klay Thompson,"['Harrison Barnes', 'Monta Ellis', 'Klay Thompson']",False,"['Andre Iguodala', 'Stephen Curry', 'Harrison Barnes', 'Monta Ellis', 'Klay Thompson']",False,"['David Lee', 'Marreese Speights', 'Andre Iguodala', 'Stephen Curry', 'Harrison Barnes', 'Monta Ellis', 'Klay Thompson']",False,"['Ronny Turiaf', 'Andris Biedrins', 'Kelenna Azubuike', 'David Lee', 'Marreese Speights', 'Andre Iguodala', 'Stephen Curry', 'Harrison Barnes', 'Monta Ellis', 'Klay Thompson']",False
Jarrett Jack,Joakim Noah,"['Luol Deng', 'Kirk Hinrich', 'Joakim Noah']",False,"['Derrick Rose', 'Chris Duhon', 'Luol Deng', 'Kirk Hinrich', 'Joakim Noah']",False,"['Marco Belinelli', 'Jimmy Butler', 'Derrick Rose', 'Chris Duhon', 'Luol Deng', 'Kirk Hinrich', 'Joakim Noah']",False,"['Kyle Korver', 'Ben Wallace', 'Nate Robinson', 'Marco Belinelli', 'Jimmy Butler', 'Derrick Rose', 'Chris Duhon', 'Luol Deng', 'Kirk Hinrich', 'Joakim Noah']",False
Paul Pierce,Jamal Crawford,"['Chris Paul', 'DeAndre Jordan', 'Jamal Crawford']",False,"['Brian Skinner', 'Eric Gordon', 'Chris Paul', 'DeAndre Jordan', 'Jamal Crawford']",False,"['Matt Barnes', 'Blake Griffin', 'Brian Skinner', 'Eric Gordon', 'Chris Paul', 'DeAndre Jordan', 'Jamal Crawford']",False,"['Chris Kaman', 'Elton Brand', 'Nick Fazekas', 'Matt Barnes', 'Blake Griffin', 'Brian Skinner', 'Eric Gordon', 'Chris Paul', 'DeAndre Jordan', 'Jamal Crawford']",False
Ricky Rubio,Joe Johnson,"['Josh Smith', 'Thaddeus Young', 'Joe Johnson']",False,"['Andray Blatche', 'Deron Williams', 'Josh Smith', 'Thaddeus Young', 'Joe Johnson']",False,"['Jamal Crawford', 'Gerald Wallace', 'Andray Blatche', 'Deron Williams', 'Josh Smith', 'Thaddeus Young', 'Joe Johnson']",False,"['Paul Pierce', 'Marvin Williams', 'C.J. Watson', 'Jamal Crawford', 'Gerald Wallace', 'Andray Blatche', 'Deron Williams', 'Josh Smith', 'Thaddeus Young', 'Joe Johnson']",False
Elfrid Payton,Matt Barnes,"['Ryan Hollins', 'DeAndre Jordan', 'Matt Barnes']",False,"['Spencer Hawes', 'Jamal Crawford', 'Ryan Hollins', 'DeAndre Jordan', 'Matt Barnes']",False,"['Randy Foye', 'Blake Griffin', 'Spencer Hawes', 'Jamal Crawford', 'Ryan Hollins', 'DeAndre Jordan', 'Matt Barnes']",False,"['Chris Paul', 'Willie Green', 'Ryan Gomes', 'Randy Foye', 'Blake Griffin', 'Spencer Hawes', 'Jamal Crawford', 'Ryan Hollins', 'DeAndre Jordan', 'Matt Barnes']",False
Gerald Green,Ryan Gomes,"['Randy Foye', 'Kevin Love', 'Ryan Gomes']",False,"['Nikola Pekovic', 'Luke Ridnour', 'Randy Foye', 'Kevin Love', 'Ryan Gomes']",False,"['Ricky Rubio', 'Kevin Martin', 'Nikola Pekovic', 'Luke Ridnour', 'Randy Foye', 'Kevin Love', 'Ryan Gomes']",False,"['Joe Johnson', 'J.J. Barea', 'Corey Brewer', 'Ricky Rubio', 'Kevin Martin', 'Nikola Pekovic', 'Luke Ridnour', 'Randy Foye', 'Kevin Love', 'Ryan Gomes']",False
Shane Larkin,Jameer Nelson,"[""Kyle O'Quinn"", 'Nikola Vucevic', 'Jameer Nelson']",False,"['Hedo Turkoglu', 'Dwight Howard', ""Kyle O'Quinn"", 'Nikola Vucevic', 'Jameer Nelson']",False,"['Evan Fournier', 'J.J. Redick', 'Hedo Turkoglu', 'Dwight Howard', ""Kyle O'Quinn"", 'Nikola Vucevic', 'Jameer Nelson']",False,"['Elfrid Payton', 'Glen Davis', 'Luke Ridnour', 'Evan Fournier', 'J.J. Redick', 'Hedo Turkoglu', 'Dwight Howard', ""Kyle O'Quinn"", 'Nikola Vucevic', 'Jameer Nelson']",False
J.J. Barea,Chris Bosh,"['Chris Andersen', 'Dwyane Wade', 'Chris Bosh']",False,"['Carlos Arroyo', 'LeBron James', 'Chris Andersen', 'Dwyane Wade', 'Chris Bosh']",False,"['Udonis Haslem', 'Mario Chalmers', 'Carlos Arroyo', 'LeBron James', 'Chris Andersen', 'Dwyane Wade', 'Chris Bosh']",False,"['Norris Cole', 'Joel Anthony', 'Daequan Cook', 'Udonis Haslem', 'Mario Chalmers', 'Carlos Arroyo', 'LeBron James', 'Chris Andersen', 'Dwyane Wade', 'Chris Bosh']",False
Dion Waiters,Joe Johnson,"['Josh Smith', 'Mason Plumlee', 'Joe Johnson']",False,"['Paul Pierce', 'Deron Williams', 'Josh Smith', 'Mason Plumlee', 'Joe Johnson']",False,"['Jamal Crawford', 'Brook Lopez', 'Paul Pierce', 'Deron Williams', 'Josh Smith', 'Mason Plumlee', 'Joe Johnson']",False,"['Gerald Wallace', 'Jarrett Jack', 'Marvin Williams', 'Jamal Crawford', 'Brook Lopez', 'Paul Pierce', 'Deron Williams', 'Josh Smith', 'Mason Plumlee', 'Joe Johnson']",False
Jordan Clarkson,Dirk Nowitzki,"['Erick Dampier', 'Jason Terry', 'Dirk Nowitzki']",False,"['J.J. Barea', 'Jason Kidd', 'Erick Dampier', 'Jason Terry', 'Dirk Nowitzki']",False,"['Shawn Marion', 'Devin Harris', 'J.J. Barea', 'Jason Kidd', 'Erick Dampier', 'Jason Terry', 'Dirk Nowitzki']",False,"['Jerry Stackhouse', 'Josh Howard', 'Monta Ellis', 'Shawn Marion', 'Devin Harris', 'J.J. Barea', 'Jason Kidd', 'Erick Dampier', 'Jason Terry', 'Dirk Nowitzki']",False
Jonas Valanciunas,Kendrick Perkins,"['Kevin Durant', 'James Harden', 'Kendrick Perkins']",False,"['Eric Maynor', 'Derek Fisher', 'Kevin Durant', 'James Harden', 'Kendrick Perkins']",False,"['Daequan Cook', 'Andre Roberson', 'Eric Maynor', 'Derek Fisher', 'Kevin Durant', 'James Harden', 'Kendrick Perkins']",False,"['Jeff Green', 'Anthony Morrow', 'Russell Westbrook', 'Daequan Cook', 'Andre Roberson', 'Eric Maynor', 'Derek Fisher', 'Kevin Durant', 'James Harden', 'Kendrick Perkins']",False
P.J. Tucker,Kobe Bryant,"['Luke Walton', 'Lamar Odom', 'Kobe Bryant']",False,"['Andrew Bynum', 'Pau Gasol', 'Luke Walton', 'Lamar Odom', 'Kobe Bryant']",False,"['Jordan Farmar', 'Metta World Peace', 'Andrew Bynum', 'Pau Gasol', 'Luke Walton', 'Lamar Odom', 'Kobe Bryant']",False,"['Jordan Hill', 'Maurice Evans', 'Derek Fisher', 'Jordan Farmar', 'Metta World Peace', 'Andrew Bynum', 'Pau Gasol', 'Luke Walton', 'Lamar Odom', 'Kobe Bryant']",False
Tristan Thompson,Jose Calderon,"['Rasho Nesterovic', 'Kyle Lowry', 'Jose Calderon']",False,"['DeMar DeRozan', 'Chris Bosh', 'Rasho Nesterovic', 'Kyle Lowry', 'Jose Calderon']",False,"['Amir Johnson', 'Terrence Ross', 'DeMar DeRozan', 'Chris Bosh', 'Rasho Nesterovic', 'Kyle Lowry', 'Jose Calderon']",False,"['James Johnson', 'Patrick Patterson', 'Kris Humphries', 'Amir Johnson', 'Terrence Ross', 'DeMar DeRozan', 'Chris Bosh', 'Rasho Nesterovic', 'Kyle Lowry', 'Jose Calderon']",False
Damian Lillard,Markieff Morris,"['Leandro Barbosa', 'Steve Nash', 'Markieff Morris']",False,"['Shawn Marion', 'Marcus Morris', 'Leandro Barbosa', 'Steve Nash', 'Markieff Morris']",False,"['Jason Richardson', 'Jared Dudley', 'Shawn Marion', 'Marcus Morris', 'Leandro Barbosa', 'Steve Nash', 'Markieff Morris']",False,"[""Amar'e Stoudemire"", 'Grant Hill', 'Raja Bell', 'Jason Richardson', 'Jared Dudley', 'Shawn Marion', 'Marcus Morris', 'Leandro Barbosa', 'Steve Nash', 'Markieff Morris']",False
Derrick Williams,Andrew Bynum,"['Derek Fisher', 'Jordan Farmar', 'Andrew Bynum']",False,"['Lamar Odom', 'Kobe Bryant', 'Derek Fisher', 'Jordan Farmar', 'Andrew Bynum']",False,"['Jodie Meeks', 'Carlos Boozer', 'Lamar Odom', 'Kobe Bryant', 'Derek Fisher', 'Jordan Farmar', 'Andrew Bynum']",False,"['Pau Gasol', 'Nick Young', 'Dwight Howard', 'Jodie Meeks', 'Carlos Boozer', 'Lamar Odom', 'Kobe Bryant', 'Derek Fisher', 'Jordan Farmar', 'Andrew Bynum']",False
Kendrick Perkins,Zydrunas Ilgauskas,"['Mo Williams', 'LeBron James', 'Zydrunas Ilgauskas']",False,"['Sasha Pavlovic', 'Tristan Thompson', 'Mo Williams', 'LeBron James', 'Zydrunas Ilgauskas']",False,"['Anderson Varejao', 'Wally Szczerbiak', 'Sasha Pavlovic', 'Tristan Thompson', 'Mo Williams', 'LeBron James', 'Zydrunas Ilgauskas']",False,"['Daniel Gibson', 'Tyler Zeller', 'Larry Hughes', 'Anderson Varejao', 'Wally Szczerbiak', 'Sasha Pavlovic', 'Tristan Thompson', 'Mo Williams', 'LeBron James', 'Zydrunas Ilgauskas']",False
Carl Landry,LaMarcus Aldridge,"['Brandon Roy', 'Wesley Matthews', 'LaMarcus Aldridge']",False,"['Damian Lillard', 'Joel Przybilla', 'Brandon Roy', 'Wesley Matthews', 'LaMarcus Aldridge']",False,"['Jamal Crawford', 'Nicolas Batum', 'Damian Lillard', 'Joel Przybilla', 'Brandon Roy', 'Wesley Matthews', 'LaMarcus Aldridge']",False,"['Travis Outlaw', 'Greg Oden', 'Steve Blake', 'Jamal Crawford', 'Nicolas Batum', 'Damian Lillard', 'Joel Przybilla', 'Brandon Roy', 'Wesley Matthews', 'LaMarcus Aldridge']",False
Greg Monroe,Carmelo Anthony,"['Iman Shumpert', 'J.R. Smith', 'Carmelo Anthony']",False,"['Danilo Gallinari', 'David Lee', 'Iman Shumpert', 'J.R. Smith', 'Carmelo Anthony']",False,"['Tyson Chandler', 'Jamal Crawford', 'Danilo Gallinari', 'David Lee', 'Iman Shumpert', 'J.R. Smith', 'Carmelo Anthony']",False,"['Jared Jeffries', 'Wilson Chandler', 'Raymond Felton', 'Tyson Chandler', 'Jamal Crawford', 'Danilo Gallinari', 'David Lee', 'Iman Shumpert', 'J.R. Smith', 'Carmelo Anthony']",False
Kevin Durant,Eric Gordon,"['Jrue Holiday', 'Joe Johnson', 'Eric Gordon']",False,"['Jason Smith', 'Josh Smith', 'Jrue Holiday', 'Joe Johnson', 'Eric Gordon']",False,"['Anthony Davis', 'Tyreke Evans', 'Jason Smith', 'Josh Smith', 'Jrue Holiday', 'Joe Johnson', 'Eric Gordon']",False,"['David West', 'Jamal Crawford', 'Anthony Morrow', 'Anthony Davis', 'Tyreke Evans', 'Jason Smith', 'Josh Smith', 'Jrue Holiday', 'Joe Johnson', 'Eric Gordon']",False
Joe Johnson,Andre Iguodala,"['Andre Miller', 'Henry Sims', 'Andre Iguodala']",False,"['Evan Turner', 'Hollis Thompson', 'Andre Miller', 'Henry Sims', 'Andre Iguodala']",False,"['Samuel Dalembert', 'Brandon Davies', 'Evan Turner', 'Hollis Thompson', 'Andre Miller', 'Henry Sims', 'Andre Iguodala']",False,"['Arnett Moultrie', 'Elton Brand', 'Furkan Aldemir', 'Samuel Dalembert', 'Brandon Davies', 'Evan Turner', 'Hollis Thompson', 'Andre Miller', 'Henry Sims', 'Andre Iguodala']",False
Dwight Howard,Ryan Gomes,"['Luke Ridnour', 'Kevin Love', 'Ryan Gomes']",False,"['Randy Foye', 'Nikola Pekovic', 'Luke Ridnour', 'Kevin Love', 'Ryan Gomes']",False,"['Michael Beasley', 'Kevin Martin', 'Randy Foye', 'Nikola Pekovic', 'Luke Ridnour', 'Kevin Love', 'Ryan Gomes']",False,"['J.J. Barea', 'Ramon Sessions', 'Ricky Rubio', 'Michael Beasley', 'Kevin Martin', 'Randy Foye', 'Nikola Pekovic', 'Luke Ridnour', 'Kevin Love', 'Ryan Gomes']",False
Derrick Favors,Andrew Bogut,"['Beno Udrih', 'Brandon Jennings', 'Andrew Bogut']",False,"['Ersan Ilyasova', 'Charlie Bell', 'Beno Udrih', 'Brandon Jennings', 'Andrew Bogut']",False,"['Brian Skinner', 'Brandon Knight', 'Ersan Ilyasova', 'Charlie Bell', 'Beno Udrih', 'Brandon Jennings', 'Andrew Bogut']",False,"['Ekpe Udoh', 'Al Horford', 'Carlos Delfino', 'Brian Skinner', 'Brandon Knight', 'Ersan Ilyasova', 'Charlie Bell', 'Beno Udrih', 'Brandon Jennings', 'Andrew Bogut']",False
Gerald Henderson,Kevin Durant,"['Russell Westbrook', 'Nick Collison', 'Kevin Durant']",False,"['Jeff Green', 'Jeremy Lamb', 'Russell Westbrook', 'Nick Collison', 'Kevin Durant']",False,"['Kendrick Perkins', 'Hasheem Thabeet', 'Jeff Green', 'Jeremy Lamb', 'Russell Westbrook', 'Nick Collison', 'Kevin Durant']",False,"['Reggie Jackson', 'Dion Waiters', 'James Harden', 'Kendrick Perkins', 'Hasheem Thabeet', 'Jeff Green', 'Jeremy Lamb', 'Russell Westbrook', 'Nick Collison', 'Kevin Durant']",False
Arron Afflalo,LeBron James,"['Joel Anthony', 'Mario Chalmers', 'LeBron James']",False,"['Norris Cole', 'Dwyane Wade', 'Joel Anthony', 'Mario Chalmers', 'LeBron James']",False,"['Shane Battier', 'Udonis Haslem', 'Norris Cole', 'Dwyane Wade', 'Joel Anthony', 'Mario Chalmers', 'LeBron James']",False,"['Ray Allen', 'Michael Beasley', 'James Jones', 'Shane Battier', 'Udonis Haslem', 'Norris Cole', 'Dwyane Wade', 'Joel Anthony', 'Mario Chalmers', 'LeBron James']",False
Chris Bosh,James Harden,"['Luis Scola', 'Shane Battier', 'James Harden']",False,"['Chuck Hayes', 'Rafer Alston', 'Luis Scola', 'Shane Battier', 'James Harden']",False,"['Kyle Lowry', 'Chandler Parsons', 'Chuck Hayes', 'Rafer Alston', 'Luis Scola', 'Shane Battier', 'James Harden']",False,"['Kevin Martin', 'Dwight Howard', 'Courtney Lee', 'Kyle Lowry', 'Chandler Parsons', 'Chuck Hayes', 'Rafer Alston', 'Luis Scola', 'Shane Battier', 'James Harden']",False
Lavoy Allen,Andrei Kirilenko,"['C.J. Miles', 'Carlos Boozer', 'Andrei Kirilenko']",False,"['Deron Williams', 'Al Jefferson', 'C.J. Miles', 'Carlos Boozer', 'Andrei Kirilenko']",False,"['Alec Burks', 'Derrick Favors', 'Deron Williams', 'Al Jefferson', 'C.J. Miles', 'Carlos Boozer', 'Andrei Kirilenko']",False,"['Derek Fisher', 'Kyle Korver', 'Paul Millsap', 'Alec Burks', 'Derrick Favors', 'Deron Williams', 'Al Jefferson', 'C.J. Miles', 'Carlos Boozer', 'Andrei Kirilenko']",False
Taj Gibson,LaMarcus Aldridge,"['Wesley Matthews', 'Nicolas Batum', 'LaMarcus Aldridge']",False,"['Travis Outlaw', 'Rudy Fernandez', 'Wesley Matthews', 'Nicolas Batum', 'LaMarcus Aldridge']",False,"['Joel Przybilla', 'Steve Blake', 'Travis Outlaw', 'Rudy Fernandez', 'Wesley Matthews', 'Nicolas Batum', 'LaMarcus Aldridge']",False,"['Jarrett Jack', 'Brandon Roy', 'Martell Webster', 'Joel Przybilla', 'Steve Blake', 'Travis Outlaw', 'Rudy Fernandez', 'Wesley Matthews', 'Nicolas Batum', 'LaMarcus Aldridge']",False
Tristan Thompson,Amar'e Stoudemire,"['Al Harrington', 'Carmelo Anthony', ""Amar'e Stoudemire""]",False,"['Chris Duhon', 'David Lee', 'Al Harrington', 'Carmelo Anthony', ""Amar'e Stoudemire""]",False,"['Andrea Bargnani', 'Channing Frye', 'Chris Duhon', 'David Lee', 'Al Harrington', 'Carmelo Anthony', ""Amar'e Stoudemire""]",False,"['Jamal Crawford', 'J.R. Smith', 'Eddy Curry', 'Andrea Bargnani', 'Channing Frye', 'Chris Duhon', 'David Lee', 'Al Harrington', 'Carmelo Anthony', ""Amar'e Stoudemire""]",False
J.R. Smith,Chris Bosh,"['Chris Andersen', 'Dwyane Wade', 'Chris Bosh']",False,"['LeBron James', 'Joel Anthony', 'Chris Andersen', 'Dwyane Wade', 'Chris Bosh']",False,"['Daequan Cook', 'Mario Chalmers', 'LeBron James', 'Joel Anthony', 'Chris Andersen', 'Dwyane Wade', 'Chris Bosh']",False,"['James Jones', 'Norris Cole', 'Carlos Arroyo', 'Daequan Cook', 'Mario Chalmers', 'LeBron James', 'Joel Anthony', 'Chris Andersen', 'Dwyane Wade', 'Chris Bosh']",False
George Hill,Paul George,"['Jeff Foster', 'Lance Stephenson', 'Paul George']",False,"['Roy Hibbert', 'Ian Mahinmi', 'Jeff Foster', 'Lance Stephenson', 'Paul George']",False,"['Luis Scola', 'David West', 'Roy Hibbert', 'Ian Mahinmi', 'Jeff Foster', 'Lance Stephenson', 'Paul George']",False,"['Mike Dunleavy', 'George Hill', 'Earl Watson', 'Luis Scola', 'David West', 'Roy Hibbert', 'Ian Mahinmi', 'Jeff Foster', 'Lance Stephenson', 'Paul George']",True
Tiago Splitter,Luol Deng,"['Taj Gibson', 'Kirk Hinrich', 'Luol Deng']",False,"['Mike Dunleavy', 'Joakim Noah', 'Taj Gibson', 'Kirk Hinrich', 'Luol Deng']",False,"['Omer Asik', 'Pau Gasol', 'Mike Dunleavy', 'Joakim Noah', 'Taj Gibson', 'Kirk Hinrich', 'Luol Deng']",False,"['Jimmy Butler', 'Derrick Rose', 'Nate Robinson', 'Omer Asik', 'Pau Gasol', 'Mike Dunleavy', 'Joakim Noah', 'Taj Gibson', 'Kirk Hinrich', 'Luol Deng']",False
Tyler Zeller,Tristan Thompson,"['LeBron James', 'Zydrunas Ilgauskas', 'Tristan Thompson']",False,"['Sasha Pavlovic', 'Mo Williams', 'LeBron James', 'Zydrunas Ilgauskas', 'Tristan Thompson']",False,"['Anderson Varejao', 'Timofey Mozgov', 'Sasha Pavlovic', 'Mo Williams', 'LeBron James', 'Zydrunas Ilgauskas', 'Tristan Thompson']",False,"['Daniel Gibson', 'Wally Szczerbiak', 'Kyrie Irving', 'Anderson Varejao', 'Timofey Mozgov', 'Sasha Pavlovic', 'Mo Williams', 'LeBron James', 'Zydrunas Ilgauskas', 'Tristan Thompson']",False
Carmelo Anthony,Anderson Varejao,"['Alonzo Gee', 'Ben Wallace', 'Anderson Varejao']",False,"['LeBron James', 'Daniel Gibson', 'Alonzo Gee', 'Ben Wallace', 'Anderson Varejao']",False,"['Damon Jones', 'Drew Gooden', 'LeBron James', 'Daniel Gibson', 'Alonzo Gee', 'Ben Wallace', 'Anderson Varejao']",False,"['Antawn Jamison', 'J.R. Smith', 'Dion Waiters', 'Damon Jones', 'Drew Gooden', 'LeBron James', 'Daniel Gibson', 'Alonzo Gee', 'Ben Wallace', 'Anderson Varejao']",False
DeMar DeRozan,Danny Granger,"['A.J. Price', 'Brandon Rush', 'Danny Granger']",False,"['C.J. Watson', 'David West', 'A.J. Price', 'Brandon Rush', 'Danny Granger']",False,"['George Hill', 'Dahntay Jones', 'C.J. Watson', 'David West', 'A.J. Price', 'Brandon Rush', 'Danny Granger']",False,"['Al Harrington', 'D.J. Augustin', 'C.J. Miles', 'George Hill', 'Dahntay Jones', 'C.J. Watson', 'David West', 'A.J. Price', 'Brandon Rush', 'Danny Granger']",False
Terrence Ross,Zaza Pachulia,"['Tyreke Evans', 'Trevor Ariza', 'Zaza Pachulia']",False,"['Wilson Chandler', 'Vince Carter', 'Tyreke Evans', 'Trevor Ariza', 'Zaza Pachulia']",False,"['Josh Smith', 'Tyson Chandler', 'Wilson Chandler', 'Vince Carter', 'Tyreke Evans', 'Trevor Ariza', 'Zaza Pachulia']",False,"['Thaddeus Young', 'Paul Millsap', 'Joe Johnson', 'Josh Smith', 'Tyson Chandler', 'Wilson Chandler', 'Vince Carter', 'Tyreke Evans', 'Trevor Ariza', 'Zaza Pachulia']",False
DeMar DeRozan,Ray Allen,"['Tony Allen', 'Rajon Rondo', 'Ray Allen']",False,"['Tyler Zeller', 'Paul Pierce', 'Tony Allen', 'Rajon Rondo', 'Ray Allen']",False,"['Phil Pressey', 'Kevin Garnett', 'Tyler Zeller', 'Paul Pierce', 'Tony Allen', 'Rajon Rondo', 'Ray Allen']",False,"['Jeff Green', 'Ryan Gomes', ""Shaquille O'Neal"", 'Phil Pressey', 'Kevin Garnett', 'Tyler Zeller', 'Paul Pierce', 'Tony Allen', 'Rajon Rondo', 'Ray Allen']",False
Bojan Bogdanovic,Carmelo Anthony,"['Iman Shumpert', 'J.R. Smith', 'Carmelo Anthony']",False,"['David Lee', 'Raymond Felton', 'Iman Shumpert', 'J.R. Smith', 'Carmelo Anthony']",False,"['Jamal Crawford', 'Danilo Gallinari', 'David Lee', 'Raymond Felton', 'Iman Shumpert', 'J.R. Smith', 'Carmelo Anthony']",False,"['Nate Robinson', 'Jared Jeffries', 'Chris Duhon', 'Jamal Crawford', 'Danilo Gallinari', 'David Lee', 'Raymond Felton', 'Iman Shumpert', 'J.R. Smith', 'Carmelo Anthony']",False
Kyle Korver,Andrea Bargnani,"['Anthony Parker', 'Amir Johnson', 'Andrea Bargnani']",False,"['Chris Bosh', 'DeMar DeRozan', 'Anthony Parker', 'Amir Johnson', 'Andrea Bargnani']",False,"['Alan Anderson', 'Jose Calderon', 'Chris Bosh', 'DeMar DeRozan', 'Anthony Parker', 'Amir Johnson', 'Andrea Bargnani']",False,"['Kyle Lowry', 'Terrence Ross', 'Greivis Vasquez', 'Alan Anderson', 'Jose Calderon', 'Chris Bosh', 'DeMar DeRozan', 'Anthony Parker', 'Amir Johnson', 'Andrea Bargnani']",False
Mirza Teletovic,Jose Calderon,"['Tyler Hansbrough', 'Terrence Ross', 'Jose Calderon']",False,"['Sonny Weems', 'T.J. Ford', 'Tyler Hansbrough', 'Terrence Ross', 'Jose Calderon']",False,"['Patrick Patterson', 'DeMar DeRozan', 'Sonny Weems', 'T.J. Ford', 'Tyler Hansbrough', 'Terrence Ross', 'Jose Calderon']",False,"['Rasho Nesterovic', 'Kyle Lowry', 'Rudy Gay', 'Patrick Patterson', 'DeMar DeRozan', 'Sonny Weems', 'T.J. Ford', 'Tyler Hansbrough', 'Terrence Ross', 'Jose Calderon']",False
Brandon Bass,Anthony Parker,"['DeMar DeRozan', 'Chris Bosh', 'Anthony Parker']",False,"['Fred Jones', 'Jose Calderon', 'DeMar DeRozan', 'Chris Bosh', 'Anthony Parker']",False,"['Amir Johnson', 'Rasho Nesterovic', 'Fred Jones', 'Jose Calderon', 'DeMar DeRozan', 'Chris Bosh', 'Anthony Parker']",False,"['Carlos Delfino', 'Kris Humphries', 'Andrea Bargnani', 'Amir Johnson', 'Rasho Nesterovic', 'Fred Jones', 'Jose Calderon', 'DeMar DeRozan', 'Chris Bosh', 'Anthony Parker']",False
Lance Thomas,Deron Williams,"['C.J. Watson', 'Joe Johnson', 'Deron Williams']",False,"['Jamal Crawford', 'Josh Smith', 'C.J. Watson', 'Joe Johnson', 'Deron Williams']",False,"['Marvin Williams', 'Andray Blatche', 'Jamal Crawford', 'Josh Smith', 'C.J. Watson', 'Joe Johnson', 'Deron Williams']",False,"['Carmelo Anthony', 'Jarrett Jack', 'Brook Lopez', 'Marvin Williams', 'Andray Blatche', 'Jamal Crawford', 'Josh Smith', 'C.J. Watson', 'Joe Johnson', 'Deron Williams']",False
John Wall,Joe Johnson,"['Jamal Crawford', 'Josh Smith', 'Joe Johnson']",False,"['Dwight Howard', 'Carmelo Anthony', 'Jamal Crawford', 'Josh Smith', 'Joe Johnson']",False,"['Deron Williams', 'Marvin Williams', 'Dwight Howard', 'Carmelo Anthony', 'Jamal Crawford', 'Josh Smith', 'Joe Johnson']",False,"['David West', 'J.R. Smith', 'Chris Paul', 'Deron Williams', 'Marvin Williams', 'Dwight Howard', 'Carmelo Anthony', 'Jamal Crawford', 'Josh Smith', 'Joe Johnson']",False
Allen Crabbe,Goran Dragic,"['Grant Hill', 'Marcus Morris', 'Goran Dragic']",False,"['Jared Dudley', 'Leandro Barbosa', 'Grant Hill', 'Marcus Morris', 'Goran Dragic']",False,"['Jason Richardson', 'P.J. Tucker', 'Jared Dudley', 'Leandro Barbosa', 'Grant Hill', 'Marcus Morris', 'Goran Dragic']",False,"['Markieff Morris', 'Raja Bell', 'Steve Nash', 'Jason Richardson', 'P.J. Tucker', 'Jared Dudley', 'Leandro Barbosa', 'Grant Hill', 'Marcus Morris', 'Goran Dragic']",False
Hollis Thompson,Andrew Bynum,"['Jordan Farmar', 'Kobe Bryant', 'Andrew Bynum']",False,"['Lamar Odom', 'Derek Fisher', 'Jordan Farmar', 'Kobe Bryant', 'Andrew Bynum']",False,"['Luke Walton', 'Antawn Jamison', 'Lamar Odom', 'Derek Fisher', 'Jordan Farmar', 'Kobe Bryant', 'Andrew Bynum']",False,"['Brian Cook', 'Pau Gasol', 'Jodie Meeks', 'Luke Walton', 'Antawn Jamison', 'Lamar Odom', 'Derek Fisher', 'Jordan Farmar', 'Kobe Bryant', 'Andrew Bynum']",False
Matt Barnes,Nate Robinson,"['Landry Fields', 'Raymond Felton', 'Nate Robinson']",False,"['Carmelo Anthony', 'Jared Jeffries', 'Landry Fields', 'Raymond Felton', 'Nate Robinson']",False,"['Shawne Williams', 'David Lee', 'Carmelo Anthony', 'Jared Jeffries', 'Landry Fields', 'Raymond Felton', 'Nate Robinson']",False,"['Toney Douglas', 'Jamal Crawford', 'J.R. Smith', 'Shawne Williams', 'David Lee', 'Carmelo Anthony', 'Jared Jeffries', 'Landry Fields', 'Raymond Felton', 'Nate Robinson']",False
Solomon Hill,John Wall,"['Martell Webster', 'Nene Hilario', 'John Wall']",False,"['Caron Butler', 'Kevin Seraphin', 'Martell Webster', 'Nene Hilario', 'John Wall']",False,"['DeShawn Stevenson', 'Trevor Ariza', 'Caron Butler', 'Kevin Seraphin', 'Martell Webster', 'Nene Hilario', 'John Wall']",False,"['Nick Young', 'Marcin Gortat', 'Antawn Jamison', 'DeShawn Stevenson', 'Trevor Ariza', 'Caron Butler', 'Kevin Seraphin', 'Martell Webster', 'Nene Hilario', 'John Wall']",False
Luc Mbah a Moute,Brandon Roy,"['Andre Miller', 'Damian Lillard', 'Brandon Roy']",False,"['Joel Przybilla', 'LaMarcus Aldridge', 'Andre Miller', 'Damian Lillard', 'Brandon Roy']",False,"['Jarrett Jack', 'Nicolas Batum', 'Joel Przybilla', 'LaMarcus Aldridge', 'Andre Miller', 'Damian Lillard', 'Brandon Roy']",False,"['Channing Frye', 'CJ McCollum', 'Gerald Wallace', 'Jarrett Jack', 'Nicolas Batum', 'Joel Przybilla', 'LaMarcus Aldridge', 'Andre Miller', 'Damian Lillard', 'Brandon Roy']",False
Wesley Johnson,Jrue Holiday,"['Andre Iguodala', 'Andre Miller', 'Jrue Holiday']",False,"['Elton Brand', 'Lou Williams', 'Andre Iguodala', 'Andre Miller', 'Jrue Holiday']",False,"['Thaddeus Young', 'Evan Turner', 'Elton Brand', 'Lou Williams', 'Andre Iguodala', 'Andre Miller', 'Jrue Holiday']",False,"['Jason Smith', 'Marreese Speights', 'Brandon Davies', 'Thaddeus Young', 'Evan Turner', 'Elton Brand', 'Lou Williams', 'Andre Iguodala', 'Andre Miller', 'Jrue Holiday']",False
Bradley Beal,Mike Conley,"['Rudy Gay', 'Marc Gasol', 'Mike Conley']",False,"['O.J. Mayo', 'Kosta Koufos', 'Rudy Gay', 'Marc Gasol', 'Mike Conley']",False,"['Mike Miller', 'Zach Randolph', 'O.J. Mayo', 'Kosta Koufos', 'Rudy Gay', 'Marc Gasol', 'Mike Conley']",False,"['Quincy Pondexter', 'Tony Allen', 'Hakim Warrick', 'Mike Miller', 'Zach Randolph', 'O.J. Mayo', 'Kosta Koufos', 'Rudy Gay', 'Marc Gasol', 'Mike Conley']",False
Tristan Thompson,Paul George,"['Mike Dunleavy', 'Roy Hibbert', 'Paul George']",False,"['Luis Scola', 'Lance Stephenson', 'Mike Dunleavy', 'Roy Hibbert', 'Paul George']",False,"['Danny Granger', 'T.J. Ford', 'Luis Scola', 'Lance Stephenson', 'Mike Dunleavy', 'Roy Hibbert', 'Paul George']",False,"['Tyler Hansbrough', 'Ian Mahinmi', 'Jeff Foster', 'Danny Granger', 'T.J. Ford', 'Luis Scola', 'Lance Stephenson', 'Mike Dunleavy', 'Roy Hibbert', 'Paul George']",False
Nene Hilario,DeAndre Jordan,"['Jamal Crawford', 'J.J. Redick', 'DeAndre Jordan']",False,"['Matt Barnes', 'Chris Paul', 'Jamal Crawford', 'J.J. Redick', 'DeAndre Jordan']",False,"['Jordan Farmar', 'Blake Griffin', 'Matt Barnes', 'Chris Paul', 'Jamal Crawford', 'J.J. Redick', 'DeAndre Jordan']",False,"['Caron Butler', 'Lamar Odom', 'Eric Bledsoe', 'Jordan Farmar', 'Blake Griffin', 'Matt Barnes', 'Chris Paul', 'Jamal Crawford', 'J.J. Redick', 'DeAndre Jordan']",False
Dwyane Wade,DeAndre Jordan,"['Tim Thomas', 'Matt Barnes', 'DeAndre Jordan']",False,"['Ryan Gomes', 'Rasual Butler', 'Tim Thomas', 'Matt Barnes', 'DeAndre Jordan']",False,"['Chris Paul', 'Jamal Crawford', 'Ryan Gomes', 'Rasual Butler', 'Tim Thomas', 'Matt Barnes', 'DeAndre Jordan']",False,"['Blake Griffin', 'Eric Gordon', 'Randy Foye', 'Chris Paul', 'Jamal Crawford', 'Ryan Gomes', 'Rasual Butler', 'Tim Thomas', 'Matt Barnes', 'DeAndre Jordan']",False
Spencer Hawes,LeBron James,"['Dwyane Wade', 'Mario Chalmers', 'LeBron James']",False,"['Norris Cole', 'Joel Anthony', 'Dwyane Wade', 'Mario Chalmers', 'LeBron James']",False,"['Udonis Haslem', 'James Posey', 'Norris Cole', 'Joel Anthony', 'Dwyane Wade', 'Mario Chalmers', 'LeBron James']",False,"['Jason Williams', 'Michael Beasley', 'James Jones', 'Udonis Haslem', 'James Posey', 'Norris Cole', 'Joel Anthony', 'Dwyane Wade', 'Mario Chalmers', 'LeBron James']",False
James Harden,John Wall,"['Andray Blatche', 'Bradley Beal', 'John Wall']",False,"['Garrett Temple', 'Antawn Jamison', 'Andray Blatche', 'Bradley Beal', 'John Wall']",False,"['Emeka Okafor', 'Caron Butler', 'Garrett Temple', 'Antawn Jamison', 'Andray Blatche', 'Bradley Beal', 'John Wall']",False,"['Kevin Seraphin', 'Chris Singleton', 'A.J. Price', 'Emeka Okafor', 'Caron Butler', 'Garrett Temple', 'Antawn Jamison', 'Andray Blatche', 'Bradley Beal', 'John Wall']",False
Damian Lillard,Zydrunas Ilgauskas,"['Tristan Thompson', 'LeBron James', 'Zydrunas Ilgauskas']",False,"['Tyler Zeller', 'Mo Williams', 'Tristan Thompson', 'LeBron James', 'Zydrunas Ilgauskas']",False,"['Anderson Varejao', 'Sasha Pavlovic', 'Tyler Zeller', 'Mo Williams', 'Tristan Thompson', 'LeBron James', 'Zydrunas Ilgauskas']",False,"['Daniel Gibson', 'Kyrie Irving', 'Wally Szczerbiak', 'Anderson Varejao', 'Sasha Pavlovic', 'Tyler Zeller', 'Mo Williams', 'Tristan Thompson', 'LeBron James', 'Zydrunas Ilgauskas']",False
Gerald Henderson,Trevor Ariza,"['Nene Hilario', 'Martell Webster', 'Trevor Ariza']",False,"['Nick Young', 'Trevor Booker', 'Nene Hilario', 'Martell Webster', 'Trevor Ariza']",False,"['Paul Pierce', 'Marcin Gortat', 'Nick Young', 'Trevor Booker', 'Nene Hilario', 'Martell Webster', 'Trevor Ariza']",False,"['Otto Porter', 'Roger Mason', 'Bradley Beal', 'Paul Pierce', 'Marcin Gortat', 'Nick Young', 'Trevor Booker', 'Nene Hilario', 'Martell Webster', 'Trevor Ariza']",False
Nikola Vucevic,Chris Bosh,"['Chris Andersen', 'Dwyane Wade', 'Chris Bosh']",False,"['Joel Anthony', 'LeBron James', 'Chris Andersen', 'Dwyane Wade', 'Chris Bosh']",False,"['Daequan Cook', 'Mario Chalmers', 'Joel Anthony', 'LeBron James', 'Chris Andersen', 'Dwyane Wade', 'Chris Bosh']",False,"['Chris Quinn', 'Dorell Wright', 'Carlos Arroyo', 'Daequan Cook', 'Mario Chalmers', 'Joel Anthony', 'LeBron James', 'Chris Andersen', 'Dwyane Wade', 'Chris Bosh']",False
Pau Gasol,Kemba Walker,"['Raymond Felton', 'Michael Kidd-Gilchrist', 'Kemba Walker']",False,"['Marvin Williams', 'P.J. Hairston', 'Raymond Felton', 'Michael Kidd-Gilchrist', 'Kemba Walker']",False,"['Lance Stephenson', 'Gerald Henderson', 'Marvin Williams', 'P.J. Hairston', 'Raymond Felton', 'Michael Kidd-Gilchrist', 'Kemba Walker']",False,"['Ramon Sessions', 'Zaza Pachulia', 'Stephen Jackson', 'Lance Stephenson', 'Gerald Henderson', 'Marvin Williams', 'P.J. Hairston', 'Raymond Felton', 'Michael Kidd-Gilchrist', 'Kemba Walker']",False
Pau Gasol,James Harden,"['Luis Scola', 'Dwight Howard', 'James Harden']",False,"['Chandler Parsons', 'Shane Battier', 'Luis Scola', 'Dwight Howard', 'James Harden']",False,"['Chuck Hayes', 'Kyle Lowry', 'Chandler Parsons', 'Shane Battier', 'Luis Scola', 'Dwight Howard', 'James Harden']",False,"['Aaron Brooks', 'Rafer Alston', 'Jeremy Lin', 'Chuck Hayes', 'Kyle Lowry', 'Chandler Parsons', 'Shane Battier', 'Luis Scola', 'Dwight Howard', 'James Harden']",False
Dwyane Wade,LaMarcus Aldridge,"['Meyers Leonard', 'Nicolas Batum', 'LaMarcus Aldridge']",False,"['Marcus Camby', 'Damian Lillard', 'Meyers Leonard', 'Nicolas Batum', 'LaMarcus Aldridge']",False,"['Jamaal Magloire', 'Steve Blake', 'Marcus Camby', 'Damian Lillard', 'Meyers Leonard', 'Nicolas Batum', 'LaMarcus Aldridge']",False,"['Rudy Fernandez', 'Wesley Matthews', 'Martell Webster', 'Jamaal Magloire', 'Steve Blake', 'Marcus Camby', 'Damian Lillard', 'Meyers Leonard', 'Nicolas Batum', 'LaMarcus Aldridge']",False
Kevin Love,Nicolas Batum,"['Steve Blake', 'LaMarcus Aldridge', 'Nicolas Batum']",False,"['Travis Outlaw', 'Rudy Fernandez', 'Steve Blake', 'LaMarcus Aldridge', 'Nicolas Batum']",False,"['Martell Webster', 'Wesley Matthews', 'Travis Outlaw', 'Rudy Fernandez', 'Steve Blake', 'LaMarcus Aldridge', 'Nicolas Batum']",False,"['Joel Przybilla', 'Robin Lopez', 'Sergio Rodriguez', 'Martell Webster', 'Wesley Matthews', 'Travis Outlaw', 'Rudy Fernandez', 'Steve Blake', 'LaMarcus Aldridge', 'Nicolas Batum']",False
Monta Ellis,Jameer Nelson,"['J.J. Redick', 'Nikola Vucevic', 'Jameer Nelson']",False,"['Dwight Howard', 'Hedo Turkoglu', 'J.J. Redick', 'Nikola Vucevic', 'Jameer Nelson']",False,"['Maurice Harkless', 'Tobias Harris', 'Dwight Howard', 'Hedo Turkoglu', 'J.J. Redick', 'Nikola Vucevic', 'Jameer Nelson']",False,"['Keith Bogans', 'Keyon Dooling', 'Rashard Lewis', 'Maurice Harkless', 'Tobias Harris', 'Dwight Howard', 'Hedo Turkoglu', 'J.J. Redick', 'Nikola Vucevic', 'Jameer Nelson']",False
Donald Sloan,Kirk Hinrich,"['Nate Robinson', 'Luol Deng', 'Kirk Hinrich']",False,"['Taj Gibson', 'Joakim Noah', 'Nate Robinson', 'Luol Deng', 'Kirk Hinrich']",False,"['Ronnie Brewer', 'Mike Dunleavy', 'Taj Gibson', 'Joakim Noah', 'Nate Robinson', 'Luol Deng', 'Kirk Hinrich']",False,"['Nazr Mohammed', 'Chris Duhon', 'Derrick Rose', 'Ronnie Brewer', 'Mike Dunleavy', 'Taj Gibson', 'Joakim Noah', 'Nate Robinson', 'Luol Deng', 'Kirk Hinrich']",False
Jonas Valanciunas,Luol Deng,"['Joakim Noah', 'Kirk Hinrich', 'Luol Deng']",False,"['Taj Gibson', 'Mike Dunleavy', 'Joakim Noah', 'Kirk Hinrich', 'Luol Deng']",False,"['Derrick Rose', 'Pau Gasol', 'Taj Gibson', 'Mike Dunleavy', 'Joakim Noah', 'Kirk Hinrich', 'Luol Deng']",False,"['Omer Asik', 'Jimmy Butler', 'Nate Robinson', 'Derrick Rose', 'Pau Gasol', 'Taj Gibson', 'Mike Dunleavy', 'Joakim Noah', 'Kirk Hinrich', 'Luol Deng']",False
Devin Harris,Dwyane Wade,"['Joel Anthony', 'LeBron James', 'Dwyane Wade']",False,"['Chris Bosh', 'Mario Chalmers', 'Joel Anthony', 'LeBron James', 'Dwyane Wade']",False,"['Mike Miller', 'James Jones', 'Chris Bosh', 'Mario Chalmers', 'Joel Anthony', 'LeBron James', 'Dwyane Wade']",False,"['Norris Cole', 'Daequan Cook', 'Dorell Wright', 'Mike Miller', 'James Jones', 'Chris Bosh', 'Mario Chalmers', 'Joel Anthony', 'LeBron James', 'Dwyane Wade']",False
Ish Smith,Paul Pierce,"['Jeff Green', 'Rajon Rondo', 'Paul Pierce']",False,"['James Posey', 'Kevin Garnett', 'Jeff Green', 'Rajon Rondo', 'Paul Pierce']",False,"['Kendrick Perkins', 'Jared Sullinger', 'James Posey', 'Kevin Garnett', 'Jeff Green', 'Rajon Rondo', 'Paul Pierce']",False,"['Evan Turner', 'Kelly Olynyk', 'Ray Allen', 'Kendrick Perkins', 'Jared Sullinger', 'James Posey', 'Kevin Garnett', 'Jeff Green', 'Rajon Rondo', 'Paul Pierce']",False
Wayne Ellington,LeBron James,"['Daniel Gibson', 'Kyrie Irving', 'LeBron James']",False,"['Mo Williams', 'Anderson Varejao', 'Daniel Gibson', 'Kyrie Irving', 'LeBron James']",False,"['Larry Hughes', 'Delonte West', 'Mo Williams', 'Anderson Varejao', 'Daniel Gibson', 'Kyrie Irving', 'LeBron James']",False,"['Sasha Pavlovic', 'Kevin Love', 'Drew Gooden', 'Larry Hughes', 'Delonte West', 'Mo Williams', 'Anderson Varejao', 'Daniel Gibson', 'Kyrie Irving', 'LeBron James']",False
